{"type":"FeatureCollection","features":[{"type":"Feature","geometry":{"type":"Polygon","coordinates":[[[-84.30274,32.9997],[-84.30275,33.00415],[-84.29867,33.00414],[-84.29867,32.99967],[-84.29299,32.99969],[-84.29247,32.99856],[-84.29253,32.99703],[-84.2923,32.99601],[-84.29097,32.9946],[-84.29089,32.99393],[-84.29042,32.99348],[-84.29054,32.99275],[-84.29023,32.99185],[-84.28985,32.99159],[-84.2894,32.99154],[-84.2891,32.99133],[-84.27014,32.99101],[-84.26979,33.00005],[-84.26917,33.03144],[-84.25906,33.03152],[-84.25885,33.03968],[-84.24992,33.03974],[-84.24866,33.03933],[-84.24843,33.05856],[-84.24855,33.06346],[-84.24819,33.06381],[-84.24813,33.07549],[-84.24838,33.0756],[-84.2484,33.08186],[-84.24798,33.11419],[-84.24804,33.13298],[-84.24788,33.13536],[-84.24766,33.15104],[-84.24814,33.16929],[-84.24819,33.18902],[-84.2275,33.18891],[-84.2257,33.18592],[-84.22441,33.18427],[-84.22398,33.18336],[-84.22386,33.18228],[-84.22428,33.17939],[-84.15369,33.17902],[-84.12877,33.17867],[-84.12491,33.17881],[-84.12398,33.17862],[-84.12377,33.20282],[-84.01738,33.20258],[-83.97683,33.20232],[-83.96266,33.20208],[-83.93405,33.20199],[-83.91189,33.20167],[-83.90539,33.20167],[-83.87701,33.20239],[-83.87423,33.2023],[-83.87125,33.20193],[-83.86811,33.20193],[-83.86732,33.20166],[-83.86691,33.20136],[-83.86632,33.2004],[-83.86574,33.20022],[-83.86362,33.20049],[-83.86213,33.2004],[-83.86108,33.20074],[-83.85938,33.20058],[-83.85834,33.19946],[-83.85613,33.19836],[-83.85598,33.19802],[-83.85603,33.19727],[-83.85586,33.19708],[-83.85507,33.1972],[-83.8536,33.19665],[-83.85335,33.1964],[-83.85275,33.19491],[-83.85253,33.19484],[-83.85216,33.19479],[-83.85099,33.19524],[-83.84978,33.19521],[-83.84889,33.1959],[-83.84788,33.19592],[-83.84721,33.19639],[-83.84643,33.19653],[-83.84603,33.19717],[-83.84448,33.19666],[-83.84287,33.19687],[-83.84249,33.19672],[-83.84186,33.19627],[-83.84113,33.19606],[-83.84,33.19515],[-83.83982,33.194],[-83.83996,33.19368],[-83.84028,33.19345],[-83.84006,33.19263],[-83.83936,33.19185],[-83.83878,33.19153],[-83.83868,33.19089],[-83.83816,33.19064],[-83.83699,33.18963],[-83.83665,33.1898],[-83.83552,33.18968],[-83.83519,33.18903],[-83.83543,33.18817],[-83.83508,33.18677],[-83.83481,33.18649],[-83.83407,33.18628],[-83.83312,33.18559],[-83.8326,33.18465],[-83.83222,33.18435],[-83.82983,33.18421],[-83.8295,33.18403],[-83.82855,33.1829],[-83.82765,33.18295],[-83.82721,33.18276],[-83.82706,33.18239],[-83.82755,33.18217],[-83.82744,33.18201],[-83.82612,33.18173],[-83.82462,33.18177],[-83.82407,33.18162],[-83.82301,33.18108],[-83.82226,33.18024],[-83.82408,33.1776],[-83.8246,33.1762],[-83.82459,33.17564],[-83.8238,33.17264],[-83.82371,33.17104],[-83.82419,33.16853],[-83.82449,33.16568],[-83.82431,33.16229],[-83.82381,33.15998],[-83.82293,33.15786],[-83.8213,33.15594],[-83.81686,33.15192],[-83.81397,33.14825],[-83.81401,33.14732],[-83.81462,33.14675],[-83.81557,33.14632],[-83.81632,33.14572],[-83.81688,33.14479],[-83.81707,33.14393],[-83.81724,33.1411],[-83.81647,33.1385],[-83.81637,33.13643],[-83.81573,33.13359],[-83.81581,33.13255],[-83.81605,33.13182],[-83.75206,33.14169],[-83.62439,33.16108],[-83.54588,33.17194],[-83.54326,33.25007],[-83.54216,33.27881],[-83.53995,33.31225],[-83.53935,33.35331],[-83.53673,33.37413],[-83.53781,33.3938],[-83.53499,33.42027],[-83.53394,33.42756],[-83.53374,33.43447],[-83.51442,33.43822],[-83.49937,33.44157],[-83.48526,33.44409],[-83.45978,33.44953],[-83.40382,33.46099],[-83.37491,33.46617],[-83.37446,33.4664],[-83.36259,33.4684],[-83.33278,33.47397],[-83.27993,33.48344],[-83.28034,33.48574],[-83.28014,33.48753],[-83.27942,33.4892],[-83.27759,33.49113],[-83.27705,33.4926],[-83.27679,33.49402],[-83.27714,33.49534],[-83.28,33.50011],[-83.282,33.5019],[-83.2831,33.50337],[-83.28397,33.50641],[-83.28399,33.50821],[-83.28347,33.51061],[-83.28137,33.51392],[-83.28054,33.51549],[-83.2801,33.5169],[-83.28047,33.51944],[-83.28098,33.52102],[-83.28096,33.52183],[-83.28061,33.52277],[-83.27761,33.52763],[-83.27673,33.52854],[-83.27062,33.53096],[-83.26953,33.53182],[-83.26925,33.53243],[-83.26921,33.53323],[-83.26975,33.5347],[-83.2707,33.53649],[-83.27381,33.54079],[-83.27458,33.54162],[-83.27557,33.54238],[-83.27668,33.54286],[-83.27835,33.54455],[-83.28047,33.54294],[-83.28377,33.54293],[-83.28565,33.54254],[-83.28659,33.54267],[-83.28866,33.54392],[-83.28992,33.54548],[-83.2912,33.54658],[-83.29256,33.54892],[-83.2951,33.55229],[-83.29909,33.55373],[-83.30181,33.55564],[-83.30234,33.55565],[-83.30331,33.55497],[-83.30361,33.55501],[-83.30431,33.55733],[-83.30363,33.55927],[-83.30295,33.56016],[-83.30322,33.56311],[-83.30361,33.56318],[-83.30507,33.56258],[-83.30579,33.56245],[-83.30606,33.5626],[-83.30662,33.56347],[-83.30757,33.56444],[-83.30834,33.56457],[-83.30942,33.56418],[-83.30983,33.56365],[-83.31001,33.56313],[-83.31057,33.56294],[-83.31118,33.56316],[-83.31229,33.56416],[-83.31241,33.56447],[-83.31195,33.56511],[-83.31196,33.56546],[-83.31224,33.56583],[-83.31315,33.56619],[-83.31336,33.56641],[-83.3131,33.56744],[-83.31327,33.56765],[-83.31437,33.56828],[-83.31481,33.56912],[-83.31571,33.56936],[-83.31623,33.5701],[-83.31708,33.57018],[-83.31743,33.57037],[-83.31743,33.5709],[-83.31704,33.57143],[-83.31681,33.57212],[-83.31691,33.57295],[-83.31721,33.5734],[-83.31799,33.57387],[-83.31963,33.57397],[-83.32036,33.57431],[-83.32068,33.57488],[-83.32096,33.57662],[-83.3223,33.5783],[-83.32273,33.57941],[-83.32317,33.57994],[-83.32394,33.58023],[-83.32623,33.57989],[-83.32623,33.58076],[-83.32693,33.58131],[-83.3271,33.58173],[-83.32692,33.58243],[-83.32619,33.58353],[-83.32626,33.58415],[-83.32837,33.58418],[-83.32985,33.58326],[-83.33079,33.58327],[-83.33137,33.58379],[-83.33276,33.58576],[-83.33622,33.58839],[-83.33714,33.58985],[-83.33759,33.59099],[-83.33752,33.5923],[-83.3372,33.59373],[-83.33726,33.59426],[-83.33805,33.59457],[-83.33903,33.59445],[-83.3392,33.59458],[-83.33901,33.59582],[-83.33788,33.597],[-83.33784,33.59735],[-83.33987,33.5973],[-83.34026,33.59715],[-83.34111,33.59635],[-83.34255,33.59599],[-83.34422,33.59614],[-83.34731,33.59712],[-83.34838,33.59703],[-83.34893,33.59736],[-83.34887,33.59815],[-83.3472,33.59939],[-83.34694,33.59979],[-83.34687,33.6005],[-83.34823,33.60413],[-83.34842,33.60519],[-83.34835,33.60645],[-83.34776,33.60846],[-83.34831,33.60947],[-83.34853,33.61046],[-83.34948,33.61206],[-83.34972,33.61425],[-83.3512,33.61599],[-83.35183,33.61704],[-83.35403,33.61767],[-83.35445,33.61795],[-83.35509,33.61904],[-83.35431,33.61986],[-83.35443,33.62008],[-83.35587,33.62039],[-83.35674,33.6199],[-83.35762,33.61998],[-83.3588,33.6211],[-83.35954,33.62233],[-83.3595,33.62325],[-83.35997,33.62361],[-83.36006,33.62396],[-83.35954,33.62499],[-83.35978,33.62568],[-83.35948,33.62644],[-83.35968,33.62779],[-83.36051,33.62888],[-83.36131,33.62934],[-83.36131,33.62977],[-83.36094,33.63048],[-83.36127,33.63149],[-83.36192,33.63242],[-83.3628,33.63276],[-83.36369,33.63337],[-83.36411,33.63406],[-83.36409,33.63489],[-83.36438,33.63547],[-83.36417,33.63577],[-83.36312,33.63609],[-83.36304,33.63808],[-83.36238,33.63977],[-83.36282,33.64014],[-83.36377,33.64037],[-83.36441,33.64033],[-83.3654,33.63991],[-83.36573,33.64008],[-83.36516,33.6424],[-83.36527,33.6433],[-83.36512,33.64436],[-83.36606,33.64476],[-83.36771,33.64598],[-83.36836,33.64658],[-83.36881,33.64727],[-83.36897,33.6477],[-83.36882,33.64802],[-83.36736,33.64815],[-83.36732,33.64845],[-83.36752,33.64886],[-83.36928,33.64999],[-83.37029,33.65026],[-83.37055,33.65052],[-83.37054,33.65161],[-83.3689,33.6525],[-83.36917,33.65372],[-83.36983,33.65453],[-83.36992,33.65496],[-83.37057,33.65529],[-83.37032,33.65567],[-83.37074,33.65604],[-83.3718,33.65649],[-83.37244,33.65659],[-83.37308,33.65654],[-83.37402,33.65619],[-83.37453,33.65629],[-83.37527,33.65738],[-83.37552,33.65915],[-83.37582,33.65982],[-83.3777,33.66076],[-83.37802,33.66078],[-83.3787,33.6603],[-83.37949,33.66052],[-83.38098,33.66233],[-83.38158,33.66346],[-83.38249,33.66421],[-83.38279,33.66525],[-83.38403,33.66624],[-83.38394,33.66666],[-83.3829,33.66769],[-83.3831,33.66839],[-83.38281,33.66934],[-83.38296,33.67015],[-83.38646,33.67236],[-83.38707,33.6729],[-83.38728,33.67339],[-83.38711,33.67427],[-83.38725,33.6748],[-83.3877,33.67528],[-83.38851,33.67562],[-83.38867,33.67585],[-83.38834,33.67731],[-83.38865,33.67892],[-83.38994,33.67957],[-83.39076,33.68092],[-83.39175,33.68123],[-83.3925,33.6821],[-83.39346,33.68241],[-83.39412,33.68341],[-83.39501,33.68369],[-83.39537,33.68518],[-83.3964,33.68659],[-83.39635,33.6871],[-83.39559,33.68773],[-83.39553,33.68897],[-83.39488,33.68979],[-83.39491,33.69051],[-83.39551,33.69087],[-83.39632,33.69107],[-83.39877,33.69091],[-83.39987,33.69118],[-83.40017,33.69156],[-83.40027,33.69205],[-83.39963,33.69326],[-83.40015,33.69519],[-83.4008,33.69622],[-83.40121,33.69652],[-83.40182,33.69669],[-83.40434,33.69652],[-83.40492,33.69673],[-83.40616,33.69828],[-83.40847,33.7],[-83.40896,33.7016],[-83.41166,33.70358],[-83.41206,33.70367],[-83.41239,33.7033],[-83.41267,33.70325],[-83.4139,33.70425],[-83.41549,33.70436],[-83.41591,33.70497],[-83.41628,33.70515],[-83.41678,33.70502],[-83.41738,33.70434],[-83.41805,33.70442],[-83.4185,33.70542],[-83.41922,33.70602],[-83.41888,33.7072],[-83.41923,33.70877],[-83.41946,33.70919],[-83.41988,33.70959],[-83.42162,33.7106],[-83.42268,33.7117],[-83.42416,33.71274],[-83.42429,33.71353],[-83.42352,33.71478],[-83.42401,33.7154],[-83.42562,33.7161],[-83.42813,33.71621],[-83.42876,33.71609],[-83.42961,33.71543],[-83.43121,33.71549],[-83.4321,33.71599],[-83.4333,33.71721],[-83.43411,33.71883],[-83.43456,33.71922],[-83.43699,33.71957],[-83.43992,33.71917],[-83.44054,33.71953],[-83.44183,33.72082],[-83.44337,33.72198],[-83.44403,33.72232],[-83.44498,33.7224],[-83.44532,33.7226],[-83.44546,33.72324],[-83.44524,33.72412],[-83.44549,33.725],[-83.44512,33.7263],[-83.44551,33.72789],[-83.44642,33.7295],[-83.44672,33.73037],[-83.44691,33.73145],[-83.44688,33.73311],[-83.44766,33.73368],[-83.449,33.73406],[-83.44972,33.73401],[-83.45036,33.73478],[-83.4519,33.73846],[-83.45148,33.74019],[-83.45156,33.74144],[-83.45185,33.74181],[-83.45248,33.7419],[-83.45278,33.74215],[-83.45272,33.74267],[-83.45162,33.74324],[-83.45124,33.74366],[-83.4512,33.74402],[-83.4515,33.74482],[-83.45093,33.74561],[-83.45052,33.7468],[-83.45057,33.74734],[-83.45077,33.74765],[-83.4513,33.74783],[-83.45207,33.74737],[-83.45227,33.74741],[-83.45362,33.74883],[-83.45361,33.75054],[-83.45472,33.7544],[-83.45498,33.75618],[-83.45556,33.75733],[-83.45552,33.7576],[-83.45475,33.75834],[-83.45473,33.7586],[-83.4558,33.75953],[-83.45609,33.76093],[-83.45831,33.76321],[-83.45884,33.76444],[-83.45952,33.7655],[-83.45945,33.76618],[-83.45897,33.76711],[-83.45821,33.76804],[-83.45816,33.76848],[-83.46023,33.77023],[-83.46081,33.77151],[-83.46147,33.77238],[-83.46153,33.77368],[-83.46171,33.774],[-83.46229,33.77422],[-83.46338,33.77411],[-83.46501,33.77456],[-83.46585,33.77599],[-83.46726,33.77683],[-83.46829,33.77814],[-83.46978,33.77924],[-83.47064,33.78018],[-83.47077,33.78085],[-83.47049,33.78328],[-83.47076,33.78443],[-83.4714,33.78521],[-83.47271,33.78571],[-83.47385,33.78653],[-83.47429,33.78707],[-83.47428,33.78779],[-83.47319,33.7891],[-83.47317,33.78937],[-83.4734,33.78977],[-83.47498,33.79076],[-83.47791,33.79149],[-83.47855,33.79219],[-83.47855,33.7931],[-83.47791,33.79467],[-83.47778,33.79603],[-83.47725,33.7963],[-83.47623,33.79595],[-83.47582,33.79608],[-83.47555,33.79656],[-83.47523,33.79823],[-83.47532,33.79849],[-83.47614,33.79877],[-83.47698,33.79863],[-83.47875,33.79761],[-83.47977,33.79668],[-83.4808,33.79681],[-83.48147,33.79712],[-83.48235,33.79818],[-83.48292,33.79943],[-83.48296,33.79996],[-83.48174,33.80147],[-83.48128,33.80162],[-83.4799,33.8016],[-83.47952,33.80218],[-83.47968,33.8025],[-83.48004,33.80267],[-83.48076,33.8027],[-83.4827,33.80243],[-83.48328,33.80257],[-83.48346,33.8028],[-83.48354,33.80342],[-83.48311,33.80523],[-83.48318,33.80558],[-83.4846,33.80636],[-83.48564,33.80726],[-83.48612,33.80711],[-83.48679,33.80592],[-83.48698,33.80513],[-83.48764,33.8047],[-83.48902,33.80452],[-83.48956,33.8046],[-83.48997,33.80489],[-83.49071,33.80596],[-83.49107,33.80614],[-83.49146,33.80604],[-83.49213,33.80522],[-83.49262,33.8052],[-83.49304,33.806],[-83.4925,33.80707],[-83.49259,33.80751],[-83.49352,33.80852],[-83.49372,33.80938],[-83.4958,33.81049],[-83.49616,33.81253],[-83.49664,33.81313],[-83.49867,33.81438],[-83.49925,33.81456],[-83.50078,33.81422],[-83.5012,33.81323],[-83.50174,33.81348],[-83.50207,33.81414],[-83.50211,33.81495],[-83.50192,33.81546],[-83.50126,33.81612],[-83.50103,33.81662],[-83.50137,33.81694],[-83.50287,33.81735],[-83.50364,33.81662],[-83.50394,33.81653],[-83.50601,33.8178],[-83.507,33.81794],[-83.50876,33.81779],[-83.5096,33.8176],[-83.50986,33.81738],[-83.51002,33.81702],[-83.51005,33.81555],[-83.5106,33.81538],[-83.51253,33.81667],[-83.51472,33.81725],[-83.51589,33.81778],[-83.51646,33.81762],[-83.51691,33.81656],[-83.51742,33.81651],[-83.5188,33.81816],[-83.5197,33.8188],[-83.52013,33.81967],[-83.52039,33.81967],[-83.52068,33.81944],[-83.52116,33.81832],[-83.52168,33.81819],[-83.52347,33.81918],[-83.52438,33.81993],[-83.52634,33.82039],[-83.52754,33.8205],[-83.52921,33.82119],[-83.53237,33.82116],[-83.53317,33.82092],[-83.53348,33.82102],[-83.53384,33.82152],[-83.53347,33.82226],[-83.53283,33.82279],[-83.53151,33.82307],[-83.53115,33.82336],[-83.53112,33.82381],[-83.53138,33.82427],[-83.53275,33.82558],[-83.53624,33.82764],[-83.53722,33.82797],[-83.54161,33.83089],[-83.5428,33.83131],[-83.54297,33.8315],[-83.54311,33.83253],[-83.5434,33.83277],[-83.54522,33.83343],[-83.54705,33.83364],[-83.54818,33.8345],[-83.54949,33.83588],[-83.55109,33.83648],[-83.55252,33.83803],[-83.55338,33.83873],[-83.55536,33.83905],[-83.55681,33.83999],[-83.56178,33.84248],[-83.56262,33.84418],[-83.56393,33.84472],[-83.56522,33.84626],[-83.56587,33.8468],[-83.56702,33.84705],[-83.56964,33.847],[-83.57141,33.84652],[-83.57261,33.84721],[-83.57326,33.84741],[-83.57365,33.84852],[-83.57433,33.84873],[-83.57465,33.849],[-83.57477,33.85096],[-83.57414,33.85239],[-83.57414,33.85277],[-83.57418,33.85315],[-83.57472,33.85421],[-83.57745,33.85714],[-83.57937,33.85887],[-83.58009,33.85937],[-83.58115,33.85959],[-83.58158,33.85991],[-83.58227,33.86102],[-83.58249,33.86235],[-83.58276,33.86285],[-83.58373,33.86332],[-83.58462,33.86428],[-83.58506,33.86449],[-83.58553,33.86439],[-83.58641,33.8635],[-83.58686,33.86336],[-83.58737,33.86353],[-83.58773,33.86447],[-83.58817,33.86451],[-83.58843,33.86418],[-83.58855,33.86223],[-83.58903,33.86193],[-83.58979,33.86234],[-83.59062,33.86336],[-83.59061,33.86368],[-83.59007,33.8647],[-83.58919,33.86549],[-83.58837,33.86661],[-83.58733,33.86764],[-83.58735,33.8718],[-83.58705,33.87275],[-83.58706,33.87354],[-83.58614,33.87494],[-83.58619,33.87697],[-83.58534,33.87756],[-83.58495,33.87828],[-83.58443,33.87814],[-83.58411,33.87828],[-83.58404,33.87872],[-83.58439,33.87975],[-83.5843,33.8801],[-83.58351,33.88053],[-83.5832,33.88084],[-83.58305,33.88132],[-83.58246,33.88159],[-83.58231,33.88185],[-83.58237,33.88233],[-83.58345,33.88315],[-83.58376,33.88385],[-83.58401,33.88388],[-83.58495,33.88341],[-83.58646,33.88328],[-83.59054,33.88147],[-83.59372,33.8813],[-83.5945,33.8813],[-83.59512,33.88162],[-83.5958,33.88259],[-83.59628,33.88284],[-83.59719,33.88276],[-83.59841,33.8824],[-83.6,33.88146],[-83.60119,33.88164],[-83.6021,33.88207],[-83.60229,33.88261],[-83.60204,33.88342],[-83.60265,33.88365],[-83.60352,33.8831],[-83.60408,33.882],[-83.60445,33.8817],[-83.60628,33.88163],[-83.60891,33.88114],[-83.61148,33.88134],[-83.61205,33.88165],[-83.61258,33.88161],[-83.61308,33.88231],[-83.61456,33.88277],[-83.61523,33.88332],[-83.6158,33.88298],[-83.61621,33.88297],[-83.61721,33.88327],[-83.61752,33.88354],[-83.61797,33.88355],[-83.61844,33.88384],[-83.61858,33.88443],[-83.61903,33.88491],[-83.61923,33.88552],[-83.6199,33.88547],[-83.6209,33.88501],[-83.62176,33.88498],[-83.62211,33.88469],[-83.62295,33.8852],[-83.62333,33.8852],[-83.6237,33.88541],[-83.62427,33.8851],[-83.62479,33.88561],[-83.6255,33.88564],[-83.62602,33.88532],[-83.62608,33.88499],[-83.62643,33.88493],[-83.62864,33.88583],[-83.62977,33.88657],[-83.63057,33.8868],[-83.63057,33.8883],[-83.63114,33.88968],[-83.63098,33.8901],[-83.63117,33.89038],[-83.63101,33.89083],[-83.63154,33.89098],[-83.63171,33.89125],[-83.63151,33.89155],[-83.63049,33.89219],[-83.63085,33.89381],[-83.63092,33.89519],[-83.63155,33.8962],[-83.63127,33.89704],[-83.63135,33.89749],[-83.63188,33.89854],[-83.63241,33.89901],[-83.63264,33.89965],[-83.63341,33.89994],[-83.63338,33.90105],[-83.63448,33.90165],[-83.63503,33.90171],[-83.63534,33.90209],[-83.63584,33.90317],[-83.63587,33.90363],[-83.63567,33.90421],[-83.6358,33.90459],[-83.63623,33.9048],[-83.63664,33.90428],[-83.63699,33.9042],[-83.63725,33.90432],[-83.63728,33.90493],[-83.63763,33.90545],[-83.63769,33.90619],[-83.63885,33.90831],[-83.63934,33.90845],[-83.64011,33.9083],[-83.64236,33.90701],[-83.64425,33.90694],[-83.64441,33.90657],[-83.6442,33.90633],[-83.64243,33.90613],[-83.64207,33.90582],[-83.64219,33.90545],[-83.64307,33.90489],[-83.64435,33.90471],[-83.64477,33.9048],[-83.64535,33.90515],[-83.64564,33.90563],[-83.64601,33.90588],[-83.64703,33.9062],[-83.58792,33.93866],[-83.5369,33.96618],[-83.54979,33.99768],[-83.55004,33.9989],[-83.56328,34.03186],[-83.56444,34.03233],[-83.56516,34.03237],[-83.56725,34.03195],[-83.56871,34.03102],[-83.56944,34.03097],[-83.57081,34.03122],[-83.5713,34.03161],[-83.57145,34.03253],[-83.57272,34.0353],[-83.57371,34.0366],[-83.57384,34.03738],[-83.57333,34.03858],[-83.57356,34.03919],[-83.57573,34.03979],[-83.57804,34.03951],[-83.57951,34.03965],[-83.58416,34.04106],[-83.58443,34.04091],[-83.58444,34.04066],[-83.58362,34.0394],[-83.58416,34.03853],[-83.58449,34.0386],[-83.58467,34.03898],[-83.58532,34.0388],[-83.58566,34.03907],[-83.58648,34.03915],[-83.58709,34.03822],[-83.58753,34.03802],[-83.58851,34.03821],[-83.58909,34.03816],[-83.59058,34.03719],[-83.5914,34.03716],[-83.59183,34.03735],[-83.59308,34.03695],[-83.5942,34.03705],[-83.59526,34.03648],[-83.59608,34.03647],[-83.59659,34.03675],[-83.5971,34.03644],[-83.59737,34.03644],[-83.59783,34.03664],[-83.59848,34.03731],[-83.59872,34.03738],[-83.59906,34.03686],[-83.59955,34.03658],[-83.59938,34.03613],[-83.59964,34.03577],[-83.60054,34.0353],[-83.60082,34.03553],[-83.60092,34.03596],[-83.6016,34.03591],[-83.60213,34.0363],[-83.60291,34.03655],[-83.60317,34.03772],[-83.60422,34.03795],[-83.60506,34.03881],[-83.60584,34.03856],[-83.60715,34.03911],[-83.60735,34.03906],[-83.60746,34.03848],[-83.60851,34.03822],[-83.60974,34.03828],[-83.61015,34.03851],[-83.61031,34.03906],[-83.60939,34.03938],[-83.60963,34.03958],[-83.61053,34.03975],[-83.61114,34.04067],[-83.61156,34.04096],[-83.61175,34.04197],[-83.61115,34.04222],[-83.61104,34.04245],[-83.6115,34.04334],[-83.61155,34.04434],[-83.61194,34.04447],[-83.61321,34.04431],[-83.61471,34.04471],[-83.61543,34.04524],[-83.61557,34.0457],[-83.61532,34.04623],[-83.61493,34.04601],[-83.61472,34.04615],[-83.61446,34.04665],[-83.61446,34.04704],[-83.61533,34.04722],[-83.61614,34.04708],[-83.61687,34.04754],[-83.61729,34.04738],[-83.61798,34.04654],[-83.61845,34.04703],[-83.61877,34.04713],[-83.62068,34.04631],[-83.62111,34.04633],[-83.62174,34.04684],[-83.62246,34.0466],[-83.62319,34.04658],[-83.62321,34.04578],[-83.62429,34.04557],[-83.62511,34.04514],[-83.62676,34.04535],[-83.62702,34.04564],[-83.62701,34.04584],[-83.62727,34.04599],[-83.6279,34.04545],[-83.62934,34.04527],[-83.62973,34.04481],[-83.63021,34.04459],[-83.63081,34.04615],[-83.63265,34.04613],[-83.63341,34.04582],[-83.63445,34.04626],[-83.6351,34.04627],[-83.63567,34.04582],[-83.636,34.04591],[-83.63726,34.04708],[-83.63733,34.04769],[-83.63756,34.04786],[-83.63814,34.04797],[-83.63876,34.04835],[-83.63952,34.04833],[-83.64257,34.04878],[-83.64378,34.04928],[-83.64397,34.04953],[-83.64414,34.04991],[-83.64353,34.05059],[-83.64366,34.0508],[-83.64499,34.05088],[-83.64593,34.05068],[-83.64664,34.04998],[-83.64699,34.04688],[-83.64796,34.0459],[-83.64876,34.0459],[-83.64963,34.04639],[-83.65062,34.04626],[-83.65219,34.04649],[-83.65484,34.04733],[-83.6557,34.0482],[-83.65648,34.05004],[-83.65654,34.05279],[-83.65685,34.05325],[-83.65727,34.05338],[-83.65804,34.05329],[-83.65913,34.05269],[-83.66013,34.05237],[-83.66309,34.05238],[-83.66401,34.05157],[-83.66367,34.05067],[-83.66381,34.04991],[-83.66325,34.04934],[-83.66312,34.0489],[-83.66349,34.04871],[-83.6651,34.04877],[-83.66592,34.04811],[-83.66761,34.04798],[-83.66931,34.04841],[-83.66985,34.04918],[-83.67003,34.04999],[-83.67084,34.05019],[-83.67168,34.05065],[-83.67149,34.05064],[-83.67168,34.05106],[-83.67224,34.05148],[-83.67221,34.05225],[-83.67245,34.05264],[-83.67345,34.05304],[-83.67371,34.05251],[-83.67423,34.0525],[-83.67472,34.0533],[-83.67559,34.05375],[-83.67591,34.05376],[-83.67619,34.05359],[-83.67693,34.05249],[-83.67872,34.05247],[-83.6796,34.05156],[-83.67874,34.05017],[-83.67866,34.04968],[-83.67926,34.04765],[-83.67946,34.04741],[-83.67991,34.0473],[-83.68166,34.04754],[-83.68366,34.04729],[-83.6851,34.04692],[-83.6858,34.04725],[-83.6863,34.04778],[-83.68656,34.04818],[-83.6867,34.04886],[-83.68656,34.0494],[-83.68587,34.05053],[-83.6857,34.05242],[-83.68542,34.05311],[-83.68551,34.05344],[-83.68652,34.05376],[-83.68807,34.05367],[-83.68974,34.05285],[-83.69004,34.05212],[-83.69058,34.0518],[-83.69137,34.05162],[-83.69215,34.05169],[-83.69313,34.05222],[-83.69408,34.0531],[-83.69369,34.05473],[-83.6942,34.05589],[-83.69459,34.05626],[-83.69556,34.05628],[-83.6958,34.05617],[-83.69599,34.05579],[-83.69652,34.05373],[-83.69736,34.05328],[-83.69793,34.05267],[-83.69835,34.05262],[-83.69894,34.05296],[-83.69964,34.05412],[-83.70013,34.05399],[-83.70054,34.05432],[-83.70087,34.05432],[-83.70126,34.05363],[-83.70202,34.05291],[-83.70211,34.05148],[-83.7026,34.05043],[-83.70241,34.04949],[-83.70247,34.04871],[-83.70394,34.04739],[-83.70409,34.04665],[-83.7043,34.04636],[-83.70475,34.04621],[-83.70785,34.04613],[-83.70829,34.04597],[-83.70907,34.04515],[-83.70938,34.04516],[-83.71164,34.04613],[-83.71308,34.04914],[-83.71436,34.04989],[-83.71427,34.05067],[-83.71397,34.05139],[-83.71378,34.0517],[-83.71287,34.05233],[-83.71229,34.05402],[-83.71235,34.05464],[-83.71313,34.0562],[-83.7139,34.05638],[-83.71576,34.05595],[-83.71756,34.05461],[-83.71784,34.05385],[-83.7184,34.05354],[-83.71876,34.05355],[-83.71968,34.05444],[-83.71992,34.0549],[-83.7205,34.05505],[-83.7208,34.0554],[-83.72038,34.05657],[-83.72093,34.057],[-83.72096,34.05801],[-83.72029,34.05881],[-83.72035,34.05957],[-83.72059,34.06012],[-83.7211,34.06014],[-83.72133,34.0604],[-83.72159,34.06263],[-83.72305,34.06343],[-83.72377,34.06342],[-83.72419,34.06321],[-83.72793,34.0607],[-83.73032,34.06015],[-83.7318,34.06012],[-83.73234,34.06028],[-83.73287,34.06091],[-83.73341,34.06214],[-83.73434,34.06364],[-83.73385,34.06564],[-83.73331,34.06666],[-83.7336,34.0673],[-83.73579,34.06711],[-83.73646,34.0669],[-83.73721,34.0664],[-83.73772,34.06639],[-83.73856,34.06667],[-83.73891,34.06697],[-83.73982,34.06829],[-83.74033,34.06938],[-83.74103,34.06954],[-83.74212,34.06945],[-83.74309,34.06893],[-83.74343,34.06803],[-83.74321,34.06712],[-83.7421,34.06591],[-83.74211,34.06548],[-83.74233,34.06524],[-83.74327,34.06507],[-83.74411,34.06528],[-83.74529,34.06529],[-83.74703,34.06494],[-83.74845,34.06492],[-83.75158,34.06417],[-83.75458,34.06511],[-83.75582,34.06517],[-83.75698,34.06602],[-83.75924,34.06657],[-83.76174,34.06661],[-83.76283,34.06616],[-83.76331,34.06487],[-83.76384,34.06468],[-83.76753,34.06645],[-83.76857,34.06813],[-83.76904,34.06923],[-83.76952,34.07261],[-83.76988,34.07323],[-83.77094,34.07366],[-83.77299,34.07365],[-83.77344,34.07383],[-83.77384,34.07424],[-83.77635,34.07817],[-83.77798,34.07982],[-83.78124,34.08162],[-83.78625,34.08397],[-83.78919,34.08602],[-83.79051,34.08663],[-83.79103,34.08719],[-83.79135,34.08784],[-83.7914,34.08881],[-83.79003,34.09268],[-83.78994,34.09373],[-83.79094,34.09681],[-83.79119,34.09813],[-83.79227,34.10035],[-83.79287,34.10084],[-83.79454,34.1016],[-83.79674,34.10226],[-83.79879,34.10255],[-83.79986,34.10285],[-83.80372,34.1062],[-83.80416,34.10675],[-83.80576,34.10769],[-83.80594,34.10821],[-83.80563,34.10939],[-83.80585,34.10982],[-83.80648,34.10999],[-83.80735,34.10938],[-83.80778,34.1094],[-83.80958,34.11058],[-83.8101,34.11175],[-83.81077,34.11239],[-83.81176,34.11285],[-83.81477,34.11341],[-83.81517,34.1137],[-83.81524,34.11416],[-83.81502,34.11436],[-83.81247,34.11498],[-83.81111,34.11552],[-83.8108,34.11597],[-83.8111,34.11646],[-83.81273,34.11705],[-83.81307,34.11745],[-83.81307,34.11845],[-83.81213,34.12004],[-83.81232,34.12079],[-83.81339,34.12134],[-83.8145,34.12151],[-83.81555,34.12145],[-83.81653,34.12253],[-83.81656,34.12402],[-83.81572,34.12598],[-83.816,34.12688],[-83.81668,34.12737],[-83.81768,34.12749],[-83.81815,34.12735],[-83.81912,34.12654],[-83.82025,34.12655],[-83.84247,34.11316],[-83.86784,34.09865],[-83.87458,34.10072],[-83.88997,34.10636],[-83.89058,34.10657],[-83.89064,34.10648],[-83.89123,34.10681],[-83.89843,34.10946],[-83.90758,34.11257],[-83.92818,34.12041],[-83.94059,34.12472],[-83.95518,34.13025],[-83.96857,34.13488],[-83.97398,34.13709],[-83.97828,34.13798],[-83.98984,34.14269],[-84.01038,34.15006],[-84.02315,34.1544],[-84.04959,34.16473],[-84.05401,34.16618],[-84.06219,34.16854],[-84.06079,34.17228],[-84.06067,34.17365],[-84.05949,34.17551],[-84.05899,34.17686],[-84.05867,34.17867],[-84.05906,34.18011],[-84.05915,34.1811],[-84.05891,34.18198],[-84.05786,34.18314],[-84.05539,34.18452],[-84.05415,34.1855],[-84.05225,34.18848],[-84.05067,34.19007],[-84.04871,34.19122],[-84.04691,34.1916],[-84.04134,34.19362],[-84.03902,34.19426],[-84.02992,34.19533],[-84.02585,34.19515],[-84.02307,34.19478],[-84.01561,34.19179],[-84.01326,34.1911],[-84.01146,34.19102],[-84.00919,34.19147],[-84.00685,34.19233],[-84.00615,34.19275],[-84.00515,34.19369],[-84.00389,34.19544],[-84.00274,34.19582],[-84.00123,34.19587],[-84.00006,34.19553],[-83.99851,34.19467],[-83.99621,34.19385],[-83.99439,34.19373],[-83.99302,34.19394],[-83.99152,34.19442],[-83.98991,34.19513],[-83.98906,34.19573],[-83.98555,34.1993],[-83.98484,34.20022],[-83.98399,34.20219],[-83.9824,34.2044],[-83.98124,34.20831],[-83.98002,34.21121],[-83.97915,34.21273],[-83.97835,34.2136],[-83.97798,34.21389],[-83.97725,34.21401],[-83.97267,34.21409],[-83.96793,34.2152],[-83.96698,34.21574],[-83.96633,34.21664],[-83.96562,34.21854],[-83.9646,34.21998],[-83.96446,34.22071],[-83.96457,34.22155],[-83.9656,34.22221],[-83.96876,34.22205],[-83.97025,34.22274],[-83.97162,34.22445],[-83.97235,34.22598],[-83.97232,34.22714],[-83.97181,34.22813],[-83.97119,34.22862],[-83.96837,34.23],[-83.96263,34.23193],[-83.96104,34.23265],[-83.9591,34.2344],[-83.95782,34.23531],[-83.95443,34.23748],[-83.95049,34.23929],[-83.94987,34.23978],[-83.94936,34.24051],[-83.94897,34.24213],[-83.94897,34.24384],[-83.95008,34.24786],[-83.95113,34.25011],[-83.952,34.25065],[-83.95311,34.25175],[-83.95342,34.25236],[-83.95359,34.25323],[-83.95336,34.2556],[-83.9528,34.2573],[-83.95082,34.26084],[-83.95048,34.26188],[-83.95054,34.26246],[-83.95086,34.26312],[-83.95365,34.26616],[-83.95402,34.26686],[-83.95412,34.26751],[-83.95399,34.26792],[-83.95332,34.26904],[-83.95149,34.27038],[-83.94669,34.27253],[-83.9426,34.27476],[-83.94116,34.27524],[-83.93722,34.27591],[-83.93579,34.27655],[-83.93361,34.27788],[-83.93217,34.27849],[-83.92898,34.27888],[-83.92757,34.27922],[-83.92701,34.27974],[-83.92667,34.28038],[-83.92603,34.28279],[-83.92557,34.28527],[-83.92557,34.28637],[-83.92638,34.28751],[-83.92765,34.28858],[-83.92831,34.28979],[-83.93089,34.29105],[-83.93138,34.2911],[-83.93181,34.29073],[-83.93215,34.28982],[-83.93145,34.28836],[-83.93112,34.28633],[-83.93137,34.28562],[-83.93223,34.28499],[-83.93262,34.28493],[-83.93342,34.28527],[-83.93415,34.28605],[-83.93459,34.28696],[-83.93475,34.28775],[-83.93475,34.29063],[-83.9349,34.29161],[-83.93622,34.29393],[-83.93629,34.2947],[-83.93575,34.29537],[-83.93457,34.296],[-83.93329,34.29636],[-83.9317,34.29641],[-83.93131,34.297],[-83.93136,34.2978],[-83.93151,34.29805],[-83.93202,34.2984],[-83.93394,34.29899],[-83.93645,34.29942],[-83.93802,34.29935],[-83.93957,34.29877],[-83.94012,34.29823],[-83.9403,34.29747],[-83.94004,34.29578],[-83.93956,34.29423],[-83.93966,34.29274],[-83.93996,34.29214],[-83.941,34.29179],[-83.9417,34.29208],[-83.94348,34.29472],[-83.94593,34.29672],[-83.94686,34.29779],[-83.94675,34.29845],[-83.94604,34.29922],[-83.94499,34.3],[-83.9428,34.30119],[-83.94262,34.30202],[-83.94443,34.3058],[-83.94508,34.3068],[-83.94688,34.30902],[-83.95263,34.31538],[-83.95319,34.31634],[-83.95335,34.31763],[-83.95268,34.31952],[-83.95142,34.32219],[-83.95066,34.32305],[-83.94932,34.32352],[-83.94647,34.32379],[-83.94576,34.32422],[-83.94563,34.32479],[-83.94639,34.32575],[-83.94659,34.32668],[-83.94644,34.32726],[-83.94547,34.32873],[-83.94557,34.3294],[-83.94631,34.32992],[-83.94755,34.33033],[-83.95281,34.33101],[-83.95408,34.33177],[-83.95569,34.33242],[-83.95644,34.33293],[-83.9583,34.3365],[-83.95887,34.33718],[-83.96003,34.34025],[-83.96017,34.34271],[-83.96071,34.34312],[-83.96128,34.34324],[-83.96258,34.34267],[-83.96473,34.34083],[-83.96544,34.33994],[-83.96627,34.33949],[-83.96685,34.33963],[-83.96717,34.34031],[-83.96757,34.34075],[-83.96788,34.34254],[-83.96825,34.34369],[-83.97191,34.34766],[-83.97264,34.34897],[-83.97299,34.35011],[-83.97527,34.35327],[-83.97594,34.35491],[-83.97624,34.35658],[-83.97689,34.35702],[-83.9796,34.35715],[-83.98056,34.35737],[-83.98143,34.35783],[-83.98162,34.35876],[-83.98146,34.35954],[-83.97706,34.36189],[-83.97618,34.36284],[-83.97613,34.36306],[-83.97598,34.36391],[-83.97632,34.36466],[-83.97934,34.36814],[-83.98086,34.36874],[-83.98098,34.3692],[-83.98086,34.3696],[-83.98001,34.37062],[-83.97942,34.37164],[-83.97918,34.37298],[-83.97971,34.37363],[-83.98037,34.37411],[-83.98038,34.37509],[-83.9802,34.37587],[-83.97961,34.37713],[-83.97722,34.37924],[-83.97723,34.37948],[-83.97743,34.37978],[-83.97937,34.38067],[-83.98212,34.38146],[-83.98317,34.38197],[-83.98433,34.38296],[-83.98437,34.38363],[-83.98361,34.38612],[-83.98234,34.38786],[-83.98106,34.38917],[-83.97853,34.39076],[-83.97807,34.3919],[-83.97823,34.39275],[-83.97817,34.39453],[-83.97734,34.39657],[-83.97647,34.39795],[-83.97521,34.39855],[-83.97277,34.399],[-83.97231,34.39967],[-83.97152,34.40178],[-83.97155,34.40252],[-83.97184,34.40511],[-83.972,34.4055],[-83.9726,34.40604],[-83.97476,34.40655],[-83.975,34.40682],[-83.97565,34.40865],[-83.977,34.40963],[-83.97719,34.41013],[-83.9784,34.41122],[-83.97925,34.41153],[-83.98026,34.41164],[-83.9818,34.41131],[-83.9836,34.41068],[-83.98437,34.41075],[-83.98482,34.4116],[-83.98471,34.41282],[-83.98429,34.41385],[-83.98392,34.41432],[-83.98328,34.41704],[-83.98251,34.41781],[-83.98202,34.41811],[-83.98015,34.41849],[-83.97852,34.41906],[-83.9769,34.41868],[-83.97593,34.41874],[-83.97316,34.42083],[-83.97089,34.42281],[-83.97068,34.42402],[-83.97119,34.4251],[-83.97143,34.42618],[-83.97298,34.42888],[-83.97373,34.43109],[-83.97515,34.43272],[-83.97037,34.4329],[-83.96973,34.43324],[-83.96833,34.43333],[-83.96632,34.43388],[-83.96512,34.4351],[-83.96347,34.43617],[-83.96199,34.43601],[-83.96149,34.43612],[-83.95702,34.43791],[-83.95645,34.43729],[-83.93131,34.45121],[-83.92068,34.45113],[-83.92066,34.46011],[-83.9319,34.46053],[-83.93189,34.46934],[-83.90984,34.46919],[-83.91007,34.46128],[-83.90995,34.4598],[-83.88763,34.45994],[-83.8876,34.46879],[-83.8779,34.47552],[-83.87491,34.47724],[-83.8739,34.47732],[-83.84331,34.49702],[-83.84342,34.50409],[-83.84313,34.51536],[-83.83757,34.51534],[-83.83928,34.5186],[-83.83892,34.5192],[-83.83754,34.51953],[-83.83785,34.52131],[-83.83666,34.52242],[-83.8365,34.52333],[-83.83629,34.52353],[-83.83286,34.52352],[-83.83283,34.53231],[-83.84379,34.5324],[-83.84375,34.54143],[-83.85371,34.54146],[-83.85368,34.55069],[-83.86445,34.55059],[-83.86412,34.5847],[-83.86449,34.6005],[-83.86681,34.60275],[-83.86445,34.60446],[-83.86446,34.61558],[-83.8728,34.61563],[-83.87269,34.61896],[-83.87416,34.61901],[-83.87475,34.61918],[-83.87564,34.61977],[-83.87615,34.62052],[-83.87613,34.62084],[-83.87551,34.62159],[-83.87491,34.62279],[-83.87481,34.62219],[-83.87441,34.62239],[-83.87401,34.62349],[-83.87421,34.62419],[-83.87481,34.62489],[-83.87491,34.62523],[-83.87581,34.62537],[-83.87613,34.62622],[-83.87701,34.62729],[-83.87742,34.62866],[-83.87728,34.6296],[-83.87701,34.6298],[-83.87491,34.63018],[-83.87371,34.63079],[-83.87371,34.63149],[-83.87441,34.63299],[-83.87446,34.63427],[-83.87545,34.63567],[-83.8756,34.6367],[-83.87388,34.63783],[-83.87372,34.6382],[-83.87255,34.6387],[-83.87216,34.63914],[-83.87121,34.63961],[-83.8711,34.63987],[-83.87176,34.64055],[-83.87181,34.64219],[-83.87199,34.64238],[-83.87446,34.6424],[-83.87509,34.64255],[-83.87537,34.64276],[-83.87554,34.64331],[-83.87529,34.64402],[-83.87432,34.64423],[-83.87394,34.64448],[-83.8743,34.64704],[-83.87423,34.64758],[-83.87386,34.64892],[-83.87297,34.65043],[-83.87259,34.65141],[-83.87225,34.65392],[-83.87248,34.65461],[-83.87172,34.65662],[-83.87184,34.65749],[-83.87205,34.65785],[-83.8726,34.6581],[-83.87301,34.65858],[-83.8741,34.659],[-83.87491,34.65899],[-83.87491,34.65944],[-83.87619,34.66008],[-83.87641,34.6604],[-83.87622,34.66169],[-83.87581,34.6625],[-83.87501,34.6631],[-83.87458,34.66401],[-83.87403,34.66439],[-83.87261,34.6649],[-83.8712,34.6649],[-83.8709,34.66879],[-83.87141,34.66959],[-83.87401,34.67219],[-83.87471,34.67319],[-83.87461,34.67459],[-83.87371,34.67579],[-83.87351,34.67639],[-83.87364,34.67908],[-83.87316,34.68109],[-83.87251,34.68209],[-83.87241,34.68259],[-83.87251,34.68309],[-83.87221,34.68329],[-83.87161,34.68329],[-83.87061,34.68359],[-83.86871,34.68569],[-83.86771,34.68639],[-83.86701,34.68669],[-83.86611,34.68679],[-83.86511,34.68669],[-83.86371,34.68779],[-83.86361,34.68859],[-83.86481,34.69069],[-83.86341,34.69179],[-83.86311,34.69219],[-83.86291,34.69259],[-83.86281,34.69439],[-83.86201,34.69519],[-83.86071,34.69599],[-83.86041,34.69659],[-83.86041,34.69699],[-83.86231,34.70019],[-83.86241,34.70069],[-83.85841,34.70439],[-83.85811,34.70489],[-83.85851,34.70609],[-83.85991,34.70739],[-83.86001,34.70769],[-83.85921,34.71029],[-83.85921,34.71139],[-83.85961,34.71239],[-83.85951,34.71359],[-83.85911,34.71429],[-83.85911,34.71589],[-83.85871,34.71669],[-83.8573,34.71815],[-83.85655,34.71959],[-83.85644,34.7206],[-83.85654,34.7217],[-83.85638,34.72192],[-83.85651,34.72219],[-83.85681,34.72219],[-83.85749,34.72295],[-83.85861,34.72359],[-83.85931,34.72369],[-83.86011,34.72339],[-83.86091,34.72339],[-83.86231,34.72379],[-83.86271,34.72539],[-83.86301,34.72599],[-83.86361,34.72629],[-83.86516,34.72633],[-83.86671,34.72609],[-83.86801,34.72689],[-83.86979,34.72739],[-83.87481,34.72499],[-83.87491,34.72519],[-83.87743,34.7233],[-83.87931,34.72379],[-83.88091,34.72529],[-83.88174,34.72575],[-83.88401,34.72619],[-83.88461,34.72659],[-83.88581,34.72679],[-83.88701,34.72649],[-83.88854,34.72567],[-83.88936,34.7256],[-83.89121,34.72589],[-83.89311,34.72579],[-83.89341,34.72589],[-83.89411,34.72629],[-83.89511,34.72719],[-83.89601,34.72919],[-83.89661,34.73009],[-83.89751,34.73059],[-83.8985,34.73083],[-83.89971,34.73199],[-83.90011,34.73219],[-83.90241,34.73239],[-83.90431,34.73129],[-83.90583,34.73128],[-83.90631,34.73139],[-83.90881,34.73319],[-83.90941,34.73419],[-83.91011,34.73449],[-83.91311,34.73399],[-83.91551,34.73429],[-83.91824,34.73489],[-83.91919,34.73449],[-83.9202,34.73462],[-83.92129,34.73451],[-83.92119,34.73424],[-83.92075,34.73394],[-83.92066,34.73355],[-83.92022,34.73322],[-83.91903,34.73125],[-83.91843,34.73063],[-83.91847,34.72982],[-83.91794,34.72951],[-83.91792,34.72901],[-83.9169,34.72769],[-83.91657,34.72702],[-83.9643,34.7271],[-83.96495,34.72632],[-83.96621,34.72409],[-83.96691,34.72349],[-83.96871,34.72329],[-83.97161,34.72329],[-83.97211,34.72279],[-83.97231,34.72219],[-83.97271,34.72079],[-83.97291,34.71919],[-83.97571,34.71839],[-83.97661,34.71749],[-83.97721,34.71649],[-83.97961,34.71649],[-83.98261,34.71589],[-83.98286,34.71552],[-83.98488,34.71395],[-83.9861,34.71199],[-83.98761,34.70858],[-83.98827,34.70796],[-83.98946,34.70757],[-83.98953,34.7071],[-83.98769,34.70572],[-83.98711,34.70478],[-83.98695,34.70332],[-83.987,34.70308],[-83.9876,34.70242],[-83.98759,34.70221],[-83.98641,34.70019],[-83.98911,34.69869],[-83.99061,34.69759],[-83.99211,34.69589],[-83.99181,34.69549],[-83.99101,34.69499],[-83.99051,34.69429],[-83.99208,34.69191],[-83.99221,34.69098],[-83.99209,34.68905],[-83.99385,34.68746],[-83.99484,34.68603],[-83.99531,34.68499],[-83.9951,34.68439],[-83.99554,34.68379],[-83.99561,34.68209],[-83.99471,34.67919],[-83.99441,34.67879],[-83.99441,34.67849],[-83.9947,34.67821],[-83.99689,34.67767],[-83.99799,34.67783],[-84.00094,34.67769],[-84.00376,34.67583],[-84.00562,34.67497],[-84.00723,34.67387],[-84.00882,34.67325],[-84.00951,34.67317],[-84.01122,34.67332],[-84.01308,34.67306],[-84.01581,34.67305],[-84.01657,34.67237],[-84.01764,34.67079],[-84.01845,34.67017],[-84.02216,34.67049],[-84.02386,34.67085],[-84.02461,34.6702],[-84.02714,34.66695],[-84.02708,34.66608],[-84.02632,34.66468],[-84.02618,34.66381],[-84.02629,34.66335],[-84.02653,34.66304],[-84.02823,34.66198],[-84.02919,34.66098],[-84.02902,34.65913],[-84.0283,34.65747],[-84.02831,34.65686],[-84.02929,34.65469],[-84.03028,34.65326],[-84.03044,34.65258],[-84.03082,34.65223],[-84.03164,34.6522],[-84.03259,34.65194],[-84.03311,34.65202],[-84.03434,34.65263],[-84.03634,34.65276],[-84.03852,34.65173],[-84.03861,34.65137],[-84.03747,34.65022],[-84.03719,34.64943],[-84.03703,34.64824],[-84.03724,34.6457],[-84.03708,34.64507],[-84.03629,34.64374],[-84.03628,34.64209],[-84.03651,34.64193],[-84.03957,34.64169],[-84.04149,34.64229],[-84.04238,34.64233],[-84.04394,34.64193],[-84.04526,34.64091],[-84.04545,34.64055],[-84.04706,34.64087],[-84.04823,34.64088],[-84.04905,34.64111],[-84.04942,34.6415],[-84.04934,34.64299],[-84.04943,34.6432],[-84.04999,34.6435],[-84.05143,34.64388],[-84.05238,34.64376],[-84.05364,34.64322],[-84.05496,34.64289],[-84.05549,34.64297],[-84.05651,34.64351],[-84.05711,34.64414],[-84.05784,34.64536],[-84.0608,34.6472],[-84.06196,34.64824],[-84.06263,34.64914],[-84.06324,34.64925],[-84.06765,34.648],[-84.06772,34.6482],[-84.06747,34.64889],[-84.06654,34.64992],[-84.0662,34.65055],[-84.06628,34.65105],[-84.06665,34.65147],[-84.06811,34.65172],[-84.06871,34.65198],[-84.0689,34.6524],[-84.06981,34.65324],[-84.06992,34.65373],[-84.07065,34.65498],[-84.07085,34.65654],[-84.07155,34.65701],[-84.07417,34.65656],[-84.07707,34.65711],[-84.07787,34.65715],[-84.07945,34.65684],[-84.07993,34.65667],[-84.08024,34.65596],[-84.0799,34.65394],[-84.08006,34.65371],[-84.08082,34.65344],[-84.08474,34.65288],[-84.08666,34.65298],[-84.08743,34.65258],[-84.08812,34.65142],[-84.08849,34.65127],[-84.08911,34.65146],[-84.09115,34.65298],[-84.09247,34.65318],[-84.09341,34.653],[-84.09435,34.65308],[-84.09624,34.65373],[-84.0991,34.65322],[-84.10024,34.65386],[-84.10471,34.655],[-84.10538,34.65572],[-84.10647,34.65626],[-84.10943,34.6561],[-84.11414,34.65791],[-84.1173,34.65838],[-84.11787,34.65886],[-84.1183,34.66024],[-84.1189,34.66092],[-84.12159,34.66206],[-84.12395,34.66329],[-84.12491,34.66442],[-84.12796,34.66418],[-84.12823,34.66393],[-84.12942,34.66377],[-84.1319,34.66225],[-84.13326,34.66163],[-84.13482,34.6613],[-84.13639,34.6613],[-84.13737,34.66077],[-84.13811,34.65983],[-84.13789,34.65949],[-84.13758,34.65765],[-84.13659,34.65633],[-84.13645,34.65558],[-84.13668,34.65502],[-84.13754,34.65401],[-84.138,34.65287],[-84.14103,34.65047],[-84.14205,34.64931],[-84.14434,34.64794],[-84.14512,34.64766],[-84.14584,34.64684],[-84.14741,34.64632],[-84.14899,34.64685],[-84.15057,34.65059],[-84.15181,34.65127],[-84.15312,34.651],[-84.15423,34.64996],[-84.15448,34.64845],[-84.15478,34.64877],[-84.15525,34.64891],[-84.15612,34.6488],[-84.15757,34.64816],[-84.15804,34.64824],[-84.17036,34.62924],[-84.18856,34.60269],[-84.18988,34.60473],[-84.18995,34.60659],[-84.18962,34.60734],[-84.18903,34.60811],[-84.18933,34.60886],[-84.19006,34.6093],[-84.19138,34.6105],[-84.19188,34.61181],[-84.19354,34.61341],[-84.19442,34.61467],[-84.19478,34.61555],[-84.19595,34.61651],[-84.19643,34.61715],[-84.19675,34.61792],[-84.19729,34.61729],[-84.19887,34.61616],[-84.19939,34.61538],[-84.1999,34.61501],[-84.20354,34.61356],[-84.20444,34.61334],[-84.20636,34.61382],[-84.2079,34.61367],[-84.2088,34.61341],[-84.2095,34.61296],[-84.21114,34.61105],[-84.2141,34.61006],[-84.21435,34.60972],[-84.21494,34.60768],[-84.21548,34.60693],[-84.21565,34.6059],[-84.21609,34.60497],[-84.21667,34.60453],[-84.2182,34.60388],[-84.21824,34.60275],[-84.21874,34.60051],[-84.22059,34.60025],[-84.22225,34.60026],[-84.22355,34.59965],[-84.22388,34.59938],[-84.22391,34.59699],[-84.25468,34.5975],[-84.25511,34.56833],[-84.25782,34.56918],[-84.259,34.56914],[-84.25952,34.56892],[-84.26133,34.5694],[-84.2625,34.57008],[-84.26361,34.5704],[-84.26533,34.5706],[-84.26661,34.56988],[-84.2674,34.57049],[-84.27024,34.57045],[-84.27108,34.57061],[-84.27178,34.5709],[-84.2729,34.57189],[-84.27359,34.57192],[-84.2752,34.57279],[-84.27548,34.57305],[-84.27576,34.57375],[-84.27728,34.57303],[-84.27906,34.5726],[-84.27904,34.5723],[-84.27847,34.57164],[-84.27835,34.57097],[-84.27851,34.57008],[-84.27888,34.56961],[-84.28059,34.56928],[-84.28139,34.56927],[-84.28242,34.56961],[-84.28372,34.56955],[-84.28495,34.56929],[-84.28592,34.5694],[-84.28838,34.56871],[-84.29218,34.56901],[-84.29308,34.56925],[-84.29464,34.56997],[-84.29515,34.57066],[-84.29558,34.57219],[-84.29707,34.57443],[-84.29745,34.57533],[-84.29881,34.57598],[-84.30172,34.57824],[-84.30232,34.57834],[-84.30329,34.57772],[-84.30374,34.57772],[-84.30421,34.57817],[-84.3038,34.57916],[-84.30414,34.58013],[-84.30449,34.58034],[-84.30617,34.58062],[-84.30707,34.5814],[-84.30765,34.58132],[-84.3083,34.58056],[-84.3102,34.57954],[-84.31123,34.57769],[-84.31146,34.57759],[-84.31324,34.57771],[-84.31419,34.57822],[-84.31657,34.57895],[-84.31802,34.57881],[-84.31802,34.57936],[-84.31867,34.5805],[-84.32029,34.58223],[-84.3213,34.5824],[-84.32303,34.58241],[-84.32432,34.58308],[-84.32514,34.5832],[-84.32639,34.58363],[-84.32871,34.58362],[-84.3295,34.58265],[-84.32959,34.58204],[-84.33046,34.58196],[-84.33135,34.58142],[-84.33279,34.5799],[-84.33356,34.57982],[-84.33511,34.58015],[-84.33575,34.57938],[-84.33658,34.57922],[-84.33663,34.57836],[-84.3368,34.57801],[-84.33675,34.57748],[-84.336,34.57623],[-84.33377,34.57484],[-84.33325,34.57387],[-84.33225,34.5734],[-84.3315,34.57253],[-84.33211,34.57265],[-84.3324,34.57255],[-84.33255,34.57192],[-84.33292,34.57149],[-84.33323,34.5714],[-84.33662,34.57187],[-84.33744,34.5717],[-84.33758,34.57152],[-84.33749,34.57005],[-84.33763,34.56986],[-84.33929,34.56945],[-84.34081,34.56962],[-84.34107,34.569],[-84.34175,34.56846],[-84.34208,34.56759],[-84.34232,34.56739],[-84.34278,34.56734],[-84.34389,34.56758],[-84.34612,34.56682],[-84.34649,34.5663],[-84.3465,34.56571],[-84.34595,34.5645],[-84.346,34.56373],[-84.34555,34.56274],[-84.3537,34.5626],[-84.3715,34.56291],[-84.37135,34.5485],[-84.38035,34.5489],[-84.42456,34.54933],[-84.4244,34.55741],[-84.42871,34.55749],[-84.429,34.55367],[-84.43243,34.54944],[-84.43856,34.54933],[-84.46786,34.54997],[-84.46783,34.55809],[-84.4681,34.56308],[-84.46799,34.56349],[-84.4858,34.56327],[-84.4856,34.5624],[-84.48566,34.55671],[-84.47653,34.55665],[-84.47673,34.55013],[-84.50281,34.55048],[-84.50261,34.56368],[-84.51152,34.56365],[-84.51163,34.55955],[-84.51142,34.55834],[-84.51169,34.55675],[-84.52052,34.55667],[-84.52064,34.55096],[-84.52139,34.55046],[-84.57372,34.55073],[-84.57385,34.54946],[-84.59362,34.5494],[-84.61039,34.54955],[-84.62493,34.5492],[-84.65406,34.54895],[-84.65427,34.54174],[-84.65415,34.48796],[-84.65329,34.4632],[-84.64453,34.46299],[-84.64443,34.45579],[-84.65373,34.45579],[-84.65323,34.41259],[-84.72611,34.41305],[-84.73388,34.41297],[-84.73412,34.39649],[-84.83706,34.39772],[-84.85081,34.39696],[-84.85887,34.39668],[-84.86274,34.3966],[-84.87494,34.39678],[-84.89628,34.3963],[-84.89619,34.3986],[-84.92938,34.39868],[-84.94722,34.39889],[-84.94734,34.39154],[-84.95573,34.39182],[-84.9539,34.38419],[-84.97044,34.38438],[-84.97974,34.38465],[-84.98005,34.38477],[-84.98879,34.38458],[-84.99018,34.38921],[-84.99088,34.39247],[-85.00578,34.39251],[-85.00566,34.37211],[-85.00524,34.34708],[-85.0231,34.34711],[-85.02334,34.32599],[-85.02303,34.31802],[-85.0233,34.31693],[-85.02329,34.29177],[-85.02344,34.28941],[-85.02365,34.26588],[-85.02386,34.26417],[-85.02389,34.25829],[-85.01553,34.25821],[-85.01561,34.25113],[-85.02395,34.2512],[-85.0241,34.24636],[-85.02381,34.21339],[-85.02632,34.21325],[-85.04466,34.21362],[-85.04527,34.18759],[-85.04526,34.16617],[-85.04629,34.1251],[-85.04705,34.08288],[-84.99992,34.08295],[-84.93909,34.08255],[-84.93894,34.0825],[-84.93904,34.0784],[-84.93004,34.0782],[-84.92994,34.0826],[-84.92274,34.0825],[-84.92654,34.07582],[-84.92685,34.07482],[-84.92874,34.0717],[-84.97868,33.95139],[-85.04983,33.95263],[-85.05031,33.90449],[-85.08557,33.90499],[-85.11965,33.90519],[-85.21277,33.9063],[-85.21279,33.89921],[-85.38658,33.90172],[-85.38142,33.8751],[-85.37743,33.85605],[-85.36182,33.77395],[-85.36179,33.77319],[-85.3603,33.76687],[-85.3574,33.7501],[-85.35253,33.72613],[-85.33272,33.6251],[-85.33228,33.62354],[-85.31918,33.55713],[-85.31881,33.55603],[-85.31853,33.55384],[-85.31498,33.53582],[-85.314,33.52979],[-85.30839,33.5026],[-85.30662,33.49293],[-85.30444,33.48288],[-85.29647,33.44048],[-85.29232,33.42068],[-85.27859,33.34988],[-85.25953,33.25006],[-85.25744,33.23808],[-85.256,33.23178],[-85.24722,33.18461],[-85.24128,33.15492],[-85.23652,33.12956],[-85.13885,33.15748],[-85.13046,33.15971],[-85.1174,33.16365],[-85.11754,33.1785],[-85.10785,33.17846],[-85.10798,33.1951],[-85.09756,33.19509],[-85.09758,33.18663],[-85.08771,33.18659],[-85.08788,33.1779],[-85.08769,33.17474],[-85.08804,33.1717],[-85.06453,33.17848],[-85.06399,33.17934],[-85.06345,33.17986],[-85.06154,33.18058],[-85.06054,33.1812],[-85.05922,33.18315],[-85.05838,33.18345],[-85.05583,33.18369],[-85.05382,33.1832],[-85.05198,33.18232],[-85.04945,33.18145],[-85.04713,33.18129],[-85.04526,33.18162],[-85.04466,33.18198],[-85.04357,33.18302],[-85.04179,33.18537],[-85.04083,33.18828],[-84.93902,33.22469],[-84.86213,33.22386],[-84.86195,33.21444],[-84.8622,33.20754],[-84.87195,33.20743],[-84.87146,33.20626],[-84.87059,33.20572],[-84.87034,33.20496],[-84.87002,33.20164],[-84.86963,33.20082],[-84.86961,33.19962],[-84.8692,33.19903],[-84.86917,33.19839],[-84.86996,33.19656],[-84.8699,33.19566],[-84.86753,33.19571],[-84.8671,33.19591],[-84.86514,33.19812],[-84.86238,33.19914],[-84.86232,33.19872],[-84.86239,33.18667],[-84.86259,33.18347],[-84.86274,33.12528],[-84.8631,33.11693],[-84.8636,33.07678],[-84.86329,33.0595],[-84.86355,33.04179],[-84.86338,33.03584],[-84.86392,33.01885],[-84.86414,32.97973],[-84.8642,32.97858],[-84.8646,32.97728],[-84.86463,32.97538],[-84.86462,32.97349],[-84.86419,32.97299],[-84.86462,32.9685],[-84.86452,32.96082],[-84.86153,32.96081],[-84.86161,32.90095],[-84.86147,32.8937],[-84.8618,32.88507],[-84.86174,32.87562],[-84.86179,32.87513],[-84.86193,32.87502],[-84.86177,32.87249],[-84.84769,32.87244],[-84.84759,32.86837],[-84.84214,32.86831],[-84.84106,32.86812],[-84.83527,32.86806],[-84.83368,32.86825],[-84.82286,32.86809],[-84.82173,32.86777],[-84.81554,32.86754],[-84.81479,32.86797],[-84.81306,32.86807],[-84.80805,32.86778],[-84.76787,32.86771],[-84.7676,32.86854],[-84.76776,32.86893],[-84.75134,32.8692],[-84.75146,32.8627],[-84.74993,32.86213],[-84.74755,32.86162],[-84.73881,32.85844],[-84.73675,32.85782],[-84.70054,32.84464],[-84.62492,32.84472],[-84.62378,32.84504],[-84.57067,32.84518],[-84.51404,32.87363],[-84.50706,32.87747],[-84.50689,32.88179],[-84.50843,32.88265],[-84.50944,32.8839],[-84.50969,32.88454],[-84.50891,32.8883],[-84.5092,32.89208],[-84.50918,32.89415],[-84.50822,32.89666],[-84.50795,32.898],[-84.50827,32.89994],[-84.50817,32.90337],[-84.50873,32.90449],[-84.50944,32.90521],[-84.51043,32.90708],[-84.51094,32.9087],[-84.51116,32.91066],[-84.51159,32.91234],[-84.51198,32.91303],[-84.51278,32.91366],[-84.51624,32.91494],[-84.51717,32.91502],[-84.51887,32.9147],[-84.52332,32.91313],[-84.52603,32.91328],[-84.52661,32.91348],[-84.5269,32.9141],[-84.52702,32.91515],[-84.5265,32.91584],[-84.52494,32.91658],[-84.52445,32.917],[-84.52418,32.91844],[-84.52421,32.91939],[-84.52479,32.92216],[-84.5254,32.92326],[-84.52769,32.92541],[-84.52808,32.92623],[-84.52799,32.9279],[-84.52758,32.9287],[-84.52593,32.93061],[-84.52488,32.93134],[-84.52309,32.93214],[-84.52265,32.93256],[-84.5224,32.93307],[-84.52235,32.93391],[-84.52293,32.9379],[-84.52219,32.94061],[-84.52048,32.9429],[-84.51892,32.94755],[-84.51875,32.9483],[-84.51896,32.95085],[-84.51934,32.95238],[-84.52314,32.9592],[-84.52428,32.96043],[-84.52563,32.96104],[-84.52725,32.96126],[-84.53065,32.96068],[-84.53197,32.96067],[-84.5334,32.96155],[-84.53408,32.96276],[-84.5344,32.96419],[-84.53423,32.96471],[-84.53364,32.96548],[-84.53257,32.96897],[-84.53148,32.97015],[-84.53029,32.97062],[-84.52702,32.97055],[-84.52705,32.96982],[-84.52683,32.96947],[-84.52536,32.96967],[-84.52502,32.96957],[-84.52482,32.96945],[-84.52476,32.9689],[-84.52434,32.96866],[-84.52163,32.96908],[-84.52043,32.96853],[-84.51999,32.96873],[-84.5196,32.96969],[-84.51856,32.96969],[-84.516,32.97037],[-84.51436,32.97122],[-84.51403,32.97094],[-84.51394,32.97061],[-84.51289,32.97077],[-84.51263,32.97113],[-84.51222,32.97106],[-84.51208,32.97163],[-84.51124,32.97208],[-84.5105,32.97215],[-84.51002,32.97165],[-84.50882,32.97142],[-84.50734,32.97226],[-84.50672,32.97223],[-84.50572,32.97255],[-84.50533,32.97305],[-84.50518,32.97382],[-84.50441,32.97381],[-84.50437,32.97436],[-84.50419,32.97461],[-84.50372,32.97462],[-84.50279,32.97648],[-84.50248,32.97671],[-84.5017,32.97667],[-84.50158,32.97745],[-84.50089,32.97759],[-84.50055,32.9785],[-84.49923,32.97972],[-84.49929,32.98003],[-84.50149,32.9823],[-84.50193,32.98298],[-84.50187,32.98316],[-84.50112,32.98324],[-84.49833,32.98275],[-84.49559,32.9845],[-84.49515,32.98509],[-84.49509,32.98543],[-84.49518,32.98617],[-84.4955,32.98692],[-84.49516,32.9871],[-84.49481,32.98667],[-84.49452,32.98682],[-84.49482,32.98798],[-84.49476,32.98833],[-84.49419,32.98857],[-84.49367,32.98905],[-84.49258,32.98944],[-84.49014,32.9907],[-84.49049,32.99094],[-84.49046,32.99142],[-84.49103,32.99173],[-84.49105,32.99218],[-84.49058,32.99304],[-84.48971,32.99373],[-84.47773,32.99339],[-84.45322,32.99323],[-84.40409,32.99258],[-84.37492,32.99235],[-84.3693,32.99218],[-84.31932,32.99179],[-84.29872,32.99147],[-84.29867,32.99967],[-84.30274,32.9997]]]},"properties":{"GEOID":"12060","NAME":"Atlanta-Sandy Springs-Roswell, GA Metro Area"}},{"type":"Feature","geometry":{"type":"Polygon","coordinates":[[[-94.36936,29.50062],[-94.35488,29.50633],[-94.35419,29.56107],[-94.35339,29.57609],[-94.35409,29.62035],[-94.35398,29.62523],[-94.35545,29.7174],[-94.35546,29.72926],[-94.35798,29.88746],[-94.39193,29.88744],[-94.42481,29.88707],[-94.4422,29.88705],[-94.44413,30.00022],[-94.44511,30.11202],[-94.44491,30.11301],[-94.48555,30.11242],[-94.50027,30.11194],[-94.52053,30.11185],[-94.59634,30.1121],[-94.6249,30.1914],[-94.6252,30.19189],[-94.62899,30.20176],[-94.66779,30.31068],[-94.67528,30.33108],[-94.73273,30.49007],[-94.77734,30.489],[-94.81743,30.49183],[-94.84147,30.49291],[-94.84941,30.49355],[-94.85051,30.4942],[-94.85354,30.49496],[-94.86073,30.49407],[-94.86437,30.49449],[-94.86551,30.49502],[-94.86592,30.496],[-94.86638,30.50282],[-94.86714,30.5053],[-94.86765,30.50883],[-94.86739,30.51076],[-94.86708,30.51142],[-94.86598,30.51254],[-94.86379,30.51399],[-94.85993,30.51536],[-94.85847,30.51621],[-94.85735,30.51714],[-94.8566,30.51811],[-94.85514,30.522],[-94.85466,30.52288],[-94.85258,30.52435],[-94.85008,30.52529],[-94.84622,30.52614],[-94.83785,30.52861],[-94.83482,30.52965],[-94.83356,30.53036],[-94.83337,30.53052],[-94.82972,30.53951],[-94.82975,30.54034],[-94.82998,30.54111],[-94.83043,30.54161],[-94.83211,30.54238],[-94.83665,30.54406],[-94.83987,30.54554],[-94.84202,30.54609],[-94.84288,30.54615],[-94.84696,30.5451],[-94.84886,30.54438],[-94.85067,30.54414],[-94.85195,30.54434],[-94.85619,30.5462],[-94.85738,30.54658],[-94.85858,30.54675],[-94.86001,30.54686],[-94.86438,30.54645],[-94.87521,30.54607],[-94.87609,30.54684],[-94.87801,30.54965],[-94.87913,30.55049],[-94.88049,30.55108],[-94.8825,30.55164],[-94.88556,30.55298],[-94.88845,30.55563],[-94.88957,30.55636],[-94.89155,30.55687],[-94.8929,30.55686],[-94.89523,30.55641],[-94.89615,30.55642],[-94.89881,30.55686],[-94.901,30.55746],[-94.9037,30.55936],[-94.9054,30.56028],[-94.9067,30.56072],[-94.91045,30.56151],[-94.91173,30.56141],[-94.91671,30.56022],[-94.92016,30.5597],[-94.92734,30.55799],[-94.9343,30.55759],[-94.9362,30.55771],[-94.93728,30.55798],[-94.94027,30.55947],[-94.94174,30.5607],[-94.94275,30.56181],[-94.94407,30.56373],[-94.94525,30.56592],[-94.94936,30.5705],[-94.9503,30.57101],[-94.95099,30.57119],[-94.95788,30.57228],[-94.96145,30.57487],[-94.96573,30.57659],[-94.9684,30.57692],[-94.97032,30.57689],[-94.98539,30.57614],[-94.98706,30.57633],[-94.98818,30.57668],[-94.99441,30.5791],[-94.99703,30.57961],[-95.00347,30.58015],[-95.00619,30.58006],[-95.00718,30.57985],[-95.00866,30.57945],[-95.01237,30.57795],[-95.01382,30.5776],[-95.01571,30.57747],[-95.02259,30.57729],[-95.02461,30.57749],[-95.02863,30.57849],[-95.02974,30.57914],[-95.03089,30.58026],[-95.03347,30.58342],[-95.03513,30.58515],[-95.03573,30.58634],[-95.03586,30.58726],[-95.03581,30.58766],[-95.03535,30.5883],[-95.03368,30.58901],[-95.03239,30.58937],[-95.03119,30.59006],[-95.02939,30.59066],[-95.02901,30.59106],[-95.02899,30.59164],[-95.02937,30.59253],[-95.0301,30.59342],[-95.03109,30.59507],[-95.03182,30.59734],[-95.03114,30.59809],[-95.03065,30.59815],[-95.02954,30.59791],[-95.02677,30.5967],[-95.02592,30.59677],[-95.02498,30.59728],[-95.02355,30.59943],[-95.02251,30.60031],[-95.02078,30.60068],[-95.0181,30.60038],[-95.01715,30.6005],[-95.01597,30.60099],[-95.01521,30.60186],[-95.01475,30.60336],[-95.01428,30.60425],[-95.01357,30.60489],[-95.01278,30.60532],[-95.00853,30.60611],[-95.00779,30.60644],[-95.00715,30.60705],[-95.00686,30.60808],[-95.00687,30.60905],[-95.00721,30.60983],[-95.00793,30.61058],[-95.00829,30.6112],[-95.0087,30.61324],[-95.00912,30.61998],[-95.00869,30.62725],[-95.00883,30.6276],[-95.00978,30.62798],[-95.01086,30.62816],[-95.01381,30.62708],[-95.01499,30.62687],[-95.01587,30.62708],[-95.01612,30.62755],[-95.01637,30.62895],[-95.01533,30.63208],[-95.01595,30.63399],[-95.01626,30.6343],[-95.01887,30.63509],[-95.02016,30.63572],[-95.02103,30.63647],[-95.0218,30.63831],[-95.02248,30.64253],[-95.02292,30.64357],[-95.02431,30.64596],[-95.02475,30.64847],[-95.02466,30.64978],[-95.02395,30.65063],[-95.02292,30.65096],[-95.02134,30.65085],[-95.0191,30.64943],[-95.01635,30.64843],[-95.01447,30.64818],[-95.01318,30.64854],[-95.01125,30.64995],[-95.01006,30.65127],[-95.00936,30.65233],[-95.00906,30.65353],[-95.00911,30.65456],[-95.01028,30.65667],[-95.01108,30.65774],[-95.01168,30.65814],[-95.01254,30.6583],[-95.0131,30.65818],[-95.01988,30.65448],[-95.02083,30.65437],[-95.02164,30.6549],[-95.02186,30.65577],[-95.02183,30.65805],[-95.02216,30.65909],[-95.02277,30.65978],[-95.02362,30.66025],[-95.02444,30.6605],[-95.02999,30.66102],[-95.03265,30.66189],[-95.03512,30.66249],[-95.03898,30.66288],[-95.0402,30.66328],[-95.04104,30.66377],[-95.04146,30.66438],[-95.04134,30.66543],[-95.04096,30.66597],[-95.03864,30.66818],[-95.03794,30.6686],[-95.03674,30.66906],[-95.03567,30.66921],[-95.03415,30.66991],[-95.03273,30.6718],[-95.03338,30.67322],[-95.03423,30.67421],[-95.03559,30.67504],[-95.03728,30.67563],[-95.03861,30.67577],[-95.04022,30.67535],[-95.04102,30.67496],[-95.0422,30.67414],[-95.04372,30.67256],[-95.04517,30.67195],[-95.04664,30.67154],[-95.05057,30.67126],[-95.05364,30.67124],[-95.05454,30.67143],[-95.05518,30.67225],[-95.05511,30.6731],[-95.05379,30.676],[-95.05336,30.67743],[-95.05332,30.67837],[-95.05355,30.67907],[-95.0546,30.68017],[-95.055,30.68033],[-95.05705,30.68006],[-95.06061,30.67837],[-95.06246,30.67697],[-95.06317,30.67582],[-95.06524,30.67438],[-95.06747,30.67351],[-95.07061,30.67358],[-95.07325,30.67293],[-95.07584,30.67156],[-95.07928,30.66941],[-95.07976,30.66933],[-95.08048,30.66948],[-95.08384,30.67119],[-95.08483,30.67149],[-95.08835,30.67206],[-95.08999,30.67183],[-95.09078,30.67115],[-95.09094,30.67075],[-95.09133,30.66554],[-95.09161,30.66419],[-95.09268,30.66261],[-95.09396,30.66156],[-95.09554,30.66068],[-95.09886,30.65983],[-95.1017,30.65866],[-95.10484,30.65788],[-95.1063,30.65783],[-95.10901,30.6581],[-95.11252,30.65941],[-95.11384,30.66014],[-95.11501,30.661],[-95.11574,30.66216],[-95.11602,30.66298],[-95.11625,30.66426],[-95.11604,30.66499],[-95.11451,30.6669],[-95.11135,30.66999],[-95.11085,30.67082],[-95.11069,30.67199],[-95.11128,30.67335],[-95.11189,30.6738],[-95.11654,30.6746],[-95.11773,30.675],[-95.11892,30.67563],[-95.11947,30.67641],[-95.11953,30.67733],[-95.11927,30.67825],[-95.11836,30.68023],[-95.11659,30.68337],[-95.116,30.68608],[-95.11559,30.68729],[-95.11503,30.68828],[-95.11226,30.69115],[-95.10955,30.69275],[-95.10938,30.69331],[-95.10986,30.69419],[-95.11071,30.69495],[-95.11191,30.69532],[-95.11594,30.69619],[-95.11929,30.69658],[-95.12521,30.69578],[-95.12901,30.69472],[-95.13267,30.6934],[-95.13421,30.69316],[-95.1349,30.69331],[-95.13538,30.69382],[-95.13549,30.69457],[-95.1354,30.69602],[-95.13505,30.69727],[-95.13501,30.69874],[-95.13737,30.70501],[-95.13806,30.70639],[-95.13858,30.70722],[-95.14046,30.70914],[-95.14543,30.7138],[-95.14644,30.71527],[-95.14707,30.71739],[-95.14707,30.7198],[-95.14675,30.72102],[-95.14615,30.72241],[-95.14556,30.72319],[-95.14346,30.72527],[-95.14267,30.72709],[-95.14223,30.72901],[-95.1422,30.72977],[-95.14267,30.73204],[-95.14394,30.73538],[-95.14478,30.73703],[-95.14603,30.74056],[-95.14603,30.74237],[-95.14477,30.74404],[-95.14356,30.74454],[-95.1393,30.74578],[-95.1369,30.74704],[-95.13562,30.74815],[-95.13409,30.75019],[-95.13246,30.75445],[-95.13156,30.75753],[-95.13131,30.75942],[-95.13177,30.76203],[-95.13499,30.7683],[-95.13655,30.76999],[-95.13911,30.77371],[-95.13953,30.77487],[-95.13938,30.7762],[-95.13822,30.77712],[-95.13589,30.77802],[-95.13415,30.77905],[-95.13185,30.78098],[-95.13121,30.7817],[-95.13194,30.78316],[-95.13303,30.78376],[-95.13665,30.78387],[-95.13798,30.78419],[-95.13994,30.78717],[-95.14092,30.78895],[-95.14748,30.79177],[-95.14889,30.79252],[-95.15043,30.79423],[-95.15149,30.79573],[-95.15395,30.79835],[-95.15685,30.80043],[-95.16104,30.80128],[-95.16759,30.80304],[-95.17008,30.80513],[-95.17207,30.80621],[-95.17404,30.80758],[-95.17642,30.81027],[-95.17923,30.81396],[-95.18037,30.81843],[-95.18099,30.81882],[-95.1816,30.81892],[-95.18738,30.81804],[-95.18843,30.8181],[-95.18924,30.81881],[-95.19101,30.82179],[-95.193,30.82384],[-95.19405,30.82402],[-95.19871,30.82424],[-95.20018,30.82457],[-95.20113,30.82538],[-95.2025,30.82725],[-95.2034,30.8289],[-95.20457,30.83017],[-95.20764,30.83238],[-95.20929,30.83281],[-95.21372,30.83321],[-95.21656,30.83372],[-95.2229,30.83632],[-95.23099,30.84115],[-95.23209,30.84282],[-95.23332,30.84571],[-95.23391,30.84763],[-95.23591,30.85469],[-95.23584,30.8573],[-95.23603,30.85811],[-95.23909,30.86221],[-95.2421,30.86452],[-95.24305,30.86601],[-95.2431,30.86686],[-95.24245,30.86788],[-95.24137,30.86909],[-95.23951,30.87086],[-95.23774,30.8736],[-95.23618,30.87685],[-95.23377,30.88121],[-95.23194,30.88444],[-95.23108,30.88558],[-95.23076,30.88627],[-95.23078,30.88701],[-95.23389,30.89026],[-95.23956,30.89536],[-95.24073,30.89674],[-95.24174,30.89842],[-95.24628,30.90401],[-95.24674,30.90443],[-95.24884,30.90548],[-95.24961,30.90604],[-95.25127,30.90651],[-95.25238,30.90672],[-95.2549,30.90655],[-95.26504,30.90518],[-95.2723,30.90386],[-95.27656,30.90272],[-95.28018,30.90129],[-95.28256,30.9014],[-95.28559,30.90181],[-95.28924,30.90284],[-95.29081,30.90291],[-95.2924,30.90265],[-95.29845,30.9026],[-95.30083,30.90231],[-95.30738,30.90049],[-95.3129,30.89787],[-95.31367,30.89707],[-95.31432,30.89535],[-95.31405,30.89454],[-95.31322,30.89324],[-95.31173,30.89214],[-95.31086,30.8907],[-95.31073,30.88838],[-95.31127,30.88582],[-95.31163,30.88494],[-95.31239,30.8839],[-95.3163,30.88075],[-95.31678,30.87985],[-95.31666,30.87858],[-95.31604,30.87728],[-95.3148,30.87594],[-95.31442,30.87519],[-95.31391,30.874],[-95.3139,30.8731],[-95.31504,30.87115],[-95.31579,30.87034],[-95.31724,30.86947],[-95.32141,30.8678],[-95.3224,30.8668],[-95.32322,30.86544],[-95.3241,30.86189],[-95.32531,30.86068],[-95.32748,30.85955],[-95.33733,30.75019],[-95.33792,30.74674],[-95.34135,30.70198],[-95.34348,30.67184],[-95.34647,30.6252],[-95.34762,30.61588],[-95.35071,30.58452],[-95.35886,30.50619],[-95.35916,30.50437],[-95.35954,30.50454],[-95.3597,30.50493],[-95.36069,30.5054],[-95.36082,30.50652],[-95.36129,30.5069],[-95.36122,30.50711],[-95.36098,30.50706],[-95.36102,30.50727],[-95.36181,30.50781],[-95.36141,30.50821],[-95.36171,30.50838],[-95.36162,30.50876],[-95.36193,30.50861],[-95.36211,30.50874],[-95.36187,30.50892],[-95.39585,30.50879],[-95.52587,30.50894],[-95.55514,30.50885],[-95.59897,30.509],[-95.60518,30.51264],[-95.61101,30.51533],[-95.65292,30.53753],[-95.72858,30.57722],[-95.76154,30.59482],[-95.81887,30.62453],[-95.83024,30.63028],[-95.8274,30.60192],[-95.81895,30.51292],[-95.81798,30.50308],[-95.81731,30.49874],[-95.81465,30.46566],[-95.81464,30.46336],[-95.81434,30.46246],[-95.81417,30.45994],[-95.81386,30.45915],[-95.81395,30.45574],[-95.80459,30.34172],[-95.80433,30.3346],[-95.8042,30.26936],[-95.80431,30.24557],[-95.80505,30.24563],[-95.8145,30.24484],[-95.8212,30.24475],[-95.84214,30.24344],[-95.8521,30.24246],[-95.86731,30.24145],[-95.92328,30.23728],[-95.92641,30.23729],[-95.92893,30.23762],[-95.93861,30.23753],[-95.94896,30.23688],[-95.95377,30.23696],[-95.99633,30.23418],[-96.06932,30.22996],[-96.07285,30.22949],[-96.08894,30.22872],[-96.08991,30.22743],[-96.09145,30.22599],[-96.09316,30.22519],[-96.09266,30.22364],[-96.09274,30.22202],[-96.09312,30.22045],[-96.09671,30.21487],[-96.09743,30.21447],[-96.09894,30.21452],[-96.0995,30.21477],[-96.10102,30.21567],[-96.10338,30.21657],[-96.10941,30.21991],[-96.10984,30.22093],[-96.11098,30.22231],[-96.11294,30.22576],[-96.11297,30.22618],[-96.1137,30.2272],[-96.11478,30.2279],[-96.11593,30.22788],[-96.11716,30.22728],[-96.11802,30.22421],[-96.11857,30.22337],[-96.12524,30.21518],[-96.12606,30.21391],[-96.12823,30.21161],[-96.12925,30.21098],[-96.13011,30.21076],[-96.13398,30.21056],[-96.13631,30.21081],[-96.13816,30.21135],[-96.14019,30.21222],[-96.14188,30.21388],[-96.14353,30.21681],[-96.14508,30.21857],[-96.14648,30.21843],[-96.14697,30.21823],[-96.14785,30.21758],[-96.14845,30.21658],[-96.14946,30.21454],[-96.14988,30.21302],[-96.15155,30.21153],[-96.15702,30.2079],[-96.15727,30.20726],[-96.15901,30.20661],[-96.159,30.20545],[-96.15927,30.20457],[-96.15919,30.20167],[-96.15828,30.19922],[-96.15863,30.19716],[-96.15909,30.19586],[-96.15906,30.19433],[-96.15848,30.19263],[-96.15709,30.1905],[-96.15702,30.18912],[-96.15726,30.1881],[-96.15769,30.18719],[-96.15852,30.18585],[-96.15967,30.18348],[-96.15996,30.18211],[-96.15973,30.1811],[-96.15923,30.18041],[-96.15663,30.17888],[-96.15538,30.17798],[-96.15456,30.17712],[-96.15493,30.1755],[-96.15493,30.17438],[-96.1552,30.17316],[-96.15684,30.1713],[-96.16091,30.16856],[-96.16125,30.16795],[-96.16137,30.16696],[-96.16182,30.16603],[-96.16201,30.16491],[-96.16137,30.16343],[-96.16003,30.16183],[-96.15733,30.16063],[-96.15341,30.15949],[-96.15299,30.15865],[-96.15155,30.15744],[-96.15013,30.15545],[-96.15001,30.15427],[-96.1504,30.15207],[-96.15113,30.14991],[-96.15093,30.14765],[-96.15108,30.14685],[-96.15253,30.14313],[-96.15353,30.14196],[-96.15487,30.14137],[-96.15693,30.1414],[-96.15885,30.14214],[-96.16064,30.14313],[-96.16198,30.14411],[-96.1645,30.14657],[-96.16845,30.14917],[-96.17261,30.1516],[-96.17474,30.15367],[-96.17629,30.15482],[-96.17765,30.15554],[-96.17873,30.1558],[-96.18066,30.15568],[-96.18255,30.15398],[-96.18321,30.15244],[-96.18315,30.15071],[-96.18264,30.14941],[-96.18188,30.14813],[-96.18032,30.14653],[-96.17823,30.14499],[-96.17459,30.14366],[-96.17194,30.14116],[-96.17176,30.13983],[-96.17261,30.13863],[-96.1744,30.13775],[-96.17592,30.13773],[-96.17905,30.13882],[-96.18183,30.1409],[-96.18357,30.14143],[-96.18613,30.14193],[-96.1878,30.14169],[-96.19017,30.1402],[-96.19178,30.13842],[-96.19221,30.13666],[-96.19142,30.13467],[-96.19008,30.13382],[-96.18829,30.13201],[-96.18703,30.12904],[-96.18637,30.12815],[-96.18458,30.12657],[-96.18245,30.12522],[-96.17987,30.12299],[-96.1789,30.12094],[-96.17869,30.11977],[-96.17887,30.11844],[-96.17926,30.11775],[-96.17981,30.11735],[-96.18084,30.11706],[-96.183,30.11709],[-96.18776,30.11862],[-96.18976,30.11848],[-96.19124,30.11758],[-96.19166,30.11669],[-96.19171,30.11523],[-96.1911,30.11387],[-96.18865,30.11046],[-96.1875,30.10964],[-96.1861,30.10927],[-96.18461,30.10913],[-96.18355,30.10921],[-96.17505,30.11244],[-96.17387,30.11132],[-96.17261,30.11075],[-96.17188,30.11014],[-96.17146,30.10934],[-96.17143,30.1081],[-96.17234,30.10629],[-96.1741,30.10381],[-96.17466,30.1027],[-96.17383,30.10081],[-96.17364,30.10004],[-96.17282,30.09934],[-96.1713,30.09889],[-96.16994,30.09879],[-96.16814,30.099],[-96.16608,30.09988],[-96.16429,30.10115],[-96.16237,30.10347],[-96.16106,30.10682],[-96.16027,30.10807],[-96.15915,30.10813],[-96.15766,30.10855],[-96.1559,30.10865],[-96.15499,30.10852],[-96.15398,30.10799],[-96.15335,30.10722],[-96.15286,30.10583],[-96.1525,30.10421],[-96.15256,30.10254],[-96.15341,30.10137],[-96.15617,30.09884],[-96.15766,30.09831],[-96.159,30.09703],[-96.15939,30.09573],[-96.15924,30.0941],[-96.15842,30.09171],[-96.15435,30.08652],[-96.15344,30.08575],[-96.15207,30.08503],[-96.15046,30.08471],[-96.14533,30.08524],[-96.1435,30.08498],[-96.14229,30.08423],[-96.14165,30.0832],[-96.14119,30.08118],[-96.14132,30.07881],[-96.14092,30.07684],[-96.14053,30.07623],[-96.13967,30.07556],[-96.13703,30.07431],[-96.13538,30.07324],[-96.1349,30.07229],[-96.13378,30.07096],[-96.13357,30.06896],[-96.13408,30.06809],[-96.13466,30.06753],[-96.13557,30.06716],[-96.137,30.067],[-96.1406,30.06925],[-96.14286,30.07094],[-96.14629,30.07495],[-96.14783,30.07604],[-96.14913,30.07663],[-96.15044,30.07666],[-96.15125,30.0764],[-96.15188,30.07516],[-96.1513,30.07345],[-96.15051,30.0722],[-96.15001,30.07173],[-96.14792,30.07115],[-96.14655,30.0706],[-96.14605,30.07022],[-96.14709,30.07008],[-96.14837,30.06942],[-96.14893,30.06826],[-96.14931,30.06799],[-96.15053,30.06817],[-96.15297,30.0672],[-96.15507,30.06718],[-96.15537,30.06702],[-96.15536,30.06669],[-96.15443,30.06594],[-96.15434,30.06566],[-96.15447,30.06535],[-96.15503,30.06485],[-96.15536,30.06371],[-96.1559,30.06285],[-96.15686,30.06232],[-96.15721,30.0619],[-96.15742,30.06061],[-96.15619,30.06006],[-96.15571,30.05879],[-96.15731,30.05607],[-96.15743,30.05523],[-96.15763,30.05504],[-96.15835,30.0549],[-96.15906,30.05407],[-96.16047,30.05341],[-96.16088,30.05352],[-96.16153,30.05417],[-96.16216,30.05425],[-96.16295,30.05279],[-96.16321,30.05286],[-96.16362,30.05336],[-96.16493,30.05344],[-96.16575,30.05323],[-96.16593,30.05341],[-96.16644,30.05346],[-96.16695,30.05405],[-96.16884,30.05441],[-96.16891,30.05455],[-96.16841,30.05516],[-96.16841,30.05589],[-96.16858,30.05631],[-96.16893,30.05651],[-96.17038,30.05574],[-96.17103,30.05585],[-96.17193,30.05635],[-96.17339,30.0565],[-96.17373,30.05685],[-96.17394,30.05741],[-96.17383,30.05801],[-96.1755,30.05899],[-96.17654,30.05882],[-96.17792,30.05956],[-96.17804,30.05993],[-96.17773,30.06021],[-96.1777,30.06054],[-96.17844,30.06088],[-96.17939,30.0607],[-96.17983,30.06214],[-96.18061,30.06216],[-96.18117,30.06275],[-96.18157,30.06276],[-96.18198,30.06243],[-96.183,30.06236],[-96.18327,30.06253],[-96.18337,30.06295],[-96.18353,30.06303],[-96.1843,30.06249],[-96.18492,30.06289],[-96.1855,30.06237],[-96.18584,30.06235],[-96.18654,30.06272],[-96.18684,30.06322],[-96.18753,30.06331],[-96.18824,30.06394],[-96.18908,30.06439],[-96.18955,30.0644],[-96.19018,30.06491],[-96.19103,30.06474],[-96.19248,30.06518],[-96.193,30.06519],[-96.1937,30.06497],[-96.19553,30.06498],[-96.19702,30.0647],[-96.19781,30.06492],[-96.1985,30.06557],[-96.19957,30.06566],[-96.1998,30.06603],[-96.20079,30.06668],[-96.20142,30.06668],[-96.20247,30.06618],[-96.20425,30.06674],[-96.2053,30.06663],[-96.20636,30.06698],[-96.20679,30.06696],[-96.20754,30.06655],[-96.20845,30.06537],[-96.20844,30.06361],[-96.20894,30.0625],[-96.20939,30.06218],[-96.20996,30.06231],[-96.21061,30.06373],[-96.21199,30.06474],[-96.21272,30.06588],[-96.21315,30.06614],[-96.21372,30.06613],[-96.21406,30.06639],[-96.21414,30.06707],[-96.21383,30.06771],[-96.21381,30.06835],[-96.21383,30.06903],[-96.2141,30.06931],[-96.21481,30.06955],[-96.21615,30.06968],[-96.21647,30.07023],[-96.21692,30.07052],[-96.21869,30.07076],[-96.21876,30.07108],[-96.21841,30.07179],[-96.21977,30.0726],[-96.22051,30.07245],[-96.22116,30.07268],[-96.22151,30.07236],[-96.22252,30.07251],[-96.22321,30.07239],[-96.22388,30.07265],[-96.22443,30.07219],[-96.22486,30.07227],[-96.22537,30.07308],[-96.22523,30.07356],[-96.22532,30.07376],[-96.22688,30.07432],[-96.22886,30.07572],[-96.2293,30.07565],[-96.22987,30.07593],[-96.23058,30.07584],[-96.23393,30.07629],[-96.23632,30.07548],[-96.23725,30.07559],[-96.238,30.07542],[-96.23882,30.0756],[-96.23956,30.07557],[-96.24017,30.07509],[-96.24016,30.07429],[-96.24037,30.07383],[-96.24081,30.07407],[-96.24105,30.07394],[-96.24097,30.07293],[-96.24165,30.07291],[-96.24309,30.07229],[-96.24391,30.07248],[-96.24424,30.07318],[-96.245,30.07405],[-96.24565,30.07411],[-96.24627,30.07466],[-96.24742,30.07526],[-96.24763,30.07522],[-96.24743,30.07498],[-96.24751,30.07479],[-96.2482,30.07477],[-96.24844,30.07516],[-96.24862,30.07498],[-96.2491,30.07494],[-96.24955,30.0742],[-96.25,30.07426],[-96.25088,30.07406],[-96.25124,30.07425],[-96.25173,30.07488],[-96.2524,30.07492],[-96.25276,30.07578],[-96.254,30.07573],[-96.2541,30.07516],[-96.25387,30.07506],[-96.25388,30.07488],[-96.25405,30.0746],[-96.25434,30.07449],[-96.25473,30.07459],[-96.25476,30.07481],[-96.2545,30.07529],[-96.25503,30.07576],[-96.25568,30.07577],[-96.25621,30.07601],[-96.2571,30.07577],[-96.25777,30.07622],[-96.25946,30.07575],[-96.25982,30.07728],[-96.26096,30.07813],[-96.26165,30.07788],[-96.26216,30.07824],[-96.26302,30.07814],[-96.26323,30.07865],[-96.26344,30.07867],[-96.2635,30.07828],[-96.26385,30.07829],[-96.26392,30.0787],[-96.26429,30.07864],[-96.26452,30.07989],[-96.26421,30.08075],[-96.26475,30.08108],[-96.26458,30.08131],[-96.2646,30.08173],[-96.26517,30.08152],[-96.26565,30.08236],[-96.26601,30.08197],[-96.26625,30.08199],[-96.26638,30.08211],[-96.2662,30.0824],[-96.26626,30.08261],[-96.26681,30.08265],[-96.26715,30.08244],[-96.26739,30.08283],[-96.2679,30.08293],[-96.26798,30.08319],[-96.26752,30.08389],[-96.26757,30.08419],[-96.26844,30.08551],[-96.26842,30.08603],[-96.26882,30.08626],[-96.26855,30.08682],[-96.26876,30.08768],[-96.26947,30.08894],[-96.2694,30.08949],[-96.26997,30.08961],[-96.27007,30.08979],[-96.2693,30.09123],[-96.26957,30.09173],[-96.27063,30.09248],[-96.27122,30.09411],[-96.27248,30.09443],[-96.27293,30.09402],[-96.27387,30.09398],[-96.27479,30.09303],[-96.27617,30.09238],[-96.27725,30.09277],[-96.27816,30.09351],[-96.27963,30.09407],[-96.28009,30.09413],[-96.28149,30.09329],[-96.28208,30.09337],[-96.28392,30.09427],[-96.28442,30.09549],[-96.28489,30.09567],[-96.28556,30.09632],[-96.28655,30.09637],[-96.28779,30.09678],[-96.28889,30.09683],[-96.28935,30.09674],[-96.28983,30.09624],[-96.29125,30.0965],[-96.29285,30.09615],[-96.3362,30.09035],[-96.33999,30.08959],[-96.35407,30.08727],[-96.35724,30.0866],[-96.37009,30.08538],[-96.37447,30.08511],[-96.37524,30.08479],[-96.39404,30.08215],[-96.41869,30.07896],[-96.47741,30.0709],[-96.49795,30.06829],[-96.51881,30.0652],[-96.5859,30.06467],[-96.5871,30.06522],[-96.58821,30.06707],[-96.58883,30.06734],[-96.58996,30.0682],[-96.58991,30.06867],[-96.59003,30.0689],[-96.5917,30.06945],[-96.59232,30.07067],[-96.59268,30.07084],[-96.5933,30.07081],[-96.59379,30.07105],[-96.59414,30.07102],[-96.62085,30.0452],[-96.62198,30.04428],[-96.59568,30.00279],[-96.57653,29.97212],[-96.53571,29.90733],[-96.50372,29.88238],[-96.49524,29.87523],[-96.48509,29.86734],[-96.48392,29.86717],[-96.48149,29.86842],[-96.48103,29.86856],[-96.48051,29.86848],[-96.47959,29.86893],[-96.4787,29.86912],[-96.47786,29.86877],[-96.47674,29.86865],[-96.47518,29.86742],[-96.4743,29.86741],[-96.47325,29.86682],[-96.47298,29.86615],[-96.47298,29.86536],[-96.47276,29.86496],[-96.47178,29.86405],[-96.47114,29.86374],[-96.47065,29.86285],[-96.46896,29.86146],[-96.46816,29.86132],[-96.46803,29.86122],[-96.46808,29.86087],[-96.46779,29.86073],[-96.46709,29.86088],[-96.46677,29.86058],[-96.4663,29.86054],[-96.46588,29.86073],[-96.46486,29.86074],[-96.46429,29.85976],[-96.46443,29.85899],[-96.46337,29.85843],[-96.46274,29.85833],[-96.46272,29.85767],[-96.46189,29.85724],[-96.46106,29.85619],[-96.46109,29.85556],[-96.46076,29.85565],[-96.4604,29.85541],[-96.46052,29.85467],[-96.45999,29.85464],[-96.45965,29.85492],[-96.45911,29.8549],[-96.45792,29.85548],[-96.45767,29.85537],[-96.45765,29.85482],[-96.45704,29.85487],[-96.45643,29.85513],[-96.45521,29.85478],[-96.45468,29.85488],[-96.45494,29.85557],[-96.45434,29.85584],[-96.45397,29.85628],[-96.45341,29.85634],[-96.4523,29.856],[-96.45168,29.85599],[-96.45033,29.85644],[-96.44835,29.85588],[-96.44738,29.85528],[-96.44669,29.85525],[-96.44633,29.85442],[-96.44593,29.85421],[-96.4457,29.85421],[-96.44548,29.85454],[-96.44477,29.8543],[-96.44491,29.85484],[-96.44462,29.85537],[-96.44397,29.85511],[-96.44392,29.85487],[-96.44352,29.85468],[-96.44411,29.854],[-96.44391,29.85364],[-96.44331,29.85363],[-96.44273,29.85395],[-96.44249,29.85385],[-96.44235,29.85349],[-96.4414,29.85374],[-96.4408,29.85361],[-96.44086,29.85293],[-96.43957,29.85027],[-96.43899,29.85002],[-96.4379,29.84919],[-96.43691,29.84951],[-96.43659,29.84948],[-96.43597,29.84906],[-96.4346,29.84769],[-96.43463,29.84726],[-96.43521,29.84657],[-96.4344,29.84568],[-96.43502,29.84443],[-96.43479,29.84393],[-96.43406,29.84317],[-96.43479,29.84226],[-96.43448,29.84162],[-96.4341,29.8413],[-96.43356,29.84116],[-96.43188,29.84152],[-96.43033,29.84116],[-96.42938,29.84056],[-96.42816,29.84093],[-96.42785,29.84089],[-96.42747,29.84022],[-96.42621,29.83951],[-96.42501,29.8383],[-96.42544,29.83707],[-96.42518,29.83658],[-96.42484,29.83638],[-96.42447,29.83639],[-96.42396,29.83666],[-96.42366,29.83651],[-96.42361,29.83615],[-96.42401,29.8349],[-96.4238,29.83465],[-96.42327,29.83451],[-96.42266,29.83481],[-96.4217,29.83397],[-96.42169,29.83334],[-96.42228,29.83279],[-96.4222,29.83085],[-96.42191,29.83049],[-96.42089,29.83051],[-96.42061,29.83036],[-96.42062,29.83002],[-96.42119,29.82956],[-96.4212,29.82938],[-96.42079,29.82925],[-96.41971,29.8295],[-96.41916,29.82945],[-96.4183,29.82866],[-96.41789,29.82847],[-96.41544,29.82792],[-96.41514,29.82759],[-96.41455,29.82624],[-96.41328,29.82499],[-96.41269,29.82465],[-96.41222,29.82454],[-96.41104,29.82469],[-96.41044,29.82542],[-96.40968,29.82545],[-96.40907,29.82526],[-96.4088,29.82443],[-96.40828,29.82388],[-96.40771,29.82382],[-96.40745,29.82393],[-96.40709,29.82448],[-96.40603,29.82524],[-96.40491,29.82553],[-96.40391,29.82505],[-96.4029,29.82519],[-96.40132,29.82482],[-96.39843,29.82352],[-96.39738,29.82282],[-96.39656,29.82258],[-96.39542,29.82283],[-96.39491,29.82328],[-96.39471,29.8239],[-96.39401,29.82423],[-96.39358,29.82411],[-96.39325,29.82354],[-96.3933,29.82324],[-96.3939,29.82248],[-96.3936,29.82182],[-96.39306,29.82176],[-96.39203,29.8222],[-96.39079,29.82215],[-96.38995,29.82194],[-96.38954,29.82139],[-96.38903,29.8213],[-96.38881,29.82146],[-96.38876,29.82205],[-96.38843,29.82247],[-96.387,29.82254],[-96.38554,29.82322],[-96.38372,29.82366],[-96.38305,29.82404],[-96.38242,29.82508],[-96.38134,29.82513],[-96.37994,29.82551],[-96.37933,29.8253],[-96.37898,29.82395],[-96.37848,29.8235],[-96.37768,29.82347],[-96.37614,29.82417],[-96.37551,29.82414],[-96.37428,29.82361],[-96.3731,29.82372],[-96.37139,29.82338],[-96.36998,29.82367],[-96.36962,29.82358],[-96.36897,29.82305],[-96.36858,29.82213],[-96.36813,29.82188],[-96.36718,29.822],[-96.36666,29.82185],[-96.36647,29.82158],[-96.36647,29.82052],[-96.36622,29.82036],[-96.3654,29.82041],[-96.36513,29.82016],[-96.36487,29.81932],[-96.36426,29.81894],[-96.3634,29.81893],[-96.36263,29.81993],[-96.36214,29.82004],[-96.36178,29.81998],[-96.36115,29.81907],[-96.36088,29.81891],[-96.35916,29.81887],[-96.35812,29.819],[-96.35751,29.81923],[-96.35543,29.82207],[-96.35478,29.82365],[-96.35431,29.82404],[-96.35288,29.82438],[-96.3526,29.82543],[-96.35254,29.82679],[-96.3522,29.82734],[-96.35114,29.82795],[-96.35,29.82836],[-96.34686,29.82888],[-96.34552,29.82971],[-96.34448,29.83015],[-96.34316,29.82962],[-96.34274,29.82898],[-96.34297,29.82633],[-96.34273,29.82535],[-96.34228,29.82463],[-96.34086,29.82378],[-96.34001,29.82347],[-96.3384,29.82224],[-96.3374,29.8212],[-96.33622,29.81899],[-96.33506,29.81749],[-96.33211,29.81522],[-96.33138,29.81507],[-96.33087,29.81445],[-96.33118,29.81289],[-96.3311,29.81123],[-96.33132,29.80905],[-96.33208,29.80659],[-96.3315,29.80458],[-96.33157,29.80403],[-96.33203,29.80335],[-96.33268,29.80284],[-96.33393,29.80283],[-96.33528,29.8032],[-96.33656,29.80309],[-96.33733,29.8027],[-96.33748,29.80221],[-96.33738,29.80127],[-96.33663,29.80092],[-96.33493,29.80116],[-96.33424,29.80088],[-96.33372,29.80038],[-96.3336,29.7996],[-96.33325,29.79876],[-96.3329,29.79835],[-96.33159,29.79776],[-96.33085,29.7977],[-96.33024,29.79789],[-96.32958,29.79844],[-96.32898,29.79864],[-96.32777,29.79841],[-96.32755,29.79815],[-96.32744,29.79749],[-96.32651,29.79716],[-96.32615,29.79676],[-96.32485,29.79605],[-96.32484,29.79586],[-96.32446,29.7956],[-96.32443,29.79535],[-96.32272,29.79347],[-96.32199,29.79238],[-96.32094,29.79196],[-96.31952,29.79197],[-96.31877,29.79174],[-96.31807,29.79123],[-96.31761,29.79015],[-96.31752,29.78948],[-96.31725,29.78904],[-96.31721,29.7885],[-96.31653,29.78784],[-96.31539,29.78728],[-96.31466,29.78601],[-96.31466,29.7855],[-96.3152,29.78457],[-96.31565,29.78422],[-96.31574,29.78323],[-96.31492,29.78114],[-96.31505,29.77953],[-96.31662,29.77788],[-96.31776,29.77757],[-96.31841,29.777],[-96.31876,29.77689],[-96.31934,29.77634],[-96.31963,29.77565],[-96.31948,29.77456],[-96.31917,29.77406],[-96.31788,29.77331],[-96.31611,29.77326],[-96.31412,29.77119],[-96.314,29.77009],[-96.31376,29.76952],[-96.3139,29.76877],[-96.31379,29.76848],[-96.31432,29.76701],[-96.31452,29.76583],[-96.31396,29.76404],[-96.31397,29.76283],[-96.31311,29.76097],[-96.31231,29.76033],[-96.31172,29.75887],[-96.31163,29.75817],[-96.31167,29.75737],[-96.31192,29.7567],[-96.31184,29.75636],[-96.31097,29.75583],[-96.31073,29.75541],[-96.31036,29.75518],[-96.3094,29.75479],[-96.30924,29.75459],[-96.30865,29.75446],[-96.30788,29.75392],[-96.30625,29.7537],[-96.30484,29.75311],[-96.30373,29.75241],[-96.30252,29.75237],[-96.30103,29.75172],[-96.29978,29.75157],[-96.29841,29.75077],[-96.29789,29.75019],[-96.29719,29.74972],[-96.2966,29.74821],[-96.29691,29.74693],[-96.2968,29.74601],[-96.29657,29.74579],[-96.29672,29.74537],[-96.29662,29.74493],[-96.29637,29.74451],[-96.2965,29.74416],[-96.29625,29.74382],[-96.29685,29.74168],[-96.29857,29.73944],[-96.29878,29.73804],[-96.29831,29.73721],[-96.2971,29.73657],[-96.29696,29.73633],[-96.29538,29.73583],[-96.29337,29.73573],[-96.29271,29.73528],[-96.29129,29.73495],[-96.29053,29.73419],[-96.2901,29.73331],[-96.28995,29.7321],[-96.29059,29.73139],[-96.29156,29.73079],[-96.29164,29.73026],[-96.29201,29.72995],[-96.29197,29.72907],[-96.29154,29.72806],[-96.29026,29.72739],[-96.28923,29.72755],[-96.28887,29.72778],[-96.28826,29.72771],[-96.28752,29.72797],[-96.28656,29.72802],[-96.28463,29.72764],[-96.2839,29.72771],[-96.28194,29.72701],[-96.28086,29.72616],[-96.28038,29.72615],[-96.27806,29.72379],[-96.27789,29.7233],[-96.27739,29.72293],[-96.27677,29.72176],[-96.27671,29.72119],[-96.27685,29.72076],[-96.27675,29.72054],[-96.27546,29.71887],[-96.27415,29.71809],[-96.27294,29.7176],[-96.27184,29.71754],[-96.27099,29.71724],[-96.27012,29.71658],[-96.26997,29.71522],[-96.27071,29.71368],[-96.27167,29.71286],[-96.27187,29.71244],[-96.27165,29.7113],[-96.27189,29.71077],[-96.2717,29.70979],[-96.27027,29.70757],[-96.2702,29.70664],[-96.27046,29.70583],[-96.27105,29.7053],[-96.27384,29.70371],[-96.27454,29.70299],[-96.27554,29.70157],[-96.27607,29.70181],[-96.2771,29.70157],[-96.27777,29.70011],[-96.27716,29.69891],[-96.27548,29.69806],[-96.27519,29.69778],[-96.27395,29.69746],[-96.27314,29.69675],[-96.27282,29.69548],[-96.27236,29.69472],[-96.27236,29.69404],[-96.27214,29.69342],[-96.27219,29.69182],[-96.27148,29.69089],[-96.27146,29.69056],[-96.27104,29.69],[-96.26978,29.68921],[-96.26929,29.6887],[-96.26817,29.68831],[-96.26768,29.6876],[-96.26674,29.68705],[-96.2663,29.68696],[-96.26609,29.68665],[-96.26605,29.68594],[-96.26573,29.68576],[-96.26532,29.684],[-96.26512,29.68373],[-96.26508,29.68311],[-96.26434,29.68243],[-96.26384,29.68229],[-96.26352,29.68199],[-96.26316,29.68111],[-96.26322,29.6805],[-96.26241,29.67985],[-96.26223,29.67933],[-96.26188,29.67898],[-96.26196,29.67796],[-96.26176,29.67715],[-96.26212,29.67649],[-96.26203,29.67608],[-96.26241,29.67575],[-96.26262,29.67444],[-96.26194,29.67292],[-96.26135,29.67247],[-96.26116,29.67196],[-96.26052,29.67118],[-96.26067,29.6708],[-96.26039,29.67026],[-96.25976,29.66933],[-96.25955,29.66928],[-96.2593,29.66894],[-96.25908,29.66896],[-96.2567,29.66706],[-96.25594,29.66677],[-96.25476,29.66641],[-96.25419,29.66656],[-96.25319,29.6663],[-96.25221,29.66635],[-96.25191,29.66614],[-96.25128,29.66608],[-96.25086,29.66566],[-96.25036,29.66554],[-96.25032,29.66539],[-96.24767,29.66468],[-96.24677,29.66421],[-96.24579,29.66346],[-96.24507,29.66315],[-96.24432,29.66203],[-96.24389,29.661],[-96.24305,29.66039],[-96.24283,29.65998],[-96.2421,29.65939],[-96.24158,29.65867],[-96.24035,29.65782],[-96.23909,29.65784],[-96.23882,29.65826],[-96.23818,29.65856],[-96.23803,29.65892],[-96.23751,29.65937],[-96.23688,29.65928],[-96.23656,29.65942],[-96.2364,29.66011],[-96.23604,29.66035],[-96.23474,29.66075],[-96.23335,29.66074],[-96.23255,29.66111],[-96.23221,29.66111],[-96.2313,29.66154],[-96.2309,29.66216],[-96.22986,29.66268],[-96.22899,29.66341],[-96.22771,29.66384],[-96.22664,29.66455],[-96.22468,29.66489],[-96.22383,29.66474],[-96.22187,29.66396],[-96.22124,29.66348],[-96.22073,29.66277],[-96.22018,29.66253],[-96.21976,29.6624],[-96.2192,29.66264],[-96.21861,29.66253],[-96.21859,29.66193],[-96.21833,29.66176],[-96.2167,29.66168],[-96.21575,29.66135],[-96.21483,29.66127],[-96.21391,29.66087],[-96.21358,29.66091],[-96.21284,29.66022],[-96.21289,29.65982],[-96.21275,29.65958],[-96.2122,29.65958],[-96.21155,29.65896],[-96.21125,29.65804],[-96.20891,29.65641],[-96.20805,29.65648],[-96.20765,29.65638],[-96.20696,29.65588],[-96.20647,29.6558],[-96.20594,29.65603],[-96.20494,29.65608],[-96.20236,29.65713],[-96.20119,29.65699],[-96.19961,29.65643],[-96.19925,29.65647],[-96.19806,29.65533],[-96.19652,29.6544],[-96.19562,29.65352],[-96.1952,29.65288],[-96.19463,29.65128],[-96.19398,29.65048],[-96.19379,29.64995],[-96.192,29.64889],[-96.19124,29.64867],[-96.19057,29.64785],[-96.18998,29.64757],[-96.18963,29.64665],[-96.18968,29.64627],[-96.18942,29.64547],[-96.18956,29.64469],[-96.18872,29.64368],[-96.1883,29.64289],[-96.18715,29.64232],[-96.18582,29.64207],[-96.1836,29.64202],[-96.1812,29.64124],[-96.1795,29.63928],[-96.17889,29.63703],[-96.1776,29.63539],[-96.17602,29.63437],[-96.17462,29.63314],[-96.17326,29.63255],[-96.17044,29.62934],[-96.16978,29.62924],[-96.1695,29.62885],[-96.1688,29.62887],[-96.168,29.62853],[-96.1668,29.62764],[-96.1654,29.6269],[-96.16536,29.62652],[-96.16344,29.62685],[-96.16217,29.62782],[-96.15941,29.62918],[-96.15744,29.62961],[-96.15659,29.62943],[-96.15627,29.62953],[-96.15523,29.62921],[-96.15306,29.62777],[-96.15076,29.62673],[-96.14885,29.62549],[-96.14836,29.62545],[-96.1439,29.62081],[-96.14318,29.62049],[-96.14215,29.61972],[-96.14025,29.61956],[-96.13745,29.61994],[-96.13587,29.61994],[-96.13413,29.62061],[-96.13275,29.62151],[-96.13196,29.62234],[-96.13131,29.62274],[-96.13084,29.62285],[-96.12919,29.62279],[-96.12854,29.6226],[-96.12737,29.62168],[-96.12678,29.62008],[-96.12593,29.61944],[-96.1245,29.61877],[-96.12215,29.61829],[-96.12154,29.61835],[-96.12081,29.61873],[-96.11992,29.61873],[-96.11913,29.61917],[-96.11842,29.621],[-96.11635,29.62326],[-96.11559,29.6236],[-96.11467,29.62378],[-96.11361,29.62376],[-96.11235,29.62356],[-96.11132,29.62307],[-96.11032,29.6229],[-96.10823,29.62143],[-96.10762,29.62063],[-96.10734,29.61991],[-96.10642,29.61847],[-96.10269,29.61576],[-96.10244,29.61599],[-96.10211,29.61593],[-96.09844,29.6132],[-96.0969,29.61299],[-96.09484,29.6124],[-96.09463,29.61149],[-96.09402,29.61114],[-96.09338,29.60896],[-96.09346,29.60805],[-96.09329,29.60762],[-96.09368,29.60657],[-96.09386,29.60521],[-96.09366,29.60404],[-96.09342,29.60378],[-96.09243,29.60316],[-96.09088,29.60249],[-96.09037,29.60203],[-96.08927,29.60186],[-96.0884,29.60141],[-96.08732,29.60122],[-96.08418,29.60102],[-96.08208,29.59981],[-96.08082,29.59944],[-96.07931,29.59851],[-96.07774,29.59783],[-96.07687,29.59716],[-96.07582,29.59674],[-96.07442,29.59526],[-96.07286,29.5942],[-96.07135,29.59246],[-96.0672,29.59102],[-96.06642,29.59148],[-96.0656,29.59171],[-96.06454,29.59148],[-96.0625,29.59161],[-96.06213,29.59136],[-96.06154,29.59042],[-96.05983,29.58898],[-96.05952,29.58814],[-96.05979,29.58693],[-96.06022,29.5863],[-96.06124,29.58608],[-96.06129,29.58574],[-96.06112,29.58527],[-96.06127,29.58474],[-96.06169,29.58428],[-96.06257,29.58397],[-96.06276,29.58372],[-96.06268,29.58307],[-96.06282,29.5822],[-96.0619,29.58065],[-96.06245,29.57982],[-96.06258,29.57901],[-96.06196,29.57782],[-96.06212,29.57737],[-96.06293,29.57674],[-96.06319,29.57625],[-96.06246,29.575],[-96.06223,29.57421],[-96.0617,29.57363],[-96.06104,29.57224],[-96.06061,29.57076],[-96.06016,29.56999],[-96.06,29.56866],[-96.05929,29.56848],[-96.05885,29.56779],[-96.058,29.56796],[-96.05805,29.56739],[-96.05794,29.56727],[-96.05729,29.56723],[-96.057,29.56747],[-96.05661,29.5671],[-96.05569,29.56676],[-96.05476,29.56583],[-96.05415,29.56545],[-96.05369,29.56545],[-96.05339,29.5652],[-96.05264,29.56513],[-96.05232,29.56526],[-96.05175,29.56487],[-96.05071,29.56457],[-96.05001,29.56462],[-96.04942,29.56422],[-96.04736,29.56376],[-96.04692,29.56321],[-96.04581,29.56296],[-96.0446,29.56224],[-96.0445,29.56183],[-96.04491,29.55925],[-96.0448,29.5589],[-96.04491,29.5579],[-96.04472,29.55764],[-96.0442,29.55752],[-96.04418,29.55695],[-96.04372,29.55675],[-96.04404,29.55644],[-96.04412,29.55613],[-96.0436,29.5559],[-96.04359,29.55529],[-96.04274,29.55437],[-96.04252,29.55379],[-96.04179,29.55323],[-96.04187,29.55233],[-96.04237,29.55192],[-96.04237,29.55141],[-96.04295,29.55056],[-96.0421,29.54994],[-96.04154,29.54979],[-96.04171,29.54885],[-96.04154,29.54849],[-96.04163,29.54796],[-96.04116,29.54745],[-96.04134,29.54674],[-96.04209,29.54627],[-96.04246,29.54562],[-96.04304,29.54532],[-96.04355,29.54401],[-96.04344,29.54348],[-96.04267,29.5437],[-96.04225,29.54352],[-96.04219,29.54273],[-96.04097,29.54199],[-96.04094,29.54083],[-96.04134,29.54037],[-96.04288,29.54029],[-96.04362,29.54058],[-96.04482,29.54037],[-96.04544,29.54043],[-96.04601,29.54008],[-96.0468,29.54027],[-96.04712,29.53996],[-96.04676,29.53959],[-96.04674,29.53937],[-96.048,29.53827],[-96.0492,29.53912],[-96.04867,29.54029],[-96.04895,29.54069],[-96.04947,29.54041],[-96.05009,29.54079],[-96.05053,29.54075],[-96.05107,29.54024],[-96.05106,29.53962],[-96.0514,29.53839],[-96.05233,29.53811],[-96.0528,29.53826],[-96.05285,29.53886],[-96.05408,29.5392],[-96.05542,29.53995],[-96.05598,29.53988],[-96.05642,29.53926],[-96.05642,29.53897],[-96.0561,29.53854],[-96.05606,29.53772],[-96.05558,29.53743],[-96.05552,29.53686],[-96.05497,29.53692],[-96.05469,29.53663],[-96.05448,29.53547],[-96.05447,29.53524],[-96.05505,29.53509],[-96.05514,29.53423],[-96.05546,29.5336],[-96.0552,29.53264],[-96.05541,29.53218],[-96.05537,29.53177],[-96.05499,29.53127],[-96.05465,29.53111],[-96.0555,29.53056],[-96.05555,29.53029],[-96.05468,29.52834],[-96.05563,29.52617],[-96.05564,29.52579],[-96.05523,29.52541],[-96.054,29.52576],[-96.05254,29.52552],[-96.0522,29.52526],[-96.05187,29.52461],[-96.051,29.52409],[-96.05074,29.52359],[-96.05091,29.52302],[-96.0518,29.52243],[-96.05279,29.52113],[-96.05375,29.52025],[-96.05471,29.5198],[-96.05577,29.5183],[-96.05572,29.51791],[-96.05544,29.51772],[-96.05409,29.51761],[-96.05309,29.51621],[-96.0532,29.51589],[-96.05431,29.51581],[-96.05466,29.51547],[-96.0547,29.51454],[-96.0543,29.51434],[-96.05372,29.51333],[-96.05417,29.51251],[-96.05419,29.51216],[-96.05184,29.51153],[-96.05041,29.51149],[-96.04969,29.5111],[-96.0492,29.51048],[-96.04816,29.50991],[-96.04728,29.50967],[-96.04588,29.51023],[-96.04377,29.50985],[-96.04223,29.51007],[-96.04126,29.50978],[-96.03998,29.50964],[-96.03888,29.51024],[-96.03846,29.51021],[-96.03793,29.51046],[-96.03748,29.51037],[-96.03659,29.51082],[-96.03631,29.51081],[-96.03565,29.51064],[-96.03513,29.5103],[-96.03442,29.51031],[-96.03365,29.51],[-96.03298,29.50944],[-96.03175,29.50896],[-96.03014,29.50754],[-96.02966,29.50766],[-96.02875,29.50896],[-96.02776,29.509],[-96.0272,29.50884],[-96.02618,29.50833],[-96.02425,29.50691],[-96.02417,29.50603],[-96.02492,29.50501],[-96.0249,29.50336],[-96.02454,29.5032],[-96.02307,29.50331],[-96.02233,29.50229],[-96.02275,29.50136],[-96.02346,29.50112],[-96.02359,29.50069],[-96.02414,29.49992],[-96.0252,29.49921],[-96.02558,29.49798],[-96.02605,29.4976],[-96.02641,29.49688],[-96.02648,29.49618],[-96.02608,29.49541],[-96.0263,29.49499],[-96.02686,29.49484],[-96.02783,29.49527],[-96.02859,29.49487],[-96.02937,29.49487],[-96.03114,29.49564],[-96.03224,29.49493],[-96.03267,29.49414],[-96.03374,29.49303],[-96.0348,29.49246],[-96.03552,29.49229],[-96.0374,29.4925],[-96.03984,29.49223],[-96.04058,29.49254],[-96.04129,29.49259],[-96.04279,29.49148],[-96.04404,29.49213],[-96.0455,29.49258],[-96.04641,29.49158],[-96.0472,29.49126],[-96.04872,29.49203],[-96.05114,29.49285],[-96.05178,29.49357],[-96.05273,29.49421],[-96.05305,29.49427],[-96.05373,29.49378],[-96.05641,29.49076],[-96.05772,29.49004],[-96.05816,29.49004],[-96.05831,29.49019],[-96.05888,29.49183],[-96.0592,29.49206],[-96.05957,29.49196],[-96.05986,29.49098],[-96.05961,29.49021],[-96.05931,29.49],[-96.05959,29.48988],[-96.06037,29.48751],[-96.06011,29.48713],[-96.05918,29.48662],[-96.05865,29.48609],[-96.05853,29.48527],[-96.05878,29.48486],[-96.0599,29.4842],[-96.06001,29.48369],[-96.05961,29.48291],[-96.05896,29.48249],[-96.05784,29.48219],[-96.05759,29.48157],[-96.05787,29.48121],[-96.059,29.48047],[-96.05951,29.47984],[-96.0597,29.47936],[-96.05965,29.47898],[-96.06063,29.4769],[-96.06068,29.47647],[-96.06046,29.4759],[-96.05994,29.47545],[-96.05912,29.47526],[-96.05883,29.47502],[-96.05883,29.47462],[-96.05966,29.47406],[-96.05992,29.47376],[-96.05989,29.47351],[-96.05937,29.47328],[-96.05854,29.47346],[-96.0578,29.47333],[-96.05706,29.47359],[-96.0563,29.47307],[-96.05622,29.4722],[-96.0546,29.47274],[-96.05374,29.47276],[-96.0519,29.47176],[-96.05149,29.47183],[-96.05071,29.47229],[-96.04987,29.4721],[-96.04951,29.47166],[-96.0495,29.47044],[-96.04877,29.46879],[-96.04901,29.46729],[-96.04937,29.46625],[-96.04847,29.46378],[-96.04851,29.46301],[-96.04875,29.46257],[-96.04851,29.46216],[-96.04798,29.46184],[-96.04746,29.46174],[-96.04525,29.46181],[-96.04391,29.46159],[-96.04336,29.46132],[-96.04317,29.46104],[-96.04308,29.46037],[-96.04368,29.4589],[-96.04375,29.45826],[-96.04364,29.45796],[-96.04286,29.45738],[-96.04162,29.45712],[-96.03947,29.45734],[-96.03902,29.45766],[-96.03942,29.45805],[-96.03916,29.45852],[-96.03894,29.45857],[-96.03819,29.45816],[-96.03793,29.45789],[-96.03748,29.45646],[-96.03772,29.45585],[-96.03848,29.45536],[-96.03892,29.45436],[-96.03888,29.45392],[-96.03824,29.45319],[-96.03774,29.45299],[-96.03485,29.45307],[-96.03379,29.45292],[-96.03328,29.45338],[-96.03317,29.454],[-96.03289,29.45416],[-96.0306,29.45265],[-96.02952,29.45218],[-96.02952,29.44975],[-96.02968,29.44936],[-96.0301,29.44906],[-96.03083,29.44886],[-96.03194,29.44766],[-96.03335,29.44699],[-96.03555,29.44633],[-96.03659,29.44569],[-96.03673,29.44527],[-96.03645,29.44427],[-96.03608,29.44369],[-96.03541,29.44309],[-96.03492,29.44295],[-96.03394,29.4431],[-96.03221,29.44212],[-96.03165,29.44124],[-96.03102,29.44111],[-96.03049,29.44153],[-96.03009,29.4411],[-96.0295,29.44103],[-96.02893,29.44126],[-96.02796,29.44121],[-96.02745,29.44145],[-96.02645,29.44124],[-96.02615,29.44148],[-96.02532,29.44125],[-96.02484,29.44152],[-96.02453,29.44126],[-96.0243,29.44138],[-96.02403,29.44124],[-96.02366,29.44146],[-96.02344,29.44126],[-96.02321,29.44142],[-96.02293,29.44132],[-96.02236,29.44148],[-96.02197,29.44136],[-96.02189,29.44149],[-96.02045,29.44122],[-96.01961,29.44074],[-96.01902,29.4401],[-96.01887,29.43941],[-96.01951,29.43917],[-96.01908,29.43742],[-96.01744,29.43738],[-96.01617,29.43697],[-96.01584,29.43661],[-96.0162,29.43592],[-96.01614,29.4355],[-96.01595,29.43528],[-96.01573,29.43526],[-96.01552,29.43544],[-96.01531,29.43592],[-96.01358,29.43571],[-96.01273,29.43529],[-96.01225,29.43459],[-96.01236,29.43414],[-96.01224,29.43372],[-96.00999,29.43169],[-96.00886,29.42986],[-96.00837,29.42948],[-96.00692,29.429],[-96.00507,29.42933],[-96.00417,29.42875],[-96.00333,29.42919],[-96.00123,29.43104],[-96.00072,29.43128],[-95.99939,29.43157],[-95.99759,29.43155],[-95.99671,29.43213],[-95.99582,29.43227],[-95.9956,29.43257],[-95.99493,29.43297],[-95.99502,29.43372],[-95.99486,29.4338],[-95.99379,29.43363],[-95.9934,29.43378],[-95.99298,29.43362],[-95.99251,29.43397],[-95.99205,29.43391],[-95.99214,29.43323],[-95.99168,29.43253],[-95.99113,29.43213],[-95.99055,29.43065],[-95.98967,29.42929],[-95.98802,29.42811],[-95.98787,29.42784],[-95.9878,29.42753],[-95.98822,29.42592],[-95.98733,29.4242],[-95.9867,29.42378],[-95.98623,29.42316],[-95.98638,29.42234],[-95.98742,29.4216],[-95.98767,29.42107],[-95.98773,29.42022],[-95.98822,29.41872],[-95.98814,29.418],[-95.98768,29.41768],[-95.98605,29.41791],[-95.98559,29.41759],[-95.98532,29.41696],[-95.98557,29.41594],[-95.98548,29.41565],[-95.9838,29.4149],[-95.98285,29.41329],[-95.98269,29.41172],[-95.98236,29.41139],[-95.98212,29.41081],[-95.98104,29.4105],[-95.98006,29.41062],[-95.97858,29.41048],[-95.97634,29.41117],[-95.97455,29.41118],[-95.97408,29.41143],[-95.97357,29.41148],[-95.97241,29.4107],[-95.97226,29.40943],[-95.97086,29.40856],[-95.97069,29.40771],[-95.97102,29.40706],[-95.97183,29.4067],[-95.97178,29.406],[-95.97208,29.40524],[-95.97173,29.4046],[-95.97251,29.40432],[-95.97259,29.4041],[-95.97222,29.40376],[-95.97217,29.4025],[-95.97147,29.40201],[-95.97116,29.4008],[-95.97046,29.40022],[-95.96969,29.39922],[-95.96945,29.39782],[-95.96915,29.39728],[-95.96954,29.39654],[-95.96904,29.39621],[-95.97007,29.39557],[-95.97013,29.39539],[-95.97007,29.39522],[-95.96926,29.39475],[-95.96923,29.39237],[-95.96952,29.39189],[-95.96793,29.39072],[-95.96805,29.39021],[-95.96764,29.38986],[-95.96764,29.38913],[-95.96708,29.38812],[-95.96733,29.38759],[-95.96705,29.38713],[-95.96769,29.38677],[-95.96765,29.38555],[-95.96825,29.38482],[-95.96816,29.38464],[-95.96768,29.38461],[-95.96747,29.38438],[-95.96834,29.38397],[-95.96853,29.38373],[-95.96848,29.38351],[-95.96722,29.38286],[-95.96715,29.38263],[-95.96739,29.38197],[-95.96644,29.38171],[-95.96522,29.38113],[-95.96484,29.3804],[-95.96411,29.37995],[-95.96384,29.37999],[-95.96303,29.38095],[-95.96211,29.38095],[-95.9614,29.3804],[-95.96075,29.38039],[-95.96037,29.38066],[-95.96034,29.38142],[-95.95991,29.3816],[-95.95928,29.38112],[-95.95807,29.38118],[-95.95766,29.37968],[-95.95741,29.37938],[-95.9571,29.37937],[-95.95621,29.38002],[-95.95486,29.37959],[-95.9545,29.37922],[-95.95445,29.37887],[-95.95491,29.37817],[-95.95458,29.37777],[-95.95435,29.37711],[-95.95354,29.37681],[-95.95242,29.37724],[-95.95174,29.37625],[-95.95081,29.37608],[-95.95011,29.37554],[-95.94966,29.375],[-95.94963,29.37423],[-95.94945,29.37389],[-95.9474,29.37278],[-95.94739,29.37233],[-95.94815,29.37186],[-95.94823,29.37141],[-95.94807,29.37119],[-95.94752,29.37106],[-95.94746,29.36999],[-95.94645,29.36887],[-95.94628,29.36792],[-95.94543,29.36697],[-95.94495,29.36671],[-95.94534,29.36539],[-95.94473,29.36477],[-95.9446,29.36382],[-95.94481,29.36343],[-95.94481,29.36302],[-95.94441,29.36266],[-95.94413,29.36119],[-95.94386,29.36115],[-95.94287,29.3615],[-95.94265,29.36138],[-95.94214,29.3601],[-95.94156,29.35956],[-95.94093,29.35973],[-95.94043,29.36087],[-95.94018,29.36099],[-95.93939,29.36026],[-95.93746,29.35895],[-95.93655,29.35869],[-95.93652,29.35835],[-95.93689,29.35791],[-95.93729,29.35797],[-95.93786,29.35833],[-95.93876,29.35771],[-95.93889,29.35697],[-95.93849,29.35667],[-95.93848,29.3563],[-95.93915,29.3559],[-95.93955,29.35525],[-95.93962,29.354],[-95.93945,29.35285],[-95.94002,29.35169],[-95.94115,29.35246],[-95.94194,29.35252],[-95.94322,29.35169],[-95.9441,29.35154],[-95.94446,29.35168],[-95.94549,29.35284],[-95.94584,29.35298],[-95.9461,29.35265],[-95.94645,29.35059],[-95.94676,29.3498],[-95.947,29.34965],[-95.94736,29.34972],[-95.94821,29.35048],[-95.94844,29.35125],[-95.9491,29.35147],[-95.94964,29.35113],[-95.94984,29.35071],[-95.94974,29.34895],[-95.95011,29.34817],[-95.95097,29.34781],[-95.95208,29.3481],[-95.95258,29.34804],[-95.9526,29.34759],[-95.95217,29.34689],[-95.95219,29.34616],[-95.95328,29.34536],[-95.95338,29.34508],[-95.95315,29.34402],[-95.95243,29.34269],[-95.95136,29.34221],[-95.95077,29.34165],[-95.94989,29.3413],[-95.94958,29.34101],[-95.94945,29.34025],[-95.94977,29.33966],[-95.94951,29.33837],[-95.95067,29.33666],[-95.94977,29.33559],[-95.94918,29.33517],[-95.94826,29.33482],[-95.94681,29.33343],[-95.94473,29.33232],[-95.94219,29.33184],[-95.94159,29.3315],[-95.9402,29.3317],[-95.93903,29.33105],[-95.93824,29.33034],[-95.93747,29.33014],[-95.93601,29.33034],[-95.93437,29.3293],[-95.93268,29.32856],[-95.93159,29.32848],[-95.92925,29.32894],[-95.92816,29.32899],[-95.92546,29.32969],[-95.92396,29.32963],[-95.92301,29.32927],[-95.92276,29.32938],[-95.92221,29.32864],[-95.92001,29.32685],[-95.919,29.32577],[-95.91892,29.32358],[-95.9178,29.32187],[-95.91721,29.31999],[-95.91661,29.31937],[-95.91535,29.31904],[-95.91461,29.31865],[-95.91275,29.3186],[-95.9097,29.31793],[-95.90659,29.31692],[-95.90508,29.31723],[-95.90435,29.31717],[-95.90192,29.31599],[-95.90049,29.31568],[-95.89911,29.31461],[-95.89863,29.31441],[-95.89771,29.31452],[-95.89714,29.31487],[-95.8956,29.31523],[-95.89447,29.31498],[-95.89411,29.31463],[-95.89383,29.31385],[-95.89285,29.31237],[-95.89275,29.31094],[-95.89301,29.3104],[-95.89447,29.30886],[-95.89615,29.30673],[-95.89617,29.30595],[-95.89569,29.30506],[-95.89568,29.30392],[-95.89652,29.301],[-95.89754,29.29928],[-95.89681,29.29818],[-95.89594,29.29726],[-95.89401,29.29612],[-95.89328,29.29553],[-95.89294,29.29513],[-95.89281,29.29405],[-95.89127,29.2927],[-95.89092,29.29214],[-95.8896,29.28713],[-95.88816,29.28514],[-95.88571,29.28059],[-95.88467,29.27921],[-95.88496,29.27674],[-95.88489,29.27414],[-95.88446,29.27335],[-95.88281,29.27174],[-95.88159,29.27121],[-95.88051,29.27096],[-95.8799,29.27042],[-95.87949,29.2691],[-95.87978,29.2671],[-95.87919,29.26641],[-95.87808,29.26582],[-95.87704,29.26574],[-95.87456,29.26647],[-95.87231,29.26674],[-95.8706,29.26774],[-95.86935,29.26894],[-95.86875,29.26927],[-95.86801,29.26921],[-95.86732,29.26893],[-95.86621,29.2682],[-95.86556,29.26754],[-95.86489,29.26725],[-95.86363,29.26724],[-95.8615,29.26779],[-95.85995,29.26771],[-95.85757,29.26812],[-95.85653,29.26778],[-95.85575,29.26704],[-95.85392,29.26597],[-95.85295,29.266],[-95.8526,29.26632],[-95.85118,29.26637],[-95.85075,29.26622],[-95.85,29.26542],[-95.8498,29.26436],[-95.84952,29.26392],[-95.84812,29.26309],[-95.84573,29.26097],[-95.84456,29.2605],[-95.8432,29.26036],[-95.8425,29.25993],[-95.84211,29.2594],[-95.84195,29.25871],[-95.85106,29.25033],[-95.85991,29.2426],[-95.87386,29.23],[-95.87403,29.2297],[-95.84467,29.20468],[-95.85781,29.19331],[-95.83837,29.17656],[-95.84171,29.17352],[-95.84089,29.17303],[-95.83981,29.17294],[-95.83941,29.17267],[-95.83945,29.1721],[-95.84011,29.17167],[-95.84043,29.17104],[-95.84028,29.16996],[-95.83954,29.169],[-95.83972,29.16844],[-95.84027,29.16809],[-95.84126,29.16816],[-95.8418,29.16825],[-95.84262,29.16882],[-95.84321,29.16903],[-95.84519,29.16756],[-95.8457,29.16748],[-95.84661,29.16764],[-95.84688,29.16747],[-95.847,29.16707],[-95.84654,29.1662],[-95.84674,29.16555],[-95.84738,29.16536],[-95.84839,29.16542],[-95.84893,29.1649],[-95.84895,29.16438],[-95.84808,29.16336],[-95.84811,29.16235],[-95.8477,29.16035],[-95.84813,29.15991],[-95.84867,29.15999],[-95.84936,29.16043],[-95.85019,29.15994],[-95.84989,29.15761],[-95.84996,29.15734],[-95.85049,29.15692],[-95.85049,29.15649],[-95.85025,29.15611],[-95.84954,29.15568],[-95.84901,29.15478],[-95.84911,29.15444],[-95.85062,29.1529],[-95.8507,29.15188],[-95.85028,29.15118],[-95.84976,29.15072],[-95.84976,29.15043],[-95.84946,29.15005],[-95.84922,29.14934],[-95.84882,29.14918],[-95.84813,29.14823],[-95.84797,29.14747],[-95.8482,29.14647],[-95.84806,29.14623],[-95.8472,29.14582],[-95.84475,29.14523],[-95.84374,29.14407],[-95.84361,29.14373],[-95.84361,29.14266],[-95.8433,29.14237],[-95.84272,29.1423],[-95.84147,29.14266],[-95.84061,29.14271],[-95.83988,29.14226],[-95.8398,29.14164],[-95.84007,29.14092],[-95.84002,29.14018],[-95.83934,29.13873],[-95.8393,29.13808],[-95.83832,29.13681],[-95.8384,29.13575],[-95.83807,29.1351],[-95.83776,29.13356],[-95.83793,29.13289],[-95.83795,29.13125],[-95.83754,29.12991],[-95.83851,29.12864],[-95.83896,29.12717],[-95.84083,29.12399],[-95.84094,29.12279],[-95.84042,29.122],[-95.84045,29.12146],[-95.84076,29.12008],[-95.8415,29.11914],[-95.84158,29.11735],[-95.84243,29.11667],[-95.84223,29.1162],[-95.84082,29.11519],[-95.8408,29.11469],[-95.84112,29.11426],[-95.84226,29.11409],[-95.84272,29.11336],[-95.84361,29.11278],[-95.84371,29.11242],[-95.84358,29.11098],[-95.8438,29.11044],[-95.8447,29.10923],[-95.84631,29.1078],[-95.84638,29.10743],[-95.84593,29.10693],[-95.84511,29.10676],[-95.84372,29.10702],[-95.84321,29.10657],[-95.84357,29.10545],[-95.8429,29.10388],[-95.84293,29.10262],[-95.84142,29.10153],[-95.84091,29.10085],[-95.84105,29.10045],[-95.84213,29.10015],[-95.84219,29.09975],[-95.84189,29.09909],[-95.8415,29.09862],[-95.83999,29.09819],[-95.83904,29.0976],[-95.83853,29.09509],[-95.83645,29.09285],[-95.83602,29.09269],[-95.83549,29.09283],[-95.83443,29.09399],[-95.834,29.09407],[-95.83285,29.09293],[-95.832,29.09253],[-95.83203,29.09188],[-95.83176,29.09133],[-95.82978,29.08967],[-95.82912,29.08892],[-95.82841,29.08966],[-95.82809,29.08976],[-95.82676,29.08969],[-95.82553,29.0903],[-95.82213,29.09068],[-95.82072,29.09043],[-95.8198,29.09049],[-95.81776,29.08948],[-95.81649,29.08983],[-95.81587,29.08969],[-95.81414,29.09003],[-95.81151,29.08983],[-95.81024,29.09031],[-95.80876,29.09128],[-95.80798,29.09118],[-95.80761,29.0907],[-95.80716,29.09074],[-95.80669,29.09047],[-95.80591,29.09054],[-95.80554,29.0897],[-95.80429,29.08875],[-95.80368,29.088],[-95.80351,29.08686],[-95.80355,29.08449],[-95.80339,29.084],[-95.80271,29.08343],[-95.80224,29.08269],[-95.80142,29.08245],[-95.80126,29.0822],[-95.80162,29.08047],[-95.80147,29.07999],[-95.80084,29.07971],[-95.79903,29.08021],[-95.79817,29.08014],[-95.79753,29.08031],[-95.79708,29.0801],[-95.79674,29.07812],[-95.7953,29.07672],[-95.79505,29.07536],[-95.79515,29.07437],[-95.79465,29.07402],[-95.79434,29.07339],[-95.79393,29.07322],[-95.79343,29.07222],[-95.79263,29.07201],[-95.79162,29.07112],[-95.78974,29.07057],[-95.78927,29.06993],[-95.78875,29.06952],[-95.78528,29.06811],[-95.78425,29.06728],[-95.78265,29.06687],[-95.78158,29.0659],[-95.78088,29.06559],[-95.77371,29.06445],[-95.77298,29.06488],[-95.77234,29.06584],[-95.77178,29.06635],[-95.77135,29.06646],[-95.77075,29.06636],[-95.77045,29.06621],[-95.77003,29.06555],[-95.76959,29.0636],[-95.76906,29.06264],[-95.76866,29.06233],[-95.76711,29.06195],[-95.76564,29.06127],[-95.76509,29.06085],[-95.76511,29.06019],[-95.76539,29.05986],[-95.76657,29.05993],[-95.7672,29.05964],[-95.76773,29.05903],[-95.76769,29.0587],[-95.76741,29.05852],[-95.76642,29.05874],[-95.76605,29.05859],[-95.76618,29.05794],[-95.76688,29.05726],[-95.76676,29.05606],[-95.76705,29.05545],[-95.76705,29.05505],[-95.76767,29.0543],[-95.76755,29.05325],[-95.76853,29.05274],[-95.76907,29.05217],[-95.76981,29.0521],[-95.77013,29.05188],[-95.77059,29.05188],[-95.77112,29.05221],[-95.77206,29.05224],[-95.77345,29.05286],[-95.77588,29.05218],[-95.77608,29.05196],[-95.77609,29.05139],[-95.77662,29.05088],[-95.77646,29.04994],[-95.77695,29.04882],[-95.77685,29.04789],[-95.77729,29.048],[-95.7775,29.04789],[-95.77742,29.04736],[-95.77697,29.04679],[-95.77688,29.04602],[-95.77747,29.04436],[-95.77787,29.04438],[-95.7784,29.04477],[-95.77908,29.04384],[-95.77987,29.04351],[-95.78145,29.04355],[-95.78193,29.04339],[-95.7827,29.04366],[-95.78329,29.04345],[-95.78399,29.04265],[-95.78411,29.04176],[-95.78382,29.04105],[-95.78392,29.04073],[-95.78537,29.0395],[-95.7855,29.03915],[-95.78528,29.03874],[-95.78414,29.03808],[-95.78252,29.03831],[-95.78125,29.03761],[-95.78102,29.03732],[-95.7811,29.03658],[-95.78082,29.03594],[-95.78107,29.03516],[-95.78057,29.03475],[-95.77967,29.03474],[-95.77928,29.03449],[-95.7794,29.03414],[-95.78073,29.03305],[-95.78161,29.03208],[-95.78185,29.03145],[-95.78278,29.03104],[-95.78336,29.03043],[-95.7841,29.03036],[-95.78394,29.02927],[-95.78406,29.02819],[-95.78384,29.02786],[-95.78346,29.02769],[-95.78311,29.0278],[-95.78252,29.02769],[-95.78202,29.02808],[-95.7806,29.02804],[-95.77911,29.02706],[-95.77855,29.0265],[-95.77846,29.02545],[-95.77801,29.0248],[-95.77834,29.02316],[-95.77886,29.02243],[-95.77969,29.02197],[-95.78019,29.02202],[-95.78076,29.02242],[-95.78108,29.02237],[-95.78211,29.02157],[-95.78203,29.02087],[-95.78143,29.02035],[-95.77938,29.01969],[-95.77789,29.01892],[-95.77669,29.01866],[-95.77635,29.01844],[-95.7761,29.01789],[-95.77624,29.01767],[-95.77677,29.01741],[-95.77873,29.01735],[-95.77959,29.01692],[-95.77992,29.01652],[-95.77994,29.01607],[-95.77935,29.01415],[-95.77995,29.01294],[-95.77978,29.01244],[-95.77912,29.01156],[-95.77925,29.01084],[-95.7838,29.0101],[-95.78404,29.0106],[-95.78332,29.01146],[-95.78351,29.01253],[-95.78394,29.01282],[-95.78454,29.01269],[-95.78516,29.0123],[-95.78531,29.01175],[-95.78499,29.01033],[-95.78512,29.00921],[-95.7844,29.00751],[-95.7839,29.00685],[-95.78317,29.00643],[-95.78166,29.00717],[-95.77943,29.00684],[-95.77927,29.00705],[-95.77952,29.00801],[-95.77926,29.00858],[-95.77892,29.00885],[-95.77788,29.00913],[-95.77737,29.00798],[-95.77485,29.00615],[-95.77311,29.0056],[-95.77258,29.00563],[-95.77193,29.00602],[-95.77138,29.00615],[-95.77004,29.0058],[-95.76934,29.00546],[-95.76895,29.00481],[-95.76795,29.00421],[-95.76771,29.00384],[-95.76774,29.00325],[-95.76806,29.00294],[-95.76908,29.0027],[-95.76978,29.00288],[-95.77051,29.0034],[-95.77175,29.0053],[-95.77219,29.00536],[-95.77256,29.00519],[-95.7728,29.00473],[-95.77285,29.00368],[-95.77316,29.00309],[-95.77362,29.00263],[-95.7747,29.0022],[-95.77492,29.00198],[-95.77528,29.00075],[-95.77563,29.00033],[-95.77689,28.9996],[-95.77834,28.99705],[-95.77798,28.99646],[-95.7773,28.99588],[-95.7773,28.99522],[-95.77692,28.99474],[-95.77521,28.9944],[-95.77336,28.99428],[-95.77221,28.99445],[-95.77028,28.99321],[-95.77024,28.99236],[-95.7696,28.99196],[-95.76928,28.99148],[-95.76884,28.99143],[-95.76784,28.99198],[-95.76751,28.99191],[-95.7672,28.99161],[-95.76749,28.99028],[-95.76706,28.98921],[-95.76717,28.98871],[-95.76799,28.988],[-95.76842,28.98785],[-95.76894,28.98811],[-95.76926,28.9889],[-95.76989,28.98866],[-95.77005,28.98841],[-95.76999,28.98785],[-95.76954,28.98606],[-95.77039,28.98519],[-95.77052,28.98486],[-95.77021,28.98445],[-95.77028,28.98363],[-95.77005,28.98311],[-95.76925,28.98274],[-95.76845,28.98204],[-95.7672,28.98165],[-95.76636,28.98103],[-95.76573,28.98026],[-95.76561,28.97948],[-95.76595,28.97918],[-95.76679,28.97927],[-95.76782,28.97849],[-95.76887,28.97819],[-95.76935,28.97781],[-95.77016,28.97665],[-95.77057,28.97576],[-95.77072,28.97501],[-95.77032,28.97262],[-95.77007,28.97205],[-95.76825,28.96987],[-95.76649,28.96883],[-95.76592,28.96826],[-95.76514,28.96781],[-95.76494,28.96736],[-95.73699,28.96778],[-95.72818,28.96801],[-95.7283,28.96811],[-95.70718,28.96855],[-95.70546,28.96862],[-95.7048,28.9689],[-95.70391,28.96895],[-95.70207,28.96935],[-95.70167,28.96916],[-95.70106,28.96936],[-95.70065,28.96917],[-95.69991,28.96958],[-95.69913,28.96954],[-95.69774,28.96797],[-95.69761,28.96709],[-95.69771,28.9663],[-95.69741,28.96594],[-95.6969,28.96588],[-95.69643,28.96552],[-95.69528,28.96527],[-95.69418,28.96529],[-95.69194,28.96463],[-95.69158,28.96463],[-95.69122,28.96495],[-95.69087,28.96502],[-95.69001,28.96412],[-95.68682,28.96274],[-95.68424,28.96047],[-95.68382,28.96047],[-95.68343,28.96075],[-95.68318,28.96169],[-95.68271,28.96223],[-95.68204,28.96377],[-95.68118,28.96465],[-95.67966,28.96571],[-95.67842,28.96551],[-95.67815,28.96494],[-95.67785,28.96471],[-95.67621,28.96477],[-95.67513,28.96424],[-95.67424,28.96257],[-95.67309,28.96148],[-95.67199,28.96076],[-95.67167,28.96013],[-95.67033,28.95855],[-95.66939,28.95671],[-95.66886,28.95623],[-95.66731,28.95562],[-95.66502,28.95499],[-95.66408,28.95423],[-95.6626,28.95441],[-95.66195,28.95383],[-95.66064,28.9539],[-95.65986,28.95303],[-95.6583,28.9527],[-95.65736,28.95269],[-95.65642,28.95179],[-95.6554,28.95171],[-95.65507,28.95153],[-95.65479,28.95106],[-95.65471,28.95019],[-95.6543,28.94972],[-95.65377,28.94961],[-95.65324,28.94921],[-95.65279,28.94784],[-95.65149,28.94646],[-95.65075,28.94534],[-95.65051,28.94425],[-95.64961,28.94324],[-95.64937,28.94251],[-95.64582,28.93889],[-95.64582,28.93853],[-95.64611,28.93795],[-95.64755,28.93662],[-95.64875,28.93471],[-95.6495,28.93247],[-95.65032,28.93102],[-95.65028,28.92976],[-95.65111,28.92864],[-95.65123,28.92825],[-95.65132,28.92687],[-95.6519,28.92568],[-95.65179,28.92333],[-95.65122,28.92243],[-95.65122,28.92192],[-95.65155,28.92091],[-95.65156,28.92001],[-95.65107,28.91925],[-95.64812,28.91743],[-95.64678,28.9158],[-95.64556,28.91363],[-95.64503,28.91229],[-95.64504,28.91131],[-95.64549,28.91034],[-95.64545,28.90972],[-95.64289,28.90578],[-95.64212,28.90426],[-95.64167,28.90375],[-95.64052,28.90327],[-95.63975,28.90327],[-95.6386,28.90374],[-95.63753,28.90374],[-95.63651,28.90323],[-95.63594,28.90239],[-95.63566,28.90076],[-95.6351,28.89932],[-95.63444,28.89838],[-95.63351,28.89747],[-95.63297,28.89729],[-95.63072,28.89739],[-95.63019,28.89724],[-95.62921,28.89666],[-95.62701,28.8947],[-95.62512,28.89404],[-95.62324,28.89371],[-95.62173,28.89215],[-95.62035,28.88987],[-95.61921,28.889],[-95.6186,28.88795],[-95.6175,28.88675],[-95.61689,28.88545],[-95.61648,28.88505],[-95.61489,28.88443],[-95.61346,28.88309],[-95.61285,28.88287],[-95.61121,28.88287],[-95.60917,28.88138],[-95.60839,28.88137],[-95.60786,28.88119],[-95.60749,28.88086],[-95.60721,28.88],[-95.60693,28.87967],[-95.60505,28.87887],[-95.60394,28.87875],[-95.60317,28.87828],[-95.60296,28.8781],[-95.60256,28.87655],[-95.60207,28.87615],[-95.59679,28.87325],[-95.59617,28.87247],[-95.59547,28.87233],[-95.59486,28.87193],[-95.59388,28.8716],[-95.59217,28.86978],[-95.59131,28.86967],[-95.59082,28.86981],[-95.59029,28.86916],[-95.59013,28.86851],[-95.58951,28.86822],[-95.58841,28.86709],[-95.58703,28.86618],[-95.58707,28.86535],[-95.58634,28.86434],[-95.58589,28.86307],[-95.58496,28.86188],[-95.58398,28.86137],[-95.58312,28.8606],[-95.58116,28.86056],[-95.57993,28.86016],[-95.57924,28.85961],[-95.57912,28.85914],[-95.57945,28.85853],[-95.57929,28.8573],[-95.57795,28.8556],[-95.57672,28.85496],[-95.57616,28.85242],[-95.57688,28.84995],[-95.57662,28.84931],[-95.57669,28.84877],[-95.5773,28.84812],[-95.57753,28.84669],[-95.578,28.84515],[-95.57831,28.84435],[-95.57928,28.84279],[-95.57939,28.84124],[-95.57902,28.83963],[-95.57783,28.83803],[-95.57714,28.83748],[-95.57697,28.83654],[-95.57546,28.83526],[-95.57367,28.83277],[-95.57296,28.83236],[-95.57188,28.83223],[-95.57104,28.83123],[-95.57046,28.83111],[-95.56752,28.82972],[-95.56641,28.83011],[-95.56589,28.83057],[-95.5653,28.83053],[-95.56435,28.82965],[-95.5639,28.82951],[-95.56285,28.8299],[-95.55968,28.82989],[-95.55819,28.83053],[-95.55758,28.83056],[-95.55666,28.83019],[-95.55586,28.83011],[-95.55491,28.83042],[-95.55081,28.82874],[-95.55022,28.8288],[-95.54802,28.83037],[-95.54361,28.83263],[-95.54242,28.83249],[-95.54188,28.83226],[-95.54169,28.83158],[-95.54185,28.83082],[-95.54172,28.83047],[-95.5414,28.83037],[-95.54109,28.83045],[-95.54036,28.83145],[-95.53986,28.83163],[-95.53874,28.83144],[-95.53848,28.83183],[-95.53825,28.83291],[-95.53756,28.83295],[-95.53596,28.83261],[-95.53562,28.83227],[-95.53599,28.83156],[-95.53601,28.83107],[-95.53584,28.83096],[-95.53513,28.83097],[-95.53475,28.83048],[-95.53355,28.82993],[-95.53189,28.82959],[-95.53101,28.82906],[-95.53047,28.8291],[-95.52188,28.83385],[-95.52052,28.83401],[-95.51598,28.83511],[-95.50867,28.83713],[-95.50498,28.8379],[-95.5041,28.83773],[-95.50388,28.83366],[-95.50406,28.83278],[-95.50459,28.8316],[-95.50452,28.82983],[-95.50408,28.82865],[-95.50462,28.8282],[-95.50625,28.82777],[-95.50676,28.8272],[-95.50731,28.82576],[-95.50022,28.78682],[-95.50022,28.78557],[-95.49565,28.76484],[-95.49389,28.76534],[-95.42007,28.80563],[-95.41307,28.80532],[-95.4017,28.80592],[-95.39417,28.807],[-95.3839,28.80939],[-95.37799,28.81028],[-95.36544,28.81376],[-95.35347,28.81786],[-95.34031,28.82327],[-95.33052,28.82829],[-95.32294,28.83368],[-95.32211,28.83444],[-95.31496,28.84286],[-95.3102,28.85096],[-95.30974,28.85209],[-95.30812,28.85883],[-95.29081,28.87164],[-95.26736,28.88506],[-95.25279,28.8926],[-95.24168,28.89996],[-95.22723,28.91038],[-95.20643,28.92669],[-95.18084,28.94893],[-95.1567,28.97427],[-95.13947,28.9917],[-95.12577,29.00299],[-95.11512,29.00863],[-95.10653,29.01493],[-95.10545,29.01605],[-95.09434,29.03224],[-95.0938,29.03333],[-95.08904,29.04805],[-95.08726,29.058],[-95.09162,29.06274],[-95.08836,29.0652],[-95.0864,29.06824],[-95.0002,29.10445],[-94.96424,29.12524],[-94.96366,29.12524],[-94.91217,29.15932],[-94.84015,29.19835],[-94.83939,29.19852],[-94.77269,29.23172],[-94.75074,29.24693],[-94.75019,29.24741],[-94.74793,29.25024],[-94.74808,29.25024],[-94.74117,29.25958],[-94.71331,29.28252],[-94.70756,29.28078],[-94.69231,29.27705],[-94.6803,29.2776],[-94.66622,29.28105],[-94.65964,29.28514],[-94.65036,29.29189],[-94.64242,29.30014],[-94.63802,29.30796],[-94.63349,29.31445],[-94.62903,29.32164],[-94.62731,29.3279],[-94.62417,29.3352],[-94.62396,29.33784],[-94.6239,29.34314],[-94.62519,29.34776],[-94.62519,29.34952],[-94.62859,29.35828],[-94.63605,29.37064],[-94.64082,29.37523],[-94.64356,29.37849],[-94.64698,29.38101],[-94.65031,29.38282],[-94.62519,29.39766],[-94.50019,29.45159],[-94.49945,29.45234],[-94.41995,29.48306],[-94.41925,29.48345],[-94.37519,29.50013],[-94.37249,29.49974],[-94.37035,29.50023],[-94.36936,29.50062]]]},"properties":{"GEOID":"26420","NAME":"Houston-Pasadena-The Woodlands, TX Metro Area"}},{"type":"Feature","geometry":{"type":"Polygon","coordinates":[[[-80.98725,28.613],[-80.98898,28.61336],[-80.98988,28.61393],[-80.9905,28.61492],[-80.99041,28.61652],[-80.99001,28.61712],[-80.98947,28.61719],[-80.98827,28.61682],[-80.98735,28.61726],[-80.98687,28.61791],[-80.98842,28.62133],[-80.98856,28.62192],[-80.98835,28.62354],[-80.98876,28.62452],[-80.98907,28.62475],[-80.98964,28.62477],[-80.99235,28.62303],[-80.99352,28.62185],[-80.99454,28.6217],[-80.99612,28.62412],[-80.99692,28.62492],[-80.9985,28.62606],[-80.99957,28.62741],[-80.99967,28.6281],[-80.99933,28.62865],[-80.99886,28.62888],[-80.99822,28.62959],[-80.99818,28.63058],[-80.99939,28.63017],[-81.0,28.63027],[-81.00244,28.6314],[-81.00552,28.63454],[-81.00634,28.63577],[-81.0071,28.63633],[-81.00705,28.63711],[-81.00511,28.63889],[-81.00376,28.63927],[-81.00257,28.63986],[-81.00131,28.63953],[-81.00106,28.64001],[-81.00122,28.64105],[-81.00236,28.64295],[-81.00329,28.64496],[-81.00334,28.64659],[-81.00309,28.64813],[-81.00452,28.64952],[-81.00496,28.65064],[-81.00582,28.65181],[-81.0059,28.65317],[-81.00827,28.65875],[-81.00843,28.66014],[-81.00799,28.66077],[-81.00777,28.66153],[-81.00723,28.66245],[-81.00723,28.66345],[-81.01104,28.66808],[-81.01407,28.67035],[-81.01684,28.67175],[-81.02048,28.67322],[-81.02129,28.67425],[-81.02142,28.67517],[-81.02117,28.67759],[-81.02122,28.67916],[-81.02162,28.68289],[-81.0213,28.68524],[-81.01995,28.68726],[-81.01997,28.68855],[-81.01702,28.69009],[-81.01655,28.69077],[-81.01635,28.69193],[-81.01665,28.69304],[-81.01727,28.69415],[-81.0184,28.69516],[-81.01888,28.69616],[-81.02045,28.69781],[-81.0204,28.69958],[-81.02083,28.7005],[-81.02145,28.70114],[-81.02351,28.70254],[-81.0253,28.70313],[-81.02591,28.70394],[-81.02654,28.70437],[-81.02751,28.70458],[-81.0292,28.70557],[-81.03077,28.70678],[-81.03239,28.70747],[-81.03336,28.70806],[-81.03474,28.70939],[-81.03498,28.70986],[-81.03553,28.7126],[-81.03527,28.71359],[-81.03525,28.71462],[-81.03494,28.7154],[-81.03385,28.71671],[-81.03376,28.7177],[-81.034,28.71857],[-81.03434,28.71908],[-81.03514,28.71944],[-81.03656,28.7197],[-81.03755,28.72022],[-81.03883,28.72159],[-81.03873,28.72236],[-81.03816,28.72268],[-81.03736,28.72241],[-81.03639,28.72253],[-81.03597,28.72324],[-81.03604,28.7241],[-81.03645,28.72494],[-81.03722,28.72543],[-81.04106,28.72644],[-81.04144,28.72666],[-81.04147,28.72714],[-81.04117,28.72787],[-81.04071,28.72834],[-81.04068,28.72911],[-81.04095,28.72974],[-81.05768,28.74512],[-81.06111,28.75],[-81.06109,28.75674],[-81.06056,28.76199],[-81.05309,28.77356],[-81.05395,28.77754],[-81.05553,28.78484],[-81.05576,28.78562],[-81.05664,28.78717],[-81.05706,28.79045],[-81.05767,28.79216],[-81.05866,28.79416],[-81.06016,28.79611],[-81.06207,28.79811],[-81.06337,28.79944],[-81.06744,28.80304],[-81.06781,28.80371],[-81.06789,28.80449],[-81.06773,28.80526],[-81.06666,28.80705],[-81.06624,28.80806],[-81.06615,28.81008],[-81.06671,28.81173],[-81.06741,28.81299],[-81.06849,28.81382],[-81.07004,28.8147],[-81.07065,28.81491],[-81.07316,28.81486],[-81.07392,28.81528],[-81.07448,28.81579],[-81.07474,28.8163],[-81.07535,28.81851],[-81.07608,28.81932],[-81.07728,28.81958],[-81.07817,28.81924],[-81.07943,28.81718],[-81.0805,28.81654],[-81.08317,28.81563],[-81.08477,28.81574],[-81.08559,28.81627],[-81.08609,28.8168],[-81.08698,28.81829],[-81.08932,28.82054],[-81.09009,28.82174],[-81.09093,28.82352],[-81.09194,28.82465],[-81.09329,28.8248],[-81.09364,28.82467],[-81.09482,28.82385],[-81.09601,28.82209],[-81.09725,28.82153],[-81.09773,28.82152],[-81.09873,28.82192],[-81.09948,28.82318],[-81.09994,28.8235],[-81.10217,28.82408],[-81.10349,28.82481],[-81.10407,28.82584],[-81.10423,28.82785],[-81.10477,28.82832],[-81.10529,28.82848],[-81.11109,28.82843],[-81.11172,28.82822],[-81.11345,28.82673],[-81.11418,28.82637],[-81.11513,28.82614],[-81.11829,28.82648],[-81.11978,28.82616],[-81.12092,28.82526],[-81.12135,28.8246],[-81.1226,28.82329],[-81.12418,28.82228],[-81.12479,28.82223],[-81.12592,28.82166],[-81.12659,28.8209],[-81.1265,28.82043],[-81.12526,28.81932],[-81.1245,28.8172],[-81.12346,28.81542],[-81.12314,28.81413],[-81.12369,28.81198],[-81.12484,28.81065],[-81.13041,28.80699],[-81.13108,28.8063],[-81.13119,28.80574],[-81.1305,28.8048],[-81.12977,28.80425],[-81.12918,28.80225],[-81.129,28.80021],[-81.12929,28.79945],[-81.13026,28.79854],[-81.13354,28.79845],[-81.13649,28.79785],[-81.13838,28.79739],[-81.13975,28.79678],[-81.14033,28.79624],[-81.14041,28.79597],[-81.13978,28.79523],[-81.1389,28.79486],[-81.13726,28.79493],[-81.13654,28.79475],[-81.13607,28.79435],[-81.13564,28.7935],[-81.13566,28.79309],[-81.13617,28.79222],[-81.13802,28.79126],[-81.13989,28.79125],[-81.14436,28.79157],[-81.14892,28.79221],[-81.15394,28.79142],[-81.15542,28.79139],[-81.15639,28.79177],[-81.15913,28.79093],[-81.16038,28.79086],[-81.16433,28.78944],[-81.16534,28.78875],[-81.16711,28.78731],[-81.1685,28.78574],[-81.16974,28.78361],[-81.17073,28.78304],[-81.17098,28.78315],[-81.17081,28.78501],[-81.17121,28.78577],[-81.17159,28.78603],[-81.17492,28.78609],[-81.17758,28.78587],[-81.1777,28.78529],[-81.17789,28.78511],[-81.17753,28.78458],[-81.17746,28.78292],[-81.17782,28.78241],[-81.17894,28.78189],[-81.18045,28.78237],[-81.18124,28.78287],[-81.18143,28.78328],[-81.18076,28.78487],[-81.18059,28.78596],[-81.18006,28.7873],[-81.17949,28.79097],[-81.17991,28.79275],[-81.18014,28.79526],[-81.18042,28.79596],[-81.181,28.79661],[-81.18191,28.79717],[-81.1832,28.79747],[-81.18429,28.79699],[-81.18633,28.79468],[-81.18712,28.7941],[-81.18817,28.79377],[-81.18906,28.7939],[-81.19044,28.79454],[-81.19092,28.7955],[-81.19134,28.79567],[-81.19219,28.79519],[-81.19502,28.7923],[-81.19656,28.79185],[-81.19737,28.79192],[-81.198,28.79275],[-81.19871,28.79448],[-81.19945,28.79468],[-81.20079,28.79558],[-81.2027,28.79626],[-81.20393,28.79693],[-81.20434,28.79758],[-81.20477,28.79876],[-81.206,28.79953],[-81.20738,28.80127],[-81.20803,28.80176],[-81.21044,28.80231],[-81.21045,28.80245],[-81.21166,28.80279],[-81.21264,28.80328],[-81.21372,28.80421],[-81.21398,28.80498],[-81.21431,28.80753],[-81.21449,28.80788],[-81.21536,28.80836],[-81.21643,28.80808],[-81.21635,28.80835],[-81.21674,28.8104],[-81.216,28.81169],[-81.21576,28.81349],[-81.2159,28.81442],[-81.21654,28.81518],[-81.21863,28.81698],[-81.22134,28.82034],[-81.22203,28.82068],[-81.22401,28.8211],[-81.22441,28.82126],[-81.22463,28.82159],[-81.2246,28.82204],[-81.22287,28.82592],[-81.22287,28.82686],[-81.22497,28.83084],[-81.22529,28.83207],[-81.226,28.83263],[-81.22678,28.83267],[-81.22884,28.83241],[-81.22988,28.83262],[-81.30957,28.83456],[-81.32047,28.83453],[-81.32176,28.83542],[-81.32339,28.83731],[-81.32408,28.8376],[-81.32553,28.83779],[-81.32993,28.83904],[-81.33348,28.8404],[-81.3348,28.84136],[-81.33905,28.84518],[-81.3398,28.84622],[-81.34155,28.84705],[-81.34289,28.84689],[-81.34491,28.84633],[-81.34763,28.84622],[-81.35249,28.84723],[-81.35803,28.8478],[-81.35872,28.84828],[-81.35934,28.84894],[-81.35964,28.8496],[-81.35963,28.8503],[-81.35897,28.85138],[-81.3583,28.85193],[-81.3567,28.85265],[-81.35566,28.85334],[-81.35531,28.85376],[-81.35502,28.85457],[-81.355,28.858],[-81.35454,28.85867],[-81.35348,28.8592],[-81.35218,28.85814],[-81.35112,28.85811],[-81.35212,28.86232],[-81.35248,28.86259],[-81.35369,28.8631],[-81.35604,28.86339],[-81.35808,28.86406],[-81.36103,28.86457],[-81.36348,28.86473],[-81.36465,28.86569],[-81.36473,28.86656],[-81.36457,28.86744],[-81.36384,28.8691],[-81.36304,28.8699],[-81.36048,28.87052],[-81.36017,28.8714],[-81.36067,28.87246],[-81.36304,28.87438],[-81.36529,28.87652],[-81.36609,28.87745],[-81.3668,28.87873],[-81.36694,28.87923],[-81.36676,28.87964],[-81.36631,28.88],[-81.36577,28.88008],[-81.36497,28.87988],[-81.36417,28.8791],[-81.36364,28.87899],[-81.36305,28.87919],[-81.36302,28.87939],[-81.36305,28.87971],[-81.36356,28.88047],[-81.36484,28.882],[-81.36564,28.88356],[-81.36596,28.88475],[-81.36612,28.88775],[-81.36514,28.88965],[-81.36453,28.89026],[-81.36359,28.89054],[-81.36261,28.89036],[-81.36177,28.88981],[-81.35891,28.88727],[-81.35799,28.88694],[-81.35717,28.88715],[-81.35661,28.88757],[-81.35628,28.88822],[-81.35608,28.88939],[-81.35484,28.89261],[-81.35462,28.89412],[-81.35476,28.89509],[-81.35575,28.8966],[-81.35556,28.89703],[-81.35518,28.89726],[-81.35471,28.89716],[-81.35339,28.89647],[-81.35279,28.89668],[-81.35264,28.8971],[-81.35286,28.8975],[-81.35406,28.89846],[-81.35651,28.89883],[-81.35756,28.89964],[-81.35782,28.90041],[-81.35742,28.90279],[-81.35753,28.90372],[-81.35812,28.90446],[-81.35964,28.90564],[-81.36007,28.90614],[-81.36017,28.90665],[-81.35964,28.90796],[-81.35903,28.90867],[-81.35735,28.90965],[-81.35667,28.91054],[-81.35669,28.91105],[-81.35704,28.91151],[-81.3586,28.91239],[-81.35945,28.91318],[-81.35954,28.91396],[-81.3592,28.91465],[-81.35758,28.91684],[-81.35412,28.9209],[-81.35337,28.92099],[-81.35254,28.92066],[-81.35193,28.92075],[-81.35193,28.92143],[-81.35221,28.92227],[-81.35268,28.9225],[-81.35281,28.92446],[-81.35332,28.92644],[-81.35396,28.92729],[-81.35515,28.92843],[-81.35534,28.92903],[-81.35537,28.92993],[-81.35489,28.93105],[-81.35438,28.93148],[-81.35227,28.93196],[-81.35175,28.93233],[-81.35143,28.93284],[-81.35147,28.93409],[-81.35195,28.93478],[-81.35329,28.93612],[-81.3535,28.93681],[-81.35337,28.93719],[-81.35246,28.93782],[-81.35207,28.93777],[-81.3506,28.93831],[-81.34979,28.93892],[-81.34964,28.93929],[-81.34972,28.93964],[-81.35032,28.93974],[-81.35321,28.93913],[-81.35468,28.93958],[-81.35534,28.94034],[-81.35556,28.94117],[-81.35523,28.9425],[-81.35369,28.94428],[-81.35318,28.94532],[-81.35297,28.94636],[-81.35314,28.94672],[-81.3537,28.94709],[-81.35488,28.94724],[-81.35514,28.9471],[-81.35603,28.94637],[-81.35742,28.94483],[-81.35826,28.94436],[-81.3592,28.94447],[-81.35944,28.9448],[-81.35949,28.94522],[-81.35917,28.94581],[-81.3571,28.94714],[-81.35669,28.94725],[-81.35607,28.94776],[-81.35462,28.94839],[-81.35396,28.94957],[-81.35424,28.95036],[-81.35502,28.95095],[-81.35561,28.95113],[-81.35844,28.95101],[-81.35959,28.95111],[-81.36037,28.95174],[-81.36056,28.9527],[-81.36034,28.95361],[-81.35993,28.95398],[-81.35881,28.95438],[-81.35871,28.95485],[-81.35892,28.95594],[-81.36029,28.95672],[-81.36167,28.9571],[-81.36362,28.9558],[-81.36432,28.95589],[-81.36556,28.95571],[-81.36653,28.95535],[-81.36787,28.95534],[-81.37041,28.95752],[-81.37078,28.95795],[-81.3709,28.95854],[-81.37063,28.95885],[-81.36904,28.95914],[-81.36692,28.9598],[-81.36682,28.95969],[-81.36739,28.95894],[-81.36736,28.95854],[-81.36725,28.95854],[-81.36641,28.95923],[-81.36628,28.9599],[-81.36581,28.96085],[-81.36613,28.96231],[-81.36736,28.96439],[-81.36785,28.96475],[-81.36836,28.96553],[-81.36863,28.96636],[-81.36892,28.96652],[-81.36939,28.96745],[-81.36967,28.96857],[-81.36959,28.9689],[-81.36919,28.96894],[-81.36858,28.96848],[-81.36776,28.96839],[-81.36703,28.96797],[-81.36567,28.968],[-81.36468,28.96834],[-81.36417,28.96873],[-81.36339,28.97004],[-81.36279,28.97396],[-81.36185,28.97584],[-81.35687,28.97991],[-81.35567,28.98159],[-81.35523,28.98253],[-81.35455,28.98437],[-81.3559,28.98705],[-81.35641,28.98767],[-81.35839,28.98937],[-81.36171,28.9914],[-81.36441,28.99273],[-81.36963,28.99321],[-81.37295,28.9931],[-81.37479,28.99349],[-81.37479,28.99335],[-81.37567,28.994],[-81.37606,28.99471],[-81.37592,28.99505],[-81.37529,28.99558],[-81.37355,28.99628],[-81.3723,28.99714],[-81.37206,28.99809],[-81.3722,28.9985],[-81.37281,28.99919],[-81.37351,28.99941],[-81.37479,28.99904],[-81.37528,28.99924],[-81.37694,28.99861],[-81.37765,28.99865],[-81.37815,28.99894],[-81.37872,29.00026],[-81.3791,29.00274],[-81.38017,29.00622],[-81.38077,29.0074],[-81.38395,29.00915],[-81.38675,29.00994],[-81.38819,29.01069],[-81.38867,29.01195],[-81.3875,29.01445],[-81.38754,29.01556],[-81.38773,29.01619],[-81.38869,29.0176],[-81.38994,29.01885],[-81.39099,29.01962],[-81.3922,29.02002],[-81.39344,29.01982],[-81.39523,29.01867],[-81.39581,29.01912],[-81.39576,29.01975],[-81.39495,29.02121],[-81.39469,29.02324],[-81.39476,29.02414],[-81.39531,29.02515],[-81.39615,29.02608],[-81.40064,29.02994],[-81.40285,29.03247],[-81.40335,29.03279],[-81.40397,29.03293],[-81.40501,29.03269],[-81.40602,29.03271],[-81.40671,29.03254],[-81.4088,29.03101],[-81.40938,29.03104],[-81.4099,29.03127],[-81.41092,29.03235],[-81.41149,29.03505],[-81.4124,29.03645],[-81.41319,29.0372],[-81.41538,29.03836],[-81.41807,29.0379],[-81.41875,29.03799],[-81.41961,29.03842],[-81.42077,29.03942],[-81.42311,29.04267],[-81.42397,29.04353],[-81.42579,29.04481],[-81.42754,29.04555],[-81.42825,29.04558],[-81.4294,29.04535],[-81.43056,29.04419],[-81.4315,29.04418],[-81.43221,29.04442],[-81.43298,29.04516],[-81.43376,29.04624],[-81.43445,29.04684],[-81.43528,29.04709],[-81.43632,29.04803],[-81.43804,29.05065],[-81.43894,29.05155],[-81.44144,29.05479],[-81.44546,29.06137],[-81.44607,29.06211],[-81.4467,29.06232],[-81.44734,29.06228],[-81.45226,29.06165],[-81.45358,29.06195],[-81.45456,29.06236],[-81.45529,29.06307],[-81.45578,29.064],[-81.45595,29.06594],[-81.45537,29.06768],[-81.4553,29.06858],[-81.45576,29.07155],[-81.45629,29.07218],[-81.45708,29.07261],[-81.45954,29.07346],[-81.46035,29.07395],[-81.4607,29.07466],[-81.46085,29.07575],[-81.46092,29.07663],[-81.46048,29.07826],[-81.45972,29.0792],[-81.45822,29.0802],[-81.45589,29.08049],[-81.4553,29.08077],[-81.45438,29.08198],[-81.45461,29.08346],[-81.4561,29.08577],[-81.45679,29.08755],[-81.45685,29.0898],[-81.45726,29.09161],[-81.45846,29.09383],[-81.46005,29.09453],[-81.46305,29.09509],[-81.46635,29.0967],[-81.46786,29.09704],[-81.46875,29.09702],[-81.47033,29.0968],[-81.47289,29.09515],[-81.47411,29.09469],[-81.47531,29.09444],[-81.48014,29.09421],[-81.48142,29.09399],[-81.48419,29.09314],[-81.48697,29.09291],[-81.48884,29.09319],[-81.492,29.09554],[-81.4934,29.09571],[-81.49566,29.09546],[-81.49748,29.09567],[-81.49979,29.09626],[-81.50099,29.09681],[-81.50205,29.0978],[-81.50152,29.09966],[-81.50049,29.10134],[-81.50032,29.1025],[-81.5006,29.10345],[-81.50158,29.10512],[-81.50264,29.10604],[-81.50674,29.11218],[-81.50633,29.11782],[-81.50453,29.12371],[-81.50545,29.12505],[-81.50584,29.12526],[-81.50619,29.12666],[-81.50759,29.12826],[-81.50869,29.13076],[-81.50999,29.13276],[-81.51119,29.13356],[-81.51309,29.13566],[-81.51319,29.13626],[-81.51409,29.13836],[-81.51459,29.14226],[-81.51609,29.14496],[-81.51689,29.14756],[-81.51868,29.15076],[-81.51983,29.15248],[-81.5226,29.15603],[-81.52307,29.15694],[-81.52357,29.15867],[-81.52346,29.15918],[-81.5236,29.161],[-81.52324,29.16273],[-81.52207,29.16453],[-81.52184,29.16535],[-81.52182,29.16616],[-81.52258,29.1677],[-81.52307,29.16832],[-81.52349,29.16857],[-81.52387,29.16916],[-81.52568,29.17015],[-81.52749,29.17065],[-81.52971,29.17094],[-81.53069,29.17123],[-81.53148,29.17233],[-81.53163,29.17303],[-81.53115,29.17463],[-81.53106,29.17592],[-81.53126,29.17662],[-81.53175,29.1772],[-81.53258,29.17761],[-81.53379,29.17771],[-81.53651,29.17831],[-81.53741,29.1787],[-81.54023,29.17919],[-81.54205,29.18029],[-81.54346,29.18058],[-81.54407,29.18108],[-81.54488,29.18268],[-81.54615,29.18419],[-81.5465,29.18457],[-81.54741,29.18497],[-81.54892,29.18506],[-81.55194,29.18445],[-81.55396,29.18465],[-81.55446,29.18534],[-81.55447,29.18614],[-81.55428,29.18704],[-81.55359,29.18803],[-81.55359,29.18843],[-81.5541,29.18953],[-81.55521,29.19053],[-81.55634,29.19302],[-81.55715,29.19391],[-81.55767,29.1964],[-81.55807,29.1974],[-81.5601,29.19959],[-81.5609,29.20019],[-81.56262,29.20058],[-81.56493,29.20068],[-81.56635,29.20117],[-81.57058,29.20196],[-81.57128,29.20236],[-81.57206,29.20335],[-81.57427,29.20294],[-81.57559,29.20293],[-81.57628,29.20275],[-81.57835,29.20171],[-81.58035,29.20141],[-81.58128,29.20079],[-81.58258,29.20026],[-81.58437,29.20001],[-81.58553,29.20011],[-81.589,29.19924],[-81.59393,29.19903],[-81.59995,29.19976],[-81.60461,29.20053],[-81.60603,29.20105],[-81.60633,29.20089],[-81.60663,29.20135],[-81.60892,29.202],[-81.60981,29.20251],[-81.61114,29.20244],[-81.61226,29.20283],[-81.61244,29.20354],[-81.61235,29.20456],[-81.61301,29.20457],[-81.61297,29.20509],[-81.61396,29.20583],[-81.61432,29.20631],[-81.61485,29.20634],[-81.6145,29.20699],[-81.6146,29.20764],[-81.6158,29.20896],[-81.61604,29.20967],[-81.61683,29.21051],[-81.6168,29.21169],[-81.61721,29.21227],[-81.61731,29.21293],[-81.6167,29.21391],[-81.61667,29.21454],[-81.61644,29.2151],[-81.61615,29.2155],[-81.61526,29.21616],[-81.61526,29.21664],[-81.61565,29.21708],[-81.61584,29.21784],[-81.61521,29.21714],[-81.61497,29.21739],[-81.61573,29.21906],[-81.61618,29.22098],[-81.61577,29.22092],[-81.61574,29.22105],[-81.61674,29.22243],[-81.61732,29.22364],[-81.61797,29.22591],[-81.619,29.22746],[-81.61921,29.22849],[-81.62181,29.23031],[-81.62228,29.23101],[-81.62275,29.23218],[-81.62556,29.2351],[-81.62588,29.23588],[-81.62631,29.23638],[-81.62939,29.23915],[-81.62967,29.24013],[-81.63059,29.24085],[-81.63101,29.2414],[-81.63165,29.24181],[-81.63234,29.24267],[-81.6325,29.24314],[-81.63277,29.24327],[-81.63263,29.24354],[-81.63292,29.24349],[-81.63338,29.24379],[-81.63399,29.24478],[-81.63417,29.24566],[-81.63407,29.24598],[-81.6346,29.24684],[-81.63456,29.24706],[-81.63481,29.24727],[-81.63436,29.2491],[-81.63372,29.25014],[-81.63424,29.25168],[-81.63415,29.25213],[-81.6339,29.25241],[-81.63389,29.25434],[-81.63571,29.25861],[-81.63587,29.2595],[-81.63821,29.26669],[-81.63821,29.26743],[-81.63864,29.269],[-81.6392,29.27064],[-81.63982,29.27168],[-81.63986,29.27256],[-81.64152,29.27618],[-81.64192,29.27677],[-81.6421,29.26515],[-81.64047,29.12652],[-81.639,29.05546],[-81.6387,29.04776],[-81.6592,29.04776],[-81.65916,29.00026],[-81.6587,28.96035],[-81.66727,28.96041],[-81.67754,28.9602],[-81.67884,28.96032],[-81.68178,28.96008],[-81.69043,28.9602],[-81.69607,28.96007],[-81.71909,28.9611],[-81.72898,28.96116],[-81.73838,28.96108],[-81.73862,28.96077],[-81.73897,28.96102],[-81.74862,28.96108],[-81.7782,28.96085],[-81.84219,28.96102],[-81.84231,28.95989],[-81.85484,28.95978],[-81.8748,28.96032],[-81.88327,28.96],[-81.89454,28.96023],[-81.89597,28.95991],[-81.95419,28.96005],[-81.95415,28.94098],[-81.95385,28.91662],[-81.95364,28.90984],[-81.95329,28.87526],[-81.95368,28.81277],[-81.95358,28.79185],[-81.95381,28.7715],[-81.95366,28.75533],[-81.954,28.74788],[-81.95407,28.73178],[-81.95392,28.72782],[-81.95411,28.72296],[-81.95437,28.69701],[-81.95443,28.65916],[-81.95493,28.64243],[-81.95457,28.62791],[-81.95407,28.58068],[-81.95422,28.57125],[-81.95418,28.55612],[-81.95453,28.53108],[-81.95501,28.51979],[-81.95536,28.50028],[-81.95621,28.42649],[-81.95606,28.41806],[-81.9562,28.41619],[-81.95607,28.41416],[-81.95628,28.41339],[-81.9575,28.37528],[-81.95764,28.34518],[-81.87522,28.34537],[-81.85751,28.34596],[-81.85762,28.36187],[-81.8189,28.36171],[-81.79089,28.36184],[-81.79073,28.34641],[-81.71916,28.34646],[-81.67357,28.34704],[-81.65727,28.3471],[-81.65691,28.32607],[-81.65726,28.32118],[-81.65722,28.30116],[-81.657,28.28841],[-81.65687,28.28827],[-81.65693,28.27968],[-81.65682,28.27921],[-81.65695,28.2787],[-81.65715,28.26926],[-81.65719,28.25922],[-81.625,28.25928],[-81.61355,28.25946],[-81.58667,28.25943],[-81.58083,28.25958],[-81.57803,28.25938],[-81.55746,28.25936],[-81.55474,28.25435],[-81.5516,28.24952],[-81.52408,28.20101],[-81.52424,28.17903],[-81.52423,28.1428],[-81.51975,28.14279],[-81.51728,28.14303],[-81.49668,28.14305],[-81.49373,28.14279],[-81.4794,28.14272],[-81.47328,28.14276],[-81.47009,28.14328],[-81.45621,28.14316],[-81.45605,28.11502],[-81.4557,28.09091],[-81.45576,28.08489],[-81.44496,28.08524],[-81.41429,28.08519],[-81.37479,28.08511],[-81.34642,28.0847],[-81.34663,28.08432],[-81.34735,28.08404],[-81.34778,28.08406],[-81.34807,28.08344],[-81.34802,28.08306],[-81.3487,28.08222],[-81.34879,28.08182],[-81.348,28.08061],[-81.34821,28.08009],[-81.34797,28.0801],[-81.34757,28.08047],[-81.34731,28.0804],[-81.34723,28.08016],[-81.34728,28.07874],[-81.34746,28.07815],[-81.34702,28.07742],[-81.34697,28.077],[-81.34733,28.0759],[-81.34705,28.07477],[-81.34692,28.07477],[-81.34676,28.07527],[-81.34656,28.07512],[-81.34649,28.07304],[-81.34667,28.0729],[-81.34699,28.07301],[-81.34703,28.07282],[-81.34642,28.07097],[-81.34647,28.07012],[-81.34634,28.06967],[-81.34648,28.06933],[-81.34674,28.0693],[-81.34696,28.06969],[-81.34753,28.06861],[-81.34858,28.06779],[-81.34947,28.06786],[-81.35048,28.06857],[-81.35209,28.0681],[-81.3527,28.06766],[-81.35338,28.06764],[-81.35341,28.06739],[-81.35291,28.06728],[-81.35318,28.0671],[-81.35349,28.06706],[-81.35451,28.06749],[-81.35475,28.06703],[-81.35519,28.0669],[-81.35559,28.06708],[-81.3554,28.06745],[-81.35834,28.06792],[-81.35838,28.06837],[-81.35902,28.0681],[-81.36042,28.06839],[-81.36162,28.06918],[-81.36199,28.06986],[-81.36244,28.07001],[-81.36314,28.06971],[-81.36501,28.06822],[-81.36539,28.06811],[-81.3655,28.06789],[-81.36572,28.06611],[-81.36508,28.06457],[-81.36522,28.06427],[-81.36627,28.06363],[-81.36619,28.06264],[-81.36669,28.06206],[-81.36681,28.06167],[-81.36643,28.06125],[-81.36547,28.06068],[-81.36541,28.05958],[-81.36427,28.05805],[-81.36406,28.05691],[-81.36457,28.05663],[-81.36455,28.05598],[-81.36513,28.05519],[-81.36478,28.05386],[-81.36415,28.05293],[-81.36434,28.05142],[-81.36379,28.04971],[-81.36451,28.04713],[-81.36429,28.04658],[-81.36342,28.04588],[-81.3629,28.0446],[-81.36187,28.04372],[-81.36193,28.04346],[-81.36263,28.04293],[-81.36293,28.04246],[-81.36294,28.04222],[-81.36248,28.04139],[-81.36255,28.04059],[-81.36282,28.04021],[-81.36336,28.03997],[-81.36332,28.03867],[-81.36372,28.03776],[-81.364,28.03764],[-81.36486,28.03775],[-81.36574,28.03707],[-81.36608,28.03712],[-81.3669,28.03679],[-81.36737,28.03633],[-81.36734,28.0357],[-81.36707,28.0352],[-81.3674,28.0346],[-81.36864,28.03436],[-81.3699,28.03338],[-81.37062,28.03317],[-81.37123,28.0326],[-81.37206,28.03231],[-81.37242,28.03185],[-81.37229,28.0313],[-81.37243,28.03107],[-81.37323,28.03085],[-81.37414,28.03021],[-81.37556,28.02971],[-81.37581,28.02949],[-81.37599,28.02871],[-81.37514,28.02792],[-81.37509,28.02733],[-81.37588,28.02492],[-81.37774,28.02299],[-81.37901,28.02203],[-81.37922,28.02116],[-81.37884,28.01996],[-81.37823,28.01898],[-81.37826,28.01804],[-81.37787,28.01739],[-81.3769,28.01684],[-81.37648,28.01585],[-81.37664,28.01472],[-81.3774,28.01369],[-81.37766,28.01344],[-81.37787,28.01394],[-81.37805,28.01397],[-81.37851,28.01336],[-81.37826,28.01244],[-81.3785,28.01195],[-81.37885,28.01167],[-81.37914,28.01164],[-81.38155,28.01305],[-81.38178,28.01296],[-81.38204,28.01237],[-81.38248,28.01236],[-81.38332,28.01312],[-81.38386,28.01447],[-81.38456,28.01543],[-81.38473,28.01597],[-81.38569,28.01723],[-81.3865,28.01756],[-81.3874,28.01762],[-81.39006,28.01909],[-81.3903,28.01945],[-81.39071,28.01968],[-81.39122,28.0193],[-81.39174,28.01941],[-81.39223,28.01977],[-81.39254,28.02126],[-81.39261,28.02416],[-81.39282,28.02442],[-81.39346,28.0247],[-81.39341,28.02581],[-81.39384,28.02682],[-81.39385,28.02782],[-81.3946,28.02843],[-81.39547,28.02887],[-81.39724,28.02935],[-81.3998,28.02893],[-81.40273,28.02929],[-81.40531,28.02895],[-81.40652,28.02914],[-81.40765,28.02969],[-81.4089,28.03106],[-81.40994,28.03186],[-81.41112,28.03394],[-81.41465,28.03654],[-81.41576,28.03715],[-81.41722,28.03781],[-81.41844,28.03815],[-81.42243,28.0384],[-81.42316,28.03859],[-81.42331,28.03882],[-81.42309,28.03924],[-81.42316,28.03946],[-81.42407,28.0405],[-81.42436,28.04047],[-81.42459,28.04007],[-81.42522,28.03971],[-81.42548,28.03937],[-81.42706,28.0395],[-81.42804,28.03935],[-81.42833,28.0406],[-81.42766,28.04137],[-81.4297,28.04253],[-81.43063,28.04199],[-81.43133,28.04222],[-81.43253,28.04326],[-81.43289,28.04411],[-81.43374,28.04535],[-81.43422,28.04669],[-81.43459,28.05],[-81.43493,28.05148],[-81.4353,28.05274],[-81.43607,28.05417],[-81.43847,28.057],[-81.4399,28.05814],[-81.4411,28.05874],[-81.44226,28.05899],[-81.4434,28.05882],[-81.4435,28.05889],[-81.44336,28.05918],[-81.44498,28.05854],[-81.44566,28.05862],[-81.44575,28.05897],[-81.4459,28.059],[-81.44644,28.05862],[-81.44622,28.05829],[-81.4463,28.05812],[-81.45037,28.05664],[-81.45186,28.05724],[-81.45376,28.05759],[-81.45439,28.05716],[-81.45571,28.05661],[-81.45601,28.05626],[-81.45563,28.05618],[-81.45562,28.05606],[-81.45745,28.05508],[-81.45821,28.05344],[-81.45861,28.05299],[-81.45861,28.05287],[-81.45833,28.05288],[-81.45863,28.05254],[-81.45825,28.05168],[-81.45851,28.05164],[-81.4592,28.05206],[-81.45969,28.05181],[-81.45957,28.05164],[-81.45914,28.05171],[-81.45854,28.05129],[-81.45842,28.05094],[-81.45925,28.05074],[-81.46017,28.05015],[-81.46002,28.04981],[-81.45948,28.04994],[-81.45932,28.04972],[-81.45997,28.04717],[-81.45979,28.04632],[-81.45981,28.04496],[-81.45928,28.04406],[-81.45921,28.04337],[-81.45849,28.04183],[-81.4586,28.041],[-81.45894,28.04079],[-81.45882,28.03978],[-81.45859,28.03959],[-81.45572,28.03883],[-81.45552,28.03836],[-81.45296,28.03583],[-81.45226,28.03534],[-81.4516,28.03422],[-81.45008,28.03345],[-81.44968,28.03279],[-81.44929,28.03289],[-81.44856,28.03231],[-81.44755,28.03243],[-81.44726,28.03268],[-81.44497,28.03323],[-81.44257,28.0332],[-81.44138,28.03382],[-81.44065,28.03393],[-81.44025,28.03383],[-81.44007,28.03334],[-81.43898,28.03282],[-81.43883,28.03286],[-81.43875,28.03321],[-81.4386,28.03322],[-81.43826,28.03197],[-81.43709,28.03065],[-81.43702,28.02977],[-81.43597,28.0283],[-81.43566,28.02701],[-81.43495,28.02562],[-81.43406,28.02448],[-81.43282,28.0234],[-81.43251,28.02244],[-81.43072,28.02181],[-81.43046,28.0214],[-81.42974,28.02095],[-81.42927,28.02104],[-81.4291,28.01986],[-81.42871,28.01924],[-81.42877,28.01896],[-81.42856,28.01878],[-81.42825,28.01909],[-81.42812,28.0208],[-81.4284,28.02136],[-81.42898,28.02145],[-81.42915,28.02166],[-81.42881,28.02182],[-81.42809,28.02154],[-81.42778,28.02106],[-81.42726,28.01851],[-81.42678,28.01783],[-81.42678,28.01706],[-81.42612,28.0164],[-81.42489,28.01387],[-81.42422,28.01074],[-81.42274,28.00849],[-81.42242,28.00775],[-81.42196,28.00552],[-81.42106,28.00335],[-81.41998,28.00179],[-81.41788,27.99978],[-81.41589,27.99825],[-81.41543,27.99817],[-81.41457,27.99843],[-81.41432,27.99855],[-81.41391,27.99914],[-81.41385,27.9996],[-81.41472,28.00004],[-81.41435,28.00065],[-81.4135,28.00083],[-81.4086,28.00107],[-81.40709,28.00141],[-81.4037,28.00278],[-81.40191,28.00247],[-81.39817,28.00301],[-81.39679,28.00348],[-81.39368,28.00412],[-81.39251,28.00456],[-81.3911,28.0045],[-81.38948,28.00405],[-81.38822,28.00406],[-81.38686,28.00354],[-81.38675,28.00332],[-81.38725,28.00326],[-81.38725,28.00298],[-81.38606,28.00163],[-81.38572,28.00049],[-81.38577,27.99938],[-81.38483,27.99963],[-81.38468,27.99935],[-81.38453,27.99936],[-81.38463,27.99913],[-81.3841,27.9983],[-81.3842,27.99819],[-81.38391,27.99773],[-81.38396,27.99749],[-81.38362,27.99718],[-81.38296,27.99743],[-81.38284,27.99781],[-81.38264,27.99772],[-81.38169,27.99532],[-81.3785,27.98898],[-81.37845,27.98851],[-81.3786,27.98844],[-81.38054,27.98835],[-81.38091,27.988],[-81.38162,27.98672],[-81.38184,27.98599],[-81.38191,27.98498],[-81.38102,27.98339],[-81.3801,27.98302],[-81.379,27.98303],[-81.37827,27.9836],[-81.37713,27.98407],[-81.37644,27.98189],[-81.37674,27.98183],[-81.37674,27.98008],[-81.3765,27.97825],[-81.37501,27.97819],[-81.37393,27.9775],[-81.37375,27.9771],[-81.37321,27.97703],[-81.3723,27.97762],[-81.3706,27.97793],[-81.3695,27.97678],[-81.36876,27.97543],[-81.36893,27.97417],[-81.36869,27.97381],[-81.36685,27.97314],[-81.36515,27.9729],[-81.34983,27.96376],[-81.34846,27.962],[-81.34796,27.96067],[-81.34846,27.95547],[-81.34905,27.95426],[-81.34929,27.95426],[-81.34952,27.95461],[-81.34955,27.95513],[-81.34972,27.95522],[-81.34995,27.95506],[-81.35006,27.95445],[-81.34984,27.95392],[-81.34899,27.95333],[-81.34805,27.95312],[-81.34769,27.95315],[-81.34799,27.95335],[-81.34794,27.95345],[-81.34727,27.95347],[-81.34605,27.95258],[-81.34513,27.95229],[-81.34363,27.95226],[-81.34369,27.95256],[-81.34396,27.95261],[-81.34402,27.95279],[-81.34337,27.95313],[-81.34296,27.95308],[-81.34163,27.95161],[-81.3409,27.95103],[-81.34023,27.95093],[-81.33887,27.95116],[-81.3382,27.95099],[-81.3375,27.9507],[-81.33682,27.94991],[-81.33665,27.94958],[-81.33649,27.94765],[-81.33665,27.94534],[-81.33837,27.94053],[-81.33847,27.93998],[-81.33823,27.9392],[-81.33871,27.93933],[-81.33898,27.93995],[-81.34062,27.94066],[-81.34126,27.94063],[-81.34348,27.94135],[-81.34587,27.94145],[-81.34644,27.94109],[-81.34612,27.9411],[-81.34573,27.9409],[-81.34616,27.94063],[-81.34614,27.94024],[-81.34649,27.93978],[-81.34752,27.93925],[-81.34748,27.93836],[-81.34709,27.93728],[-81.34674,27.93675],[-81.34577,27.93577],[-81.34546,27.93568],[-81.34482,27.93557],[-81.34458,27.93571],[-81.34445,27.93611],[-81.34399,27.9362],[-81.34165,27.93273],[-81.34141,27.93254],[-81.34089,27.93265],[-81.34039,27.93215],[-81.33866,27.93134],[-81.33848,27.93201],[-81.3387,27.93286],[-81.3386,27.93334],[-81.33827,27.93341],[-81.33589,27.93182],[-81.33336,27.9304],[-81.33002,27.92947],[-81.32133,27.92637],[-81.31906,27.92538],[-81.31782,27.92426],[-81.31712,27.9245],[-81.31711,27.92488],[-81.31735,27.92537],[-81.31792,27.92594],[-81.31757,27.92629],[-81.31765,27.92672],[-81.3187,27.92769],[-81.31884,27.92813],[-81.31859,27.92841],[-81.31786,27.92867],[-81.31664,27.92867],[-81.31599,27.92851],[-81.31533,27.92783],[-81.31542,27.92689],[-81.31481,27.92654],[-81.31438,27.92579],[-81.31387,27.92553],[-81.31249,27.92534],[-81.31208,27.92512],[-81.30887,27.92208],[-81.30855,27.92158],[-81.3084,27.92083],[-81.30872,27.91741],[-81.30917,27.9153],[-81.31003,27.91358],[-81.31093,27.91259],[-81.31207,27.91064],[-81.31249,27.90948],[-81.3126,27.90817],[-81.31393,27.90474],[-81.31433,27.90413],[-81.31481,27.90384],[-81.31483,27.9006],[-81.31413,27.89806],[-81.31285,27.89562],[-81.31198,27.89433],[-81.30799,27.88958],[-81.30667,27.88753],[-81.30611,27.88618],[-81.30595,27.88518],[-81.30551,27.88418],[-81.30447,27.88047],[-81.30455,27.87985],[-81.30477,27.87961],[-81.3049,27.87908],[-81.30591,27.87752],[-81.30592,27.87683],[-81.30459,27.87199],[-81.30488,27.87172],[-81.30438,27.8704],[-81.30383,27.8699],[-81.30355,27.87001],[-81.30338,27.87039],[-81.303,27.87005],[-81.29771,27.86349],[-81.2973,27.86274],[-81.29748,27.86229],[-81.29771,27.86249],[-81.29855,27.86238],[-81.29891,27.86249],[-81.29953,27.86299],[-81.30073,27.86492],[-81.30147,27.8652],[-81.30183,27.86489],[-81.30229,27.86358],[-81.30226,27.86261],[-81.30186,27.86208],[-81.3013,27.86196],[-81.30095,27.86218],[-81.29881,27.86139],[-81.29794,27.86088],[-81.29782,27.8602],[-81.29711,27.85958],[-81.29543,27.85874],[-81.29205,27.85763],[-81.28965,27.8573],[-81.28558,27.85727],[-81.28132,27.85747],[-81.28168,27.85652],[-81.28152,27.85579],[-81.28109,27.8555],[-81.28086,27.85502],[-81.28018,27.85426],[-81.2797,27.85295],[-81.2791,27.852],[-81.27822,27.8512],[-81.27728,27.85075],[-81.27294,27.85024],[-81.27043,27.84939],[-81.26803,27.84889],[-81.26658,27.84841],[-81.26521,27.84759],[-81.26319,27.84712],[-81.26081,27.84695],[-81.25878,27.84807],[-81.25809,27.84822],[-81.25778,27.84814],[-81.25799,27.8476],[-81.2585,27.84704],[-81.2599,27.84648],[-81.25987,27.84626],[-81.25911,27.84599],[-81.25723,27.847],[-81.25617,27.84717],[-81.25571,27.84745],[-81.2549,27.84843],[-81.25417,27.84883],[-81.25342,27.84879],[-81.25233,27.84901],[-81.25048,27.84885],[-81.25017,27.8484],[-81.25056,27.84705],[-81.25103,27.84713],[-81.25124,27.84693],[-81.25147,27.84498],[-81.25142,27.84456],[-81.251,27.84386],[-81.25035,27.84361],[-81.24978,27.844],[-81.24861,27.84526],[-81.24838,27.84683],[-81.24798,27.84759],[-81.24762,27.84787],[-81.24648,27.84774],[-81.24627,27.84786],[-81.24677,27.84858],[-81.24647,27.84879],[-81.24544,27.84821],[-81.24499,27.84778],[-81.2437,27.84723],[-81.24283,27.84617],[-81.24209,27.84619],[-81.24171,27.84566],[-81.24145,27.84614],[-81.24099,27.84649],[-81.24165,27.84685],[-81.24171,27.84712],[-81.24143,27.84721],[-81.24037,27.84689],[-81.2399,27.84652],[-81.23806,27.84576],[-81.2371,27.8449],[-81.23479,27.84365],[-81.2344,27.84386],[-81.23334,27.8437],[-81.23313,27.84342],[-81.23243,27.84335],[-81.23112,27.84284],[-81.22979,27.84214],[-81.22928,27.84141],[-81.22793,27.84015],[-81.22525,27.83798],[-81.22499,27.83727],[-81.22466,27.83694],[-81.22329,27.83607],[-81.22081,27.83493],[-81.21529,27.82973],[-81.21441,27.82855],[-81.21493,27.82771],[-81.21536,27.82763],[-81.21546,27.82747],[-81.21554,27.82657],[-81.21402,27.82444],[-81.21396,27.82409],[-81.21308,27.82335],[-81.21103,27.82266],[-81.20798,27.82098],[-81.20786,27.82075],[-81.20795,27.82055],[-81.20851,27.82046],[-81.21004,27.81923],[-81.20924,27.8176],[-81.20946,27.81731],[-81.20993,27.81724],[-81.20926,27.816],[-81.20908,27.81529],[-81.20851,27.81515],[-81.20716,27.81327],[-81.2067,27.81329],[-81.20652,27.81245],[-81.20857,27.81223],[-81.20613,27.81171],[-81.20476,27.81005],[-81.2046,27.8101],[-81.20443,27.81059],[-81.20405,27.8106],[-81.20409,27.80974],[-81.20382,27.80884],[-81.20246,27.80665],[-81.20194,27.80511],[-81.20069,27.80365],[-81.2007,27.80231],[-81.20044,27.8019],[-81.20022,27.80059],[-81.2003,27.79999],[-81.20053,27.79962],[-81.20031,27.79827],[-81.2005,27.7974],[-81.2002,27.79726],[-81.20009,27.79696],[-81.19963,27.79759],[-81.19865,27.79732],[-81.19805,27.79583],[-81.19749,27.79499],[-81.19709,27.79306],[-81.19717,27.79242],[-81.19653,27.79155],[-81.19631,27.79077],[-81.19431,27.78982],[-81.19319,27.78802],[-81.19198,27.78687],[-81.18956,27.78532],[-81.18983,27.78467],[-81.18986,27.78337],[-81.18944,27.78228],[-81.18757,27.78074],[-81.18598,27.77904],[-81.18571,27.77818],[-81.1868,27.77684],[-81.18739,27.77648],[-81.18771,27.77545],[-81.18747,27.77498],[-81.18641,27.77386],[-81.18467,27.77293],[-81.18378,27.77323],[-81.18252,27.77448],[-81.18169,27.77457],[-81.18107,27.77421],[-81.18079,27.77373],[-81.1807,27.77313],[-81.18111,27.77092],[-81.18097,27.76999],[-81.18034,27.7699],[-81.17904,27.77074],[-81.17862,27.77086],[-81.17835,27.77081],[-81.1782,27.77053],[-81.17833,27.76848],[-81.17938,27.76667],[-81.17915,27.76584],[-81.17764,27.76547],[-81.17504,27.76441],[-81.17458,27.7637],[-81.17422,27.76218],[-81.1736,27.76153],[-81.17321,27.76134],[-81.17301,27.76091],[-81.17296,27.75949],[-81.17316,27.75906],[-81.17361,27.75867],[-81.17379,27.75868],[-81.17435,27.75941],[-81.17512,27.75906],[-81.17672,27.75937],[-81.1773,27.75897],[-81.17801,27.75893],[-81.17905,27.7555],[-81.17903,27.75507],[-81.17863,27.75401],[-81.17882,27.75276],[-81.17866,27.7521],[-81.17739,27.75161],[-81.17672,27.75043],[-81.17546,27.74975],[-81.1754,27.7493],[-81.17597,27.74856],[-81.17592,27.74798],[-81.17522,27.74641],[-81.17449,27.74556],[-81.17398,27.7455],[-81.17328,27.747],[-81.17287,27.74744],[-81.17196,27.74721],[-81.17116,27.7465],[-81.17056,27.74542],[-81.17065,27.74384],[-81.17094,27.74355],[-81.1718,27.7437],[-81.172,27.74345],[-81.17178,27.74315],[-81.17113,27.74292],[-81.16925,27.74268],[-81.16805,27.74221],[-81.16788,27.74227],[-81.16762,27.74294],[-81.16644,27.74303],[-81.16545,27.74273],[-81.16501,27.74233],[-81.16506,27.7419],[-81.16474,27.74023],[-81.16492,27.7384],[-81.16442,27.73668],[-81.16454,27.73536],[-81.16499,27.73449],[-81.16526,27.7345],[-81.1657,27.73491],[-81.1659,27.7349],[-81.16661,27.73472],[-81.16682,27.73419],[-81.16674,27.73335],[-81.1655,27.73213],[-81.16586,27.73199],[-81.16711,27.73278],[-81.16757,27.73291],[-81.1683,27.73263],[-81.1687,27.73198],[-81.1683,27.72968],[-81.16717,27.72907],[-81.16688,27.72874],[-81.1671,27.72835],[-81.16809,27.72835],[-81.1685,27.7282],[-81.16835,27.72733],[-81.16884,27.72631],[-81.16868,27.72594],[-81.16763,27.72529],[-81.16712,27.7246],[-81.16703,27.72422],[-81.16746,27.72378],[-81.16738,27.72339],[-81.16711,27.72313],[-81.1668,27.72312],[-81.16595,27.72404],[-81.16532,27.72427],[-81.16391,27.724],[-81.16306,27.72439],[-81.16174,27.72409],[-81.16135,27.72417],[-81.16076,27.72379],[-81.16056,27.72262],[-81.16062,27.72174],[-81.15997,27.71926],[-81.15904,27.71845],[-81.15781,27.71847],[-81.15747,27.71871],[-81.15676,27.71883],[-81.15523,27.7186],[-81.15416,27.71882],[-81.15308,27.71855],[-81.15231,27.71799],[-81.15216,27.71754],[-81.15222,27.71659],[-81.15178,27.71618],[-81.15155,27.71633],[-81.15123,27.71756],[-81.15071,27.71763],[-81.15047,27.71716],[-81.15063,27.71552],[-81.15032,27.71489],[-81.14947,27.71384],[-81.149,27.71288],[-81.14625,27.71083],[-81.14581,27.71031],[-81.14582,27.7099],[-81.1465,27.70958],[-81.14679,27.70904],[-81.14604,27.70758],[-81.14599,27.70627],[-81.14643,27.70587],[-81.14746,27.70571],[-81.14767,27.70537],[-81.1472,27.70486],[-81.14737,27.70435],[-81.14907,27.70329],[-81.14932,27.70298],[-81.14931,27.70262],[-81.1489,27.70209],[-81.14866,27.7011],[-81.14813,27.69997],[-81.148,27.69916],[-81.14815,27.69898],[-81.14842,27.69903],[-81.1492,27.69981],[-81.1498,27.70016],[-81.15014,27.70008],[-81.15023,27.69981],[-81.15007,27.69933],[-81.14873,27.69835],[-81.14794,27.69704],[-81.14734,27.69638],[-81.14731,27.69581],[-81.14856,27.69365],[-81.149,27.69203],[-81.14717,27.69151],[-81.14676,27.69128],[-81.14661,27.69092],[-81.14668,27.69048],[-81.14746,27.68951],[-81.14767,27.68899],[-81.14748,27.68818],[-81.14622,27.68651],[-81.14674,27.68581],[-81.14638,27.68534],[-81.14591,27.6851],[-81.14551,27.6832],[-81.14491,27.6822],[-81.14551,27.68212],[-81.14608,27.6823],[-81.14613,27.68252],[-81.14689,27.68222],[-81.14689,27.68194],[-81.14581,27.68127],[-81.14504,27.68049],[-81.14465,27.67947],[-81.14491,27.67923],[-81.14545,27.67763],[-81.14522,27.67701],[-81.1443,27.67645],[-81.14412,27.67609],[-81.14424,27.67545],[-81.14507,27.67468],[-81.14521,27.67383],[-81.14513,27.67326],[-81.14462,27.67217],[-81.14434,27.66972],[-81.14409,27.66928],[-81.14363,27.66913],[-81.14345,27.66933],[-81.14347,27.6703],[-81.14328,27.67074],[-81.1429,27.67094],[-81.14223,27.67063],[-81.14195,27.67028],[-81.14183,27.66848],[-81.14141,27.66805],[-81.14076,27.66785],[-81.14004,27.66734],[-81.13845,27.665],[-81.13734,27.66405],[-81.13583,27.66332],[-81.13514,27.66318],[-81.13409,27.66206],[-81.13184,27.66151],[-81.13104,27.65931],[-81.13184,27.65543],[-81.13232,27.65481],[-81.13246,27.65408],[-81.13205,27.65385],[-81.13192,27.65358],[-81.13121,27.65139],[-81.13123,27.65052],[-81.1315,27.6494],[-81.13247,27.64747],[-81.13272,27.64734],[-81.13291,27.64749],[-81.13324,27.64856],[-81.1339,27.64912],[-81.13412,27.64839],[-81.13465,27.64757],[-81.13376,27.64723],[-81.13395,27.64669],[-81.13473,27.6464],[-81.13649,27.64453],[-81.13681,27.64431],[-81.13761,27.64418],[-81.1382,27.64439],[-81.13783,27.64496],[-81.13726,27.6453],[-81.13731,27.64704],[-81.13768,27.64717],[-81.13805,27.64686],[-81.13866,27.64667],[-81.1392,27.64678],[-81.14005,27.64667],[-81.1404,27.64639],[-81.14064,27.64565],[-81.14125,27.64489],[-81.14132,27.64455],[-81.14118,27.6444],[-81.14131,27.64405],[-81.14171,27.6439],[-81.14216,27.64324],[-81.06841,27.64237],[-81.06565,27.6422],[-81.02701,27.642],[-80.99979,27.64202],[-80.98572,27.64232],[-80.87315,27.64229],[-80.87331,27.64384],[-80.87318,27.64831],[-80.87331,27.64955],[-80.87379,27.73385],[-80.88007,27.7337],[-80.88019,27.75031],[-80.88058,27.76087],[-80.8808,27.7749],[-80.88099,27.80256],[-80.88157,27.82251],[-80.86888,27.82252],[-80.86957,27.93816],[-80.86957,27.94501],[-80.86934,27.94528],[-80.86935,27.94736],[-80.86966,27.94817],[-80.86935,27.94938],[-80.86951,27.95813],[-80.8694,27.96395],[-80.86963,27.96821],[-80.8696,27.97791],[-80.86981,27.9781],[-80.86997,27.98257],[-80.86953,28.04849],[-80.87014,28.05708],[-80.86928,28.0651],[-80.86931,28.08473],[-80.86288,28.08474],[-80.86265,28.09893],[-80.86257,28.12849],[-80.86158,28.24656],[-80.86139,28.25228],[-80.86165,28.27104],[-80.86258,28.31281],[-80.8628,28.33241],[-80.86278,28.34712],[-80.86289,28.34748],[-80.86671,28.35032],[-80.86865,28.35247],[-80.87179,28.35723],[-80.87358,28.36058],[-80.87391,28.36158],[-80.87397,28.36249],[-80.87382,28.36411],[-80.87254,28.36684],[-80.87239,28.36765],[-80.87246,28.36869],[-80.8731,28.37026],[-80.87447,28.3716],[-80.87531,28.37321],[-80.87558,28.37342],[-80.87591,28.37349],[-80.87669,28.3733],[-80.87719,28.37262],[-80.87783,28.37222],[-80.87929,28.3724],[-80.87983,28.37281],[-80.8803,28.37369],[-80.88014,28.37513],[-80.88062,28.3751],[-80.8815,28.37459],[-80.88193,28.37485],[-80.88186,28.37548],[-80.87978,28.37681],[-80.87952,28.37715],[-80.87942,28.37896],[-80.8796,28.38042],[-80.88002,28.3806],[-80.88144,28.38062],[-80.88249,28.38205],[-80.8859,28.38502],[-80.88657,28.38528],[-80.88839,28.38547],[-80.88848,28.38559],[-80.88855,28.38593],[-80.88785,28.38801],[-80.88835,28.38956],[-80.88913,28.39091],[-80.8896,28.39232],[-80.88962,28.39301],[-80.88799,28.39361],[-80.88749,28.39396],[-80.88709,28.39463],[-80.88695,28.3962],[-80.88679,28.39654],[-80.88645,28.39661],[-80.88513,28.39581],[-80.88473,28.39589],[-80.88451,28.39613],[-80.88435,28.39686],[-80.88451,28.39827],[-80.88635,28.39921],[-80.88665,28.39961],[-80.88667,28.40004],[-80.88579,28.40106],[-80.8855,28.4024],[-80.88649,28.40413],[-80.88622,28.40475],[-80.88541,28.40538],[-80.8849,28.40643],[-80.8832,28.40645],[-80.88294,28.40707],[-80.88299,28.40816],[-80.88324,28.40838],[-80.88475,28.40867],[-80.8849,28.41075],[-80.88807,28.413],[-80.8883,28.41385],[-80.88791,28.41523],[-80.88802,28.41569],[-80.89107,28.41619],[-80.89187,28.41728],[-80.89219,28.41837],[-80.89416,28.41914],[-80.89471,28.4192],[-80.89486,28.41817],[-80.89507,28.418],[-80.8959,28.41815],[-80.89637,28.4185],[-80.89654,28.41892],[-80.89589,28.4196],[-80.89642,28.4206],[-80.89571,28.42056],[-80.89555,28.42069],[-80.89576,28.42312],[-80.89687,28.42327],[-80.89692,28.4237],[-80.89638,28.42467],[-80.89638,28.42496],[-80.89809,28.42541],[-80.8987,28.42614],[-80.89843,28.42637],[-80.89706,28.42641],[-80.89679,28.42684],[-80.89677,28.42781],[-80.89784,28.42963],[-80.89845,28.43192],[-80.8987,28.43194],[-80.89878,28.43122],[-80.89899,28.43093],[-80.89924,28.43106],[-80.89926,28.43219],[-80.89998,28.43153],[-80.90034,28.43159],[-80.90074,28.43206],[-80.90127,28.43354],[-80.89957,28.43337],[-80.89935,28.43352],[-80.89921,28.4343],[-80.89893,28.43468],[-80.8969,28.43551],[-80.89686,28.4357],[-80.89811,28.4362],[-80.89823,28.4364],[-80.89699,28.43649],[-80.89671,28.43734],[-80.89641,28.43736],[-80.89549,28.43633],[-80.89515,28.43645],[-80.89478,28.4374],[-80.89426,28.43786],[-80.89468,28.43867],[-80.89455,28.43928],[-80.89418,28.43988],[-80.89405,28.44096],[-80.8932,28.44146],[-80.89308,28.44175],[-80.89399,28.44274],[-80.89389,28.44386],[-80.89294,28.44457],[-80.89156,28.44453],[-80.89103,28.44469],[-80.89037,28.44507],[-80.89012,28.44541],[-80.89018,28.44598],[-80.89203,28.4492],[-80.89291,28.45013],[-80.8939,28.45076],[-80.89586,28.45126],[-80.89677,28.45218],[-80.89732,28.453],[-80.89697,28.45466],[-80.89795,28.45474],[-80.89835,28.45508],[-80.89836,28.45616],[-80.89757,28.45776],[-80.89733,28.45779],[-80.8972,28.45762],[-80.89706,28.45669],[-80.89663,28.4566],[-80.89581,28.45796],[-80.8941,28.45802],[-80.89336,28.45904],[-80.89319,28.45971],[-80.89332,28.46002],[-80.89444,28.45984],[-80.89496,28.46038],[-80.89481,28.46195],[-80.89508,28.46249],[-80.89562,28.46284],[-80.89585,28.4632],[-80.89568,28.46356],[-80.89545,28.46365],[-80.89453,28.46308],[-80.89382,28.46319],[-80.8933,28.46341],[-80.89286,28.46403],[-80.89271,28.46455],[-80.89287,28.46497],[-80.8932,28.46503],[-80.89414,28.4646],[-80.89461,28.46532],[-80.8948,28.46607],[-80.89452,28.46704],[-80.89081,28.46838],[-80.89059,28.46818],[-80.891,28.46759],[-80.89095,28.46688],[-80.89033,28.46643],[-80.88977,28.46649],[-80.88714,28.4686],[-80.88666,28.46961],[-80.88621,28.46964],[-80.88579,28.46904],[-80.88518,28.46872],[-80.88475,28.46872],[-80.88422,28.46954],[-80.88354,28.46977],[-80.88291,28.46957],[-80.88229,28.46961],[-80.88191,28.46982],[-80.88168,28.47037],[-80.88142,28.4703],[-80.88134,28.46993],[-80.88098,28.46957],[-80.88117,28.46879],[-80.88106,28.46841],[-80.88083,28.46833],[-80.87967,28.46832],[-80.87941,28.4686],[-80.87952,28.46949],[-80.87937,28.46968],[-80.87837,28.46992],[-80.87738,28.4704],[-80.87664,28.47045],[-80.87605,28.47088],[-80.87566,28.47066],[-80.8755,28.46993],[-80.87622,28.46972],[-80.87638,28.46941],[-80.87607,28.46908],[-80.87514,28.46884],[-80.87284,28.47107],[-80.87267,28.47116],[-80.87129,28.47076],[-80.87088,28.47121],[-80.87077,28.47156],[-80.87311,28.47452],[-80.87339,28.47546],[-80.87419,28.47634],[-80.87428,28.47699],[-80.87407,28.47792],[-80.87384,28.47828],[-80.87315,28.47855],[-80.87394,28.48022],[-80.87395,28.48042],[-80.87336,28.48129],[-80.87332,28.48206],[-80.87446,28.48279],[-80.87529,28.48355],[-80.87547,28.48406],[-80.87539,28.48509],[-80.87558,28.48585],[-80.87649,28.48632],[-80.87769,28.48635],[-80.87796,28.48644],[-80.87811,28.48673],[-80.8779,28.48727],[-80.87733,28.48797],[-80.87572,28.4884],[-80.87527,28.4887],[-80.87524,28.48949],[-80.87537,28.48973],[-80.87587,28.49007],[-80.87623,28.49008],[-80.87795,28.48977],[-80.87905,28.48981],[-80.87967,28.49003],[-80.88013,28.49101],[-80.88033,28.49112],[-80.88106,28.49134],[-80.88199,28.49122],[-80.88259,28.49149],[-80.88408,28.49487],[-80.88416,28.49554],[-80.88373,28.496],[-80.88099,28.49665],[-80.88027,28.49699],[-80.87991,28.4976],[-80.88001,28.49847],[-80.87987,28.50001],[-80.88029,28.50155],[-80.88093,28.50271],[-80.88103,28.50378],[-80.88132,28.50397],[-80.88301,28.50401],[-80.88331,28.50429],[-80.88415,28.50678],[-80.88452,28.50718],[-80.88499,28.50922],[-80.88574,28.51031],[-80.89033,28.51185],[-80.89192,28.51209],[-80.89339,28.51184],[-80.895,28.50985],[-80.89591,28.50944],[-80.89644,28.50942],[-80.89745,28.50984],[-80.89827,28.50968],[-80.89885,28.50978],[-80.90009,28.51155],[-80.90152,28.51042],[-80.90198,28.51046],[-80.90337,28.5111],[-80.90386,28.51098],[-80.90417,28.5104],[-80.90446,28.51044],[-80.9052,28.5111],[-80.90663,28.51161],[-80.90661,28.51208],[-80.90561,28.51276],[-80.90688,28.51344],[-80.90713,28.51378],[-80.90702,28.51471],[-80.90597,28.51539],[-80.90555,28.51603],[-80.90544,28.51658],[-80.90572,28.51781],[-80.90605,28.51804],[-80.90699,28.51784],[-80.90776,28.51784],[-80.90796,28.51799],[-80.90684,28.51996],[-80.90726,28.52054],[-80.91008,28.52191],[-80.91047,28.52184],[-80.91103,28.52127],[-80.91199,28.52162],[-80.91247,28.52258],[-80.91251,28.52317],[-80.91099,28.52291],[-80.91065,28.52306],[-80.91056,28.5233],[-80.91055,28.52348],[-80.91102,28.5239],[-80.91141,28.52457],[-80.91206,28.52473],[-80.91305,28.52382],[-80.91522,28.52333],[-80.91631,28.52277],[-80.91684,28.52276],[-80.91752,28.52298],[-80.91953,28.52418],[-80.92064,28.5252],[-80.92106,28.52645],[-80.92107,28.52881],[-80.92338,28.53273],[-80.92438,28.53313],[-80.92507,28.5332],[-80.92752,28.53269],[-80.92824,28.53271],[-80.92871,28.53291],[-80.93183,28.53539],[-80.93218,28.5355],[-80.93255,28.53515],[-80.93287,28.53382],[-80.93365,28.53335],[-80.93407,28.5334],[-80.93467,28.53359],[-80.93524,28.5341],[-80.93544,28.53451],[-80.93559,28.53631],[-80.93581,28.53661],[-80.93626,28.53678],[-80.9368,28.53673],[-80.93722,28.53642],[-80.9378,28.53469],[-80.93867,28.53472],[-80.93939,28.53512],[-80.93952,28.53576],[-80.93905,28.53734],[-80.93897,28.53945],[-80.93965,28.5407],[-80.93921,28.5418],[-80.93897,28.54202],[-80.93817,28.54184],[-80.93583,28.54176],[-80.93529,28.5414],[-80.93489,28.54056],[-80.93425,28.54047],[-80.93277,28.54133],[-80.93243,28.54168],[-80.93213,28.54236],[-80.93215,28.543],[-80.93271,28.54347],[-80.93321,28.54419],[-80.9342,28.54485],[-80.9343,28.5452],[-80.93415,28.54766],[-80.9334,28.54897],[-80.93327,28.54949],[-80.93339,28.5505],[-80.93263,28.5516],[-80.93292,28.55193],[-80.93367,28.55192],[-80.93325,28.55263],[-80.93332,28.55289],[-80.93408,28.55361],[-80.93419,28.5544],[-80.93383,28.55499],[-80.93174,28.55588],[-80.93168,28.55697],[-80.93173,28.55714],[-80.93249,28.55733],[-80.93304,28.55834],[-80.93384,28.55859],[-80.93427,28.55897],[-80.93409,28.55933],[-80.93331,28.55935],[-80.93165,28.55982],[-80.93158,28.56006],[-80.93218,28.5618],[-80.93158,28.56217],[-80.93035,28.56259],[-80.93001,28.56296],[-80.93052,28.56399],[-80.93097,28.56388],[-80.93135,28.5645],[-80.93194,28.56456],[-80.93217,28.56564],[-80.93188,28.56639],[-80.9331,28.56631],[-80.93282,28.56732],[-80.9335,28.56747],[-80.93407,28.56792],[-80.93396,28.56831],[-80.93442,28.56876],[-80.93441,28.56944],[-80.93485,28.56993],[-80.93575,28.57049],[-80.93588,28.57133],[-80.93632,28.57145],[-80.93746,28.57094],[-80.93824,28.57151],[-80.93828,28.57225],[-80.93882,28.5725],[-80.93914,28.57242],[-80.93935,28.57254],[-80.93935,28.57313],[-80.93989,28.5736],[-80.94034,28.5745],[-80.94018,28.57467],[-80.93928,28.57468],[-80.93906,28.57518],[-80.93932,28.57561],[-80.93969,28.57557],[-80.94027,28.57593],[-80.94044,28.57809],[-80.9415,28.57814],[-80.94168,28.57899],[-80.9426,28.5799],[-80.94363,28.58025],[-80.94391,28.58002],[-80.94425,28.58011],[-80.94443,28.58053],[-80.94384,28.58129],[-80.94395,28.58195],[-80.94449,28.5826],[-80.94586,28.58272],[-80.94537,28.58338],[-80.94474,28.58383],[-80.94476,28.58401],[-80.94628,28.58451],[-80.94673,28.58485],[-80.94716,28.58489],[-80.94654,28.58554],[-80.94632,28.58608],[-80.94671,28.58713],[-80.94717,28.58715],[-80.94709,28.58742],[-80.94679,28.5876],[-80.94638,28.58758],[-80.94596,28.58705],[-80.94581,28.58649],[-80.94544,28.5865],[-80.94531,28.58707],[-80.94556,28.58794],[-80.9451,28.58853],[-80.94505,28.58894],[-80.94428,28.58891],[-80.94473,28.58987],[-80.94446,28.59035],[-80.94388,28.5905],[-80.9438,28.591],[-80.94409,28.59134],[-80.94466,28.59132],[-80.94507,28.59238],[-80.94459,28.59303],[-80.94406,28.59261],[-80.94381,28.59266],[-80.94334,28.59343],[-80.94346,28.59389],[-80.94552,28.59496],[-80.94642,28.59574],[-80.94793,28.59564],[-80.94793,28.59592],[-80.94733,28.59673],[-80.94658,28.59659],[-80.94637,28.59694],[-80.94704,28.59746],[-80.94804,28.59749],[-80.94882,28.59794],[-80.94879,28.59824],[-80.94841,28.59858],[-80.94853,28.59881],[-80.94952,28.59848],[-80.94931,28.59918],[-80.94953,28.59969],[-80.94905,28.59997],[-80.9493,28.60037],[-80.94958,28.60036],[-80.95072,28.59963],[-80.95091,28.60002],[-80.9512,28.60006],[-80.95123,28.60047],[-80.95183,28.60049],[-80.95233,28.60006],[-80.95305,28.60066],[-80.95312,28.60094],[-80.95292,28.60138],[-80.95195,28.60223],[-80.95196,28.6024],[-80.95239,28.60255],[-80.95248,28.60274],[-80.95192,28.60387],[-80.95207,28.60423],[-80.95283,28.6042],[-80.95371,28.60489],[-80.95409,28.60495],[-80.95522,28.60356],[-80.95642,28.60389],[-80.95663,28.6033],[-80.95636,28.60214],[-80.95654,28.60198],[-80.95711,28.6019],[-80.95905,28.60242],[-80.95996,28.60292],[-80.96026,28.60363],[-80.96039,28.60495],[-80.96129,28.60545],[-80.96216,28.60547],[-80.96403,28.6051],[-80.96519,28.60438],[-80.96581,28.60459],[-80.96622,28.60509],[-80.96703,28.60501],[-80.9676,28.6052],[-80.96783,28.60501],[-80.9678,28.6044],[-80.96835,28.6042],[-80.96893,28.60452],[-80.96953,28.60519],[-80.96959,28.60694],[-80.96918,28.60788],[-80.96949,28.60838],[-80.97065,28.60858],[-80.97086,28.60908],[-80.97064,28.6107],[-80.97099,28.61115],[-80.97197,28.61124],[-80.9726,28.61149],[-80.97306,28.61137],[-80.97474,28.60851],[-80.97541,28.60791],[-80.97592,28.60782],[-80.97661,28.60807],[-80.97796,28.60913],[-80.97983,28.60911],[-80.9806,28.60958],[-80.98104,28.61019],[-80.98059,28.61053],[-80.9806,28.61095],[-80.98103,28.61115],[-80.98152,28.61113],[-80.98241,28.61069],[-80.98284,28.6098],[-80.98333,28.6097],[-80.98374,28.61017],[-80.98382,28.6119],[-80.98422,28.61268],[-80.98458,28.61287],[-80.98503,28.61274],[-80.98529,28.61217],[-80.98501,28.61152],[-80.98534,28.61136],[-80.9863,28.61182],[-80.98725,28.613]]]},"properties":{"GEOID":"36740","NAME":"Orlando-Kissimmee-Sanford, FL Metro Area"}},{"type":"Feature","geometry":{"type":"Polygon","coordinates":[[[-116.7573,32.56551],[-116.62011,32.57695],[-116.43941,32.59178],[-116.22668,32.60892],[-116.10618,32.61844],[-116.10574,32.6391],[-116.10585,32.64764],[-116.10558,32.72635],[-116.10299,32.72635],[-116.10332,32.76909],[-116.10327,32.78376],[-116.10352,32.79813],[-116.10358,32.81442],[-116.10345,32.84187],[-116.10284,32.86877],[-116.10294,32.87345],[-116.1037,32.88897],[-116.10319,32.9037],[-116.10303,33.0016],[-116.10334,33.07483],[-116.0812,33.07486],[-116.08088,33.14742],[-116.08117,33.19084],[-116.08224,33.25108],[-116.0844,33.30984],[-116.08521,33.33922],[-116.08489,33.42632],[-116.11946,33.42628],[-116.12986,33.42611],[-116.1977,33.42891],[-116.26375,33.42815],[-116.29853,33.42745],[-116.37132,33.42731],[-116.4024,33.42751],[-116.5161,33.4271],[-116.61769,33.42744],[-116.63399,33.42713],[-116.68534,33.42729],[-116.70294,33.42754],[-116.71976,33.42757],[-116.75468,33.42716],[-116.79332,33.42695],[-116.86755,33.42683],[-116.98202,33.42742],[-116.99882,33.42696],[-117.03088,33.42687],[-117.03085,33.4299],[-117.05389,33.43009],[-117.06111,33.43037],[-117.06971,33.43021],[-117.1044,33.43026],[-117.13878,33.43259],[-117.16587,33.43257],[-117.1915,33.43223],[-117.24135,33.43193],[-117.24147,33.44882],[-117.35072,33.48406],[-117.3708,33.49066],[-117.36427,33.5049],[-117.39811,33.50527],[-117.4327,33.50538],[-117.45964,33.50534],[-117.4859,33.50505],[-117.50982,33.50518],[-117.50938,33.48403],[-117.5095,33.47027],[-117.53817,33.45488],[-117.55984,33.45139],[-117.57851,33.45381],[-117.59609,33.38747],[-117.5962,33.3869],[-117.59608,33.38595],[-117.59911,33.37503],[-117.61108,33.33399],[-117.57153,33.3123],[-117.5496,33.29442],[-117.521,33.26887],[-117.50774,33.25003],[-117.50088,33.24215],[-117.46787,33.21249],[-117.43556,33.17751],[-117.40521,33.12504],[-117.39224,33.10342],[-117.37587,33.07522],[-117.32328,32.90306],[-117.33264,32.88216],[-117.33966,32.85917],[-117.342,32.84035],[-117.33498,32.81945],[-117.3303,32.80482],[-117.32562,32.73165],[-117.32094,32.68985],[-117.30924,32.6564],[-117.29754,32.64177],[-117.27692,32.62347],[-117.27259,32.62161],[-117.27125,32.6207],[-117.26879,32.61941],[-117.26732,32.61891],[-117.26077,32.61687],[-117.25199,32.61486],[-117.24679,32.61485],[-117.23351,32.61668],[-117.22841,32.6185],[-117.2233,32.62124],[-117.2182,32.61029],[-117.21411,32.59478],[-117.21003,32.57288],[-117.21003,32.55463],[-117.20505,32.52951],[-117.12466,32.53427],[-116.7573,32.56551]]]},"properties":{"GEOID":"41740","NAME":"San Diego-Chula Vista-Carlsbad, CA Metro Area"}},{"type":"Feature","geometry":{"type":"Polygon","coordinates":[[[-96.83411,33.4055],[-96.84117,33.40559],[-96.8411,33.41338],[-96.87558,33.4141],[-96.87589,33.41395],[-96.87593,33.41352],[-96.87656,33.41353],[-96.90188,33.41448],[-96.91881,33.41493],[-96.93845,33.41624],[-97.00028,33.41821],[-97.12934,33.42268],[-97.23345,33.42548],[-97.33497,33.4288],[-97.35718,33.43017],[-97.3826,33.43043],[-97.3831,33.43045],[-97.38301,33.43289],[-97.47188,33.43352],[-97.48004,33.43363],[-97.48116,33.43377],[-97.48211,33.43362],[-97.49094,33.43374],[-97.50015,33.43406],[-97.5003,33.43395],[-97.50892,33.4339],[-97.61979,33.43402],[-97.62532,33.43382],[-97.63781,33.43381],[-97.75953,33.43397],[-97.80846,33.43372],[-97.81025,33.43387],[-97.86252,33.43381],[-97.87531,33.434],[-97.91819,33.43387],[-97.91824,33.42336],[-97.91813,33.42273],[-97.91828,33.41534],[-97.91868,33.33571],[-97.91884,33.324],[-97.91923,33.32187],[-97.9188,33.32163],[-97.91911,33.30748],[-97.91897,33.29494],[-97.91911,33.29376],[-97.9187,33.26031],[-97.91871,33.25016],[-97.91999,33.14538],[-97.9203,33.10324],[-97.92164,33.00128],[-98.00035,33.00265],[-98.05609,33.00333],[-98.0573,32.94094],[-98.05884,32.87636],[-98.05965,32.83539],[-98.06018,32.81978],[-98.06041,32.80391],[-98.06182,32.75119],[-98.06183,32.75013],[-98.06157,32.74924],[-98.06153,32.73547],[-98.06237,32.71788],[-98.06479,32.61971],[-98.06684,32.55882],[-98.00032,32.55822],[-97.99779,32.55789],[-97.98353,32.55732],[-97.97302,32.55741],[-97.91933,32.5571],[-97.87531,32.55735],[-97.83628,32.55722],[-97.80875,32.55693],[-97.75031,32.55696],[-97.74001,32.55673],[-97.70534,32.55643],[-97.69933,32.55658],[-97.67721,32.55615],[-97.61701,32.55548],[-97.61679,32.52729],[-97.61647,32.51273],[-97.6161,32.50467],[-97.61589,32.49052],[-97.61626,32.47932],[-97.61705,32.47109],[-97.61556,32.38402],[-97.61522,32.31902],[-97.61522,32.31867],[-97.61572,32.31862],[-97.61509,32.20349],[-97.60894,32.20419],[-97.59984,32.2042],[-97.59826,32.20393],[-97.59515,32.20234],[-97.5941,32.20156],[-97.59262,32.19998],[-97.59073,32.19659],[-97.59019,32.19511],[-97.58976,32.19316],[-97.58965,32.19017],[-97.58989,32.18848],[-97.59025,32.18738],[-97.5909,32.18615],[-97.59223,32.1848],[-97.59451,32.18345],[-97.6004,32.18086],[-97.60158,32.17991],[-97.60237,32.17885],[-97.60257,32.17763],[-97.60233,32.17654],[-97.60188,32.17587],[-97.60131,32.17543],[-97.59772,32.17414],[-97.59594,32.17397],[-97.59293,32.17437],[-97.59118,32.17509],[-97.58549,32.17809],[-97.58212,32.17954],[-97.57863,32.18077],[-97.57753,32.18094],[-97.57595,32.18102],[-97.57457,32.18084],[-97.57058,32.17868],[-97.56917,32.17756],[-97.56826,32.17626],[-97.56769,32.17501],[-97.56748,32.17414],[-97.56748,32.17269],[-97.56808,32.1678],[-97.56785,32.16657],[-97.56738,32.16534],[-97.56677,32.16459],[-97.5648,32.16278],[-97.56464,32.16168],[-97.56496,32.16056],[-97.56634,32.15924],[-97.56719,32.15817],[-97.56864,32.15692],[-97.56968,32.15574],[-97.57047,32.15451],[-97.5707,32.15352],[-97.57034,32.15224],[-97.56968,32.15129],[-97.56872,32.15049],[-97.56752,32.14996],[-97.55847,32.14922],[-97.55746,32.14923],[-97.55629,32.14954],[-97.55455,32.14957],[-97.55337,32.14929],[-97.54957,32.14746],[-97.5415,32.14249],[-97.5377,32.1405],[-97.52475,32.13563],[-97.52181,32.13476],[-97.51572,32.13376],[-97.51433,32.1338],[-97.51249,32.13422],[-97.50963,32.13614],[-97.50816,32.13844],[-97.50801,32.13935],[-97.50831,32.1406],[-97.5095,32.1418],[-97.511,32.14386],[-97.5122,32.14667],[-97.51272,32.14862],[-97.51346,32.15258],[-97.51377,32.15561],[-97.51343,32.1579],[-97.51307,32.15947],[-97.51248,32.1609],[-97.51179,32.16194],[-97.51049,32.16278],[-97.50855,32.16339],[-97.50299,32.16277],[-97.49448,32.16463],[-97.49277,32.16571],[-97.49037,32.16858],[-97.48901,32.16994],[-97.48741,32.17116],[-97.48663,32.17154],[-97.48339,32.17243],[-97.47609,32.17346],[-97.47181,32.17552],[-97.47599,32.18168],[-97.37529,32.20421],[-97.16189,32.25025],[-97.15143,32.25188],[-97.14743,32.25226],[-97.13341,32.2547],[-97.08705,32.26525],[-97.08704,32.26682],[-97.08108,32.25795],[-97.07556,32.25015],[-97.05834,32.22467],[-97.05638,32.22201],[-97.00028,32.13872],[-96.98898,32.12262],[-96.96575,32.08872],[-96.96263,32.08393],[-96.94066,32.05209],[-96.87917,32.08235],[-96.74987,32.1465],[-96.62527,32.20658],[-96.60671,32.21614],[-96.56936,32.23488],[-96.53944,32.25015],[-96.51251,32.26354],[-96.50707,32.2665],[-96.49247,32.27385],[-96.47291,32.28316],[-96.46496,32.28712],[-96.39508,32.32364],[-96.38587,32.32737],[-96.38291,32.32893],[-96.38424,32.33107],[-96.3852,32.33196],[-96.38821,32.33272],[-96.38989,32.33357],[-96.39081,32.33386],[-96.39208,32.33354],[-96.39423,32.33268],[-96.39533,32.332],[-96.39656,32.33083],[-96.39776,32.33038],[-96.40041,32.3288],[-96.40141,32.32859],[-96.40274,32.32876],[-96.40337,32.32867],[-96.40493,32.32779],[-96.40564,32.32769],[-96.40695,32.32788],[-96.40812,32.3285],[-96.41089,32.33191],[-96.41165,32.33254],[-96.41247,32.3328],[-96.41568,32.33305],[-96.41601,32.33351],[-96.41619,32.33463],[-96.41644,32.33502],[-96.41679,32.33536],[-96.41753,32.33554],[-96.41938,32.33542],[-96.42038,32.33485],[-96.4204,32.33452],[-96.41969,32.33327],[-96.41979,32.33293],[-96.42001,32.33261],[-96.42164,32.33232],[-96.42274,32.33278],[-96.42326,32.33324],[-96.42344,32.33453],[-96.42376,32.33532],[-96.42443,32.33587],[-96.42522,32.33617],[-96.42589,32.33619],[-96.42627,32.33601],[-96.42623,32.33442],[-96.42777,32.33374],[-96.42869,32.33254],[-96.42913,32.33224],[-96.43023,32.33221],[-96.43064,32.3324],[-96.43093,32.33286],[-96.43105,32.33338],[-96.43098,32.33481],[-96.4314,32.33723],[-96.43061,32.3379],[-96.43028,32.33844],[-96.43027,32.33889],[-96.43052,32.33936],[-96.43287,32.33926],[-96.43344,32.34008],[-96.43376,32.34023],[-96.43383,32.34074],[-96.43529,32.34081],[-96.43638,32.34105],[-96.43692,32.34136],[-96.43711,32.3424],[-96.43662,32.34382],[-96.43625,32.34432],[-96.43629,32.34541],[-96.43733,32.34589],[-96.43885,32.34574],[-96.43931,32.34548],[-96.44036,32.344],[-96.44075,32.34378],[-96.44146,32.34401],[-96.44177,32.34435],[-96.44142,32.34535],[-96.44101,32.34565],[-96.44095,32.34596],[-96.44131,32.3463],[-96.44378,32.34634],[-96.44713,32.34575],[-96.44832,32.34519],[-96.4491,32.3445],[-96.45004,32.34423],[-96.451,32.34441],[-96.45182,32.345],[-96.45223,32.34589],[-96.45185,32.34695],[-96.45202,32.34764],[-96.45344,32.34822],[-96.45388,32.34884],[-96.45408,32.35068],[-96.45457,32.35157],[-96.45456,32.35232],[-96.4541,32.35264],[-96.45308,32.35285],[-96.45218,32.3525],[-96.45157,32.35171],[-96.45053,32.35094],[-96.44984,32.3508],[-96.44931,32.35096],[-96.44926,32.35301],[-96.44856,32.35397],[-96.44844,32.35449],[-96.44868,32.35503],[-96.44947,32.35508],[-96.45047,32.35478],[-96.45176,32.35552],[-96.45366,32.35718],[-96.45362,32.35802],[-96.45237,32.35866],[-96.4508,32.35855],[-96.40895,32.35849],[-96.396,32.35856],[-96.38206,32.35886],[-96.34255,32.35874],[-96.30375,32.35893],[-96.2664,32.35855],[-96.2497,32.35872],[-96.24974,32.35499],[-96.23151,32.35471],[-96.20745,32.35508],[-96.19617,32.35475],[-96.19575,32.35532],[-96.19562,32.356],[-96.19562,32.3582],[-96.12098,32.35759],[-96.0759,32.35751],[-96.07579,32.37513],[-96.07591,32.4797],[-96.07609,32.48629],[-96.07597,32.50009],[-96.07554,32.5069],[-96.07602,32.61554],[-96.0759,32.63444],[-96.07603,32.64353],[-96.07587,32.64959],[-96.07673,32.83338],[-96.07662,32.83702],[-96.0768,32.83849],[-96.06193,32.83851],[-95.97896,32.83765],[-95.97856,32.83779],[-95.9778,32.83761],[-95.93443,32.83722],[-95.93533,32.83805],[-95.93536,32.83827],[-95.93482,32.83939],[-95.93494,32.84034],[-95.93574,32.84064],[-95.9371,32.84083],[-95.9373,32.84106],[-95.93718,32.84185],[-95.9381,32.84297],[-95.93852,32.84302],[-95.93894,32.84277],[-95.93981,32.84143],[-95.94031,32.84108],[-95.94094,32.84089],[-95.94145,32.84094],[-95.9415,32.84131],[-95.94107,32.84226],[-95.94104,32.8425],[-95.94123,32.84271],[-95.94173,32.84264],[-95.94243,32.84157],[-95.94308,32.84134],[-95.94324,32.8422],[-95.94365,32.84254],[-95.94305,32.84336],[-95.943,32.84383],[-95.94368,32.84504],[-95.94407,32.84519],[-95.94504,32.84474],[-95.947,32.84497],[-95.94735,32.84464],[-95.94646,32.84419],[-95.94638,32.84398],[-95.9466,32.84352],[-95.94681,32.84327],[-95.94903,32.84242],[-95.94932,32.84251],[-95.94944,32.84296],[-95.94931,32.84371],[-95.94987,32.84505],[-95.95037,32.84525],[-95.95145,32.84485],[-95.95166,32.84569],[-95.95208,32.846],[-95.95259,32.84599],[-95.95354,32.84545],[-95.95642,32.84494],[-95.95678,32.84521],[-95.95725,32.84596],[-95.95789,32.84604],[-95.95802,32.84623],[-95.95778,32.84693],[-95.95797,32.84775],[-95.95838,32.84788],[-95.95867,32.84822],[-95.9587,32.84867],[-95.9583,32.84982],[-95.95849,32.85045],[-95.95998,32.85134],[-95.96125,32.85142],[-95.96143,32.85157],[-95.96145,32.85232],[-95.96173,32.85271],[-95.96385,32.8541],[-95.96509,32.8543],[-95.9663,32.85416],[-95.96749,32.85554],[-95.96864,32.85603],[-95.96878,32.85645],[-95.96832,32.85663],[-95.96807,32.85695],[-95.96821,32.85746],[-95.968,32.85759],[-95.96802,32.85781],[-95.96907,32.85832],[-95.96996,32.85803],[-95.97033,32.85808],[-95.97098,32.85849],[-95.97069,32.85948],[-95.97078,32.86021],[-95.9711,32.86057],[-95.97257,32.86091],[-95.97314,32.86151],[-95.97418,32.86172],[-95.9746,32.86211],[-95.97477,32.86276],[-95.97809,32.86502],[-95.97874,32.86596],[-95.98009,32.86686],[-95.9804,32.86738],[-95.98006,32.86824],[-95.98011,32.86867],[-95.98107,32.86878],[-95.98161,32.86967],[-95.98245,32.86955],[-95.98279,32.87055],[-95.98348,32.87126],[-95.9844,32.8718],[-95.98486,32.87228],[-95.98571,32.87234],[-95.9864,32.87274],[-95.98665,32.87315],[-95.98672,32.87367],[-95.98628,32.87512],[-95.98703,32.87556],[-95.98736,32.87613],[-95.98726,32.87642],[-95.98611,32.87751],[-95.98607,32.87808],[-95.98664,32.87962],[-95.98651,32.88011],[-95.98607,32.88044],[-95.9837,32.88122],[-95.9828,32.88181],[-95.98275,32.88293],[-95.98333,32.88454],[-95.98293,32.88543],[-95.98227,32.88564],[-95.98159,32.88552],[-95.97974,32.88649],[-95.97946,32.88645],[-95.97909,32.88596],[-95.97813,32.88624],[-95.97782,32.88703],[-95.97737,32.88752],[-95.97681,32.88969],[-95.97737,32.89103],[-95.97643,32.89159],[-95.97635,32.8918],[-95.97669,32.89236],[-95.9775,32.89247],[-95.97761,32.89334],[-95.97737,32.89378],[-95.97611,32.89478],[-95.9753,32.89466],[-95.97452,32.89529],[-95.97419,32.89614],[-95.97456,32.89761],[-95.97415,32.89788],[-95.97349,32.89765],[-95.97283,32.89818],[-95.97266,32.89909],[-95.97346,32.8994],[-95.97374,32.89986],[-95.97341,32.9002],[-95.97212,32.90073],[-95.9721,32.90096],[-95.97285,32.90168],[-95.97257,32.90187],[-95.96844,32.91346],[-95.96802,32.91507],[-95.96561,32.92208],[-95.96317,32.92843],[-95.95644,32.94815],[-95.9453,32.97988],[-95.94022,32.98001],[-95.90505,32.97969],[-95.8982,32.9798],[-95.8969,32.97959],[-95.87239,32.97937],[-95.86252,32.97957],[-95.86313,32.99971],[-95.8633,33.00012],[-95.86333,33.05608],[-95.86306,33.05635],[-95.86282,33.12511],[-95.86165,33.22943],[-95.86136,33.27997],[-95.86057,33.29706],[-95.8605,33.31243],[-95.8601,33.32809],[-95.86016,33.33333],[-95.85968,33.35322],[-95.85928,33.35851],[-95.85909,33.37021],[-95.85923,33.37382],[-95.85905,33.37511],[-95.85912,33.3779],[-95.85872,33.39581],[-95.85872,33.40953],[-96.00025,33.39098],[-96.01015,33.38981],[-96.12525,33.37455],[-96.13667,33.37292],[-96.24169,33.35912],[-96.25026,33.35778],[-96.29541,33.35194],[-96.30535,33.35089],[-96.30973,33.35023],[-96.31164,33.35012],[-96.32778,33.34788],[-96.37526,33.3421],[-96.3845,33.34112],[-96.38453,33.38373],[-96.38462,33.39646],[-96.38476,33.39679],[-96.3846,33.39783],[-96.38647,33.39807],[-96.39409,33.39842],[-96.40238,33.39808],[-96.40523,33.39831],[-96.40892,33.39818],[-96.42471,33.39823],[-96.44868,33.39886],[-96.46002,33.3989],[-96.47254,33.39869],[-96.5516,33.39977],[-96.5528,33.39963],[-96.56493,33.39993],[-96.56942,33.39996],[-96.56943,33.39975],[-96.58248,33.40028],[-96.58996,33.40024],[-96.62526,33.40064],[-96.76931,33.40379],[-96.79456,33.40458],[-96.83411,33.4055]]]},"properties":{"GEOID":"19100","NAME":"Dallas-Fort Worth-Arlington, TX Metro Area"}},{"type":"Feature","geometry":{"type":"Polygon","coordinates":[[[-82.72317,42.47778],[-82.71158,42.48914],[-82.70086,42.50003],[-82.70117,42.50005],[-82.69938,42.50189],[-82.66779,42.53341],[-82.66335,42.54017],[-82.66189,42.54175],[-82.65429,42.54707],[-82.64307,42.55432],[-82.64122,42.55492],[-82.63372,42.5568],[-82.62433,42.55713],[-82.61709,42.55472],[-82.61086,42.55003],[-82.60914,42.54901],[-82.60697,42.54828],[-82.60574,42.54817],[-82.5912,42.55059],[-82.58998,42.55098],[-82.58548,42.55318],[-82.58407,42.55405],[-82.58389,42.55439],[-82.58191,42.55874],[-82.58114,42.56153],[-82.58013,42.56411],[-82.57957,42.56531],[-82.57881,42.56603],[-82.57128,42.57181],[-82.57072,42.57238],[-82.56431,42.57656],[-82.55818,42.58117],[-82.5548,42.58419],[-82.55452,42.58429],[-82.55255,42.58646],[-82.54968,42.59028],[-82.54814,42.59175],[-82.54563,42.59318],[-82.53447,42.60021],[-82.52343,42.60734],[-82.51893,42.61374],[-82.5183,42.61573],[-82.51714,42.61835],[-82.51555,42.62281],[-82.51433,42.62704],[-82.51232,42.62983],[-82.51004,42.63679],[-82.50994,42.64095],[-82.51018,42.65054],[-82.51051,42.65511],[-82.51052,42.65809],[-82.51074,42.65856],[-82.51081,42.66136],[-82.51094,42.66142],[-82.511,42.66434],[-82.51085,42.66499],[-82.49893,42.69106],[-82.49773,42.6939],[-82.49763,42.69503],[-82.49552,42.69864],[-82.49468,42.70059],[-82.49333,42.70236],[-82.48986,42.70785],[-82.48885,42.70988],[-82.48797,42.71104],[-82.48396,42.71794],[-82.48381,42.71888],[-82.48353,42.7322],[-82.48338,42.73346],[-82.4768,42.74572],[-82.47427,42.74995],[-82.4699,42.75786],[-82.4692,42.75938],[-82.46767,42.76191],[-82.46704,42.76875],[-82.46887,42.7761],[-82.46998,42.77916],[-82.47022,42.78192],[-82.47059,42.78371],[-82.47116,42.78482],[-82.47248,42.7866],[-82.4725,42.78687],[-82.47528,42.79179],[-82.47646,42.79538],[-82.47719,42.79638],[-82.47741,42.79647],[-82.48091,42.80265],[-82.48185,42.80548],[-82.48213,42.8068],[-82.48252,42.80755],[-82.48257,42.80864],[-82.48177,42.81317],[-82.48096,42.81599],[-82.47974,42.81911],[-82.47934,42.82095],[-82.47868,42.82275],[-82.47853,42.82338],[-82.47853,42.82562],[-82.47759,42.82634],[-82.47262,42.83667],[-82.47164,42.8399],[-82.47024,42.84638],[-82.47047,42.84737],[-82.47044,42.84833],[-82.46868,42.85205],[-82.46814,42.85942],[-82.46868,42.86687],[-82.46893,42.86879],[-82.46911,42.86918],[-82.46953,42.87691],[-82.46977,42.87746],[-82.46967,42.87826],[-82.46994,42.88093],[-82.4699,42.88626],[-82.46934,42.88872],[-82.46794,42.89248],[-82.46363,42.90227],[-82.46172,42.90751],[-82.46051,42.91222],[-82.45625,42.92518],[-82.45557,42.92685],[-82.45282,42.93008],[-82.44723,42.93771],[-82.43731,42.94554],[-82.42873,42.95202],[-82.42403,42.95855],[-82.42254,42.95933],[-82.4167,42.96642],[-82.41487,42.97317],[-82.41347,42.97689],[-82.41387,42.9782],[-82.42068,42.9844],[-82.42112,42.98495],[-82.42114,42.9855],[-82.42305,42.98844],[-82.42497,42.99338],[-82.42442,42.99698],[-82.42372,42.99852],[-82.42273,43.00006],[-82.41605,43.00548],[-82.411,43.01131],[-82.40998,43.01409],[-82.39871,43.04125],[-82.39903,43.04125],[-82.38997,43.06224],[-82.37491,43.09101],[-82.37491,43.08862],[-82.35718,43.12503],[-82.35624,43.12503],[-82.33407,43.17041],[-82.48778,43.16882],[-82.49992,43.16872],[-82.50316,43.16895],[-82.62117,43.16469],[-82.7222,43.16171],[-82.80059,43.1592],[-82.89519,43.15669],[-82.93632,43.15576],[-82.99626,43.1541],[-82.99907,43.2262],[-83.00007,43.26333],[-83.00043,43.28491],[-83.02014,43.28492],[-83.07955,43.28413],[-83.09948,43.28413],[-83.11903,43.28368],[-83.1204,43.32705],[-83.24307,43.3243],[-83.35442,43.32226],[-83.35171,43.23519],[-83.46071,43.23279],[-83.46073,43.22313],[-83.4604,43.2153],[-83.46049,43.21079],[-83.45902,43.09307],[-83.45896,43.06624],[-83.45913,43.05764],[-83.45909,43.04917],[-83.45659,42.95593],[-83.45566,42.92955],[-83.45379,42.88568],[-83.45336,42.88043],[-83.4533,42.87631],[-83.45489,42.87613],[-83.46677,42.87584],[-83.48847,42.87551],[-83.55137,42.87408],[-83.57154,42.87327],[-83.63325,42.87232],[-83.68938,42.87126],[-83.68934,42.86388],[-83.68883,42.84463],[-83.68767,42.82743],[-83.68711,42.8001],[-83.68702,42.79828],[-83.68695,42.79791],[-83.6868,42.79787],[-83.68682,42.79335],[-83.68649,42.78326],[-83.80542,42.78114],[-83.83575,42.7812],[-83.83904,42.78136],[-83.85874,42.78139],[-83.88397,42.78169],[-84.00077,42.77911],[-84.08912,42.77761],[-84.15819,42.77664],[-84.15481,42.74437],[-84.15135,42.70224],[-84.15067,42.68875],[-84.15016,42.68312],[-84.14967,42.67254],[-84.1468,42.62853],[-84.14567,42.61387],[-84.14547,42.60765],[-84.14467,42.59724],[-84.14175,42.54726],[-84.14125,42.52423],[-84.1406,42.50839],[-84.14084,42.49035],[-84.14071,42.42461],[-84.09591,42.42447],[-84.0411,42.42393],[-84.01507,42.4239],[-83.96308,42.42422],[-83.94465,42.42415],[-83.88504,42.42577],[-83.86494,42.42648],[-83.7964,42.42828],[-83.76898,42.42913],[-83.76508,42.42936],[-83.74637,42.4285],[-83.74324,42.42848],[-83.55191,42.43517],[-83.54999,42.39983],[-83.54676,42.33479],[-83.54537,42.30582],[-83.5442,42.27689],[-83.54373,42.26246],[-83.54443,42.24881],[-83.54435,42.23954],[-83.54354,42.2177],[-83.54345,42.20956],[-83.54289,42.19749],[-83.54117,42.14767],[-83.5394,42.0856],[-83.46145,42.08724],[-83.42062,42.08778],[-83.42076,42.09357],[-83.36219,42.09399],[-83.29506,42.09424],[-83.29436,42.09307],[-83.29368,42.09261],[-83.29304,42.09238],[-83.29085,42.09222],[-83.29023,42.09191],[-83.28973,42.09152],[-83.28956,42.09114],[-83.28964,42.0903],[-83.28953,42.09014],[-83.2884,42.08965],[-83.28732,42.08932],[-83.28714,42.08963],[-83.28724,42.09041],[-83.28698,42.09114],[-83.28674,42.09121],[-83.286,42.09052],[-83.28568,42.08993],[-83.28569,42.08947],[-83.28622,42.08909],[-83.28686,42.08907],[-83.28702,42.08885],[-83.28684,42.0885],[-83.28623,42.08804],[-83.28532,42.08791],[-83.28435,42.08823],[-83.28391,42.08879],[-83.28397,42.08907],[-83.28481,42.08946],[-83.28492,42.08973],[-83.28415,42.08995],[-83.28351,42.08974],[-83.2829,42.089],[-83.28238,42.08764],[-83.28245,42.08688],[-83.28324,42.08613],[-83.28304,42.0857],[-83.28199,42.08549],[-83.28154,42.086],[-83.28112,42.08612],[-83.28046,42.08606],[-83.28029,42.0859],[-83.28028,42.08504],[-83.28049,42.08476],[-83.28246,42.0844],[-83.28253,42.08421],[-83.28231,42.08389],[-83.28169,42.08342],[-83.28106,42.08341],[-83.28002,42.08392],[-83.27935,42.08395],[-83.2788,42.08315],[-83.27747,42.08282],[-83.27708,42.08248],[-83.27716,42.08204],[-83.27762,42.08186],[-83.27962,42.08197],[-83.28044,42.08164],[-83.28049,42.08096],[-83.27996,42.08022],[-83.27914,42.07967],[-83.27768,42.07934],[-83.27525,42.08031],[-83.27493,42.08032],[-83.27479,42.08012],[-83.27505,42.07958],[-83.27644,42.07899],[-83.27666,42.07876],[-83.27734,42.07732],[-83.27747,42.07657],[-83.27735,42.07633],[-83.27707,42.0761],[-83.27364,42.07494],[-83.27304,42.07495],[-83.27158,42.07603],[-83.27084,42.07621],[-83.27044,42.07613],[-83.2693,42.07537],[-83.26885,42.07474],[-83.26879,42.07369],[-83.2699,42.07206],[-83.26999,42.07139],[-83.2676,42.06908],[-83.26629,42.06866],[-83.26508,42.06875],[-83.26468,42.06895],[-83.26431,42.06928],[-83.26395,42.0705],[-83.26261,42.07274],[-83.26214,42.07305],[-83.2605,42.07296],[-83.2603,42.07315],[-83.2604,42.07385],[-83.25984,42.07425],[-83.25865,42.07418],[-83.25813,42.07397],[-83.25762,42.07368],[-83.25717,42.07286],[-83.2553,42.07078],[-83.25507,42.07027],[-83.25488,42.06866],[-83.25463,42.0682],[-83.25428,42.06803],[-83.25348,42.06803],[-83.25223,42.06838],[-83.25175,42.06824],[-83.25156,42.06796],[-83.25164,42.06743],[-83.2535,42.06538],[-83.25499,42.06439],[-83.25482,42.06398],[-83.252,42.06415],[-83.25113,42.06405],[-83.25049,42.06377],[-83.25001,42.06346],[-83.2494,42.06272],[-83.24921,42.0623],[-83.24924,42.06116],[-83.24861,42.06063],[-83.24657,42.0608],[-83.24371,42.06161],[-83.2426,42.06121],[-83.24203,42.06041],[-83.24091,42.05977],[-83.2391,42.05981],[-83.23842,42.05965],[-83.23749,42.05896],[-83.23705,42.05813],[-83.23665,42.05793],[-83.23565,42.05829],[-83.23541,42.05891],[-83.23495,42.05916],[-83.23439,42.05903],[-83.23357,42.0584],[-83.23336,42.05788],[-83.23333,42.05614],[-83.23313,42.05562],[-83.23231,42.05486],[-83.23105,42.05455],[-83.2293,42.05485],[-83.2289,42.05452],[-83.229,42.05253],[-83.2292,42.05157],[-83.22984,42.05035],[-83.23065,42.0495],[-83.23067,42.04899],[-83.23043,42.04868],[-83.22909,42.04833],[-83.22564,42.04913],[-83.22284,42.04846],[-83.22175,42.04863],[-83.22047,42.04912],[-83.21967,42.04912],[-83.21908,42.04884],[-83.21868,42.04813],[-83.21848,42.04621],[-83.2182,42.04545],[-83.21774,42.04469],[-83.21687,42.04404],[-83.21421,42.04258],[-83.21212,42.04172],[-83.21085,42.04101],[-83.21033,42.04037],[-83.20535,42.03923],[-83.20246,42.03928],[-83.20156,42.03906],[-83.20084,42.03864],[-83.20043,42.03817],[-83.20024,42.03768],[-83.20009,42.03565],[-83.1998,42.03521],[-83.19909,42.03476],[-83.19429,42.03277],[-83.19027,42.03227],[-83.18969,42.03196],[-83.18893,42.03112],[-83.1859,42.02943],[-83.18458,42.02851],[-83.14396,42.02793],[-83.14617,42.03398],[-83.14945,42.04026],[-83.14569,42.05386],[-83.13721,42.07867],[-83.1217,42.12543],[-83.12803,42.15051],[-83.13394,42.1748],[-83.13171,42.19876],[-83.13147,42.20277],[-83.128,42.23869],[-83.11163,42.26014],[-83.09869,42.28615],[-83.0977,42.28967],[-83.09073,42.29628],[-83.08002,42.30717],[-83.07821,42.30856],[-83.07343,42.31094],[-83.06364,42.31686],[-83.04981,42.32146],[-83.04058,42.32409],[-83.03915,42.32477],[-83.02623,42.32891],[-83.01902,42.33062],[-83.01408,42.33132],[-82.9892,42.33248],[-82.95975,42.34003],[-82.94548,42.3474],[-82.92629,42.35165],[-82.92301,42.35221],[-82.87491,42.36352],[-82.83025,42.37349],[-82.74991,42.45109],[-82.72317,42.47778]]]},"properties":{"GEOID":"19820","NAME":"Detroit-Warren-Dearborn, MI Metro Area"}},{"type":"Feature","geometry":{"type":"Polygon","coordinates":[[[-70.83887,43.24449],[-70.83814,43.24603],[-70.83813,43.24643],[-70.83848,43.24733],[-70.83906,43.24769],[-70.84068,43.24769],[-70.84109,43.24813],[-70.84081,43.24946],[-70.83959,43.2507],[-70.83947,43.25108],[-70.83977,43.25166],[-70.84032,43.2522],[-70.84283,43.25422],[-70.84889,43.25553],[-70.85209,43.25673],[-70.85307,43.2565],[-70.85447,43.25537],[-70.85511,43.25506],[-70.85746,43.25581],[-70.85914,43.25699],[-70.85972,43.25769],[-70.85989,43.25993],[-70.86066,43.26148],[-70.86085,43.26265],[-70.86146,43.26333],[-70.86224,43.26383],[-70.86264,43.2646],[-70.86289,43.2648],[-70.86404,43.26542],[-70.86495,43.26572],[-70.86588,43.26584],[-70.86839,43.26573],[-70.87007,43.26613],[-70.87051,43.26647],[-70.87125,43.2676],[-70.87273,43.26862],[-70.87284,43.26893],[-70.87272,43.27003],[-70.87338,43.27106],[-70.87429,43.27186],[-70.87684,43.27244],[-70.87827,43.27254],[-70.88062,43.27232],[-70.88218,43.27254],[-70.88334,43.27323],[-70.88362,43.27404],[-70.88381,43.27716],[-70.88354,43.2779],[-70.88277,43.27844],[-70.88265,43.27891],[-70.88508,43.27978],[-70.88557,43.28009],[-70.88584,43.28081],[-70.88561,43.28145],[-70.88381,43.28281],[-70.88354,43.28325],[-70.88362,43.28344],[-70.88424,43.28354],[-70.88563,43.28285],[-70.8872,43.28272],[-70.88851,43.28308],[-70.89073,43.28414],[-70.89224,43.28449],[-70.89329,43.28447],[-70.89489,43.28513],[-70.89674,43.28535],[-70.89803,43.28716],[-70.89849,43.28737],[-70.89898,43.28736],[-70.89921,43.28753],[-70.89932,43.28789],[-70.89845,43.28965],[-70.89811,43.29126],[-70.8965,43.29189],[-70.89633,43.2921],[-70.89637,43.29232],[-70.89732,43.29272],[-70.89822,43.29252],[-70.89965,43.29168],[-70.90099,43.29138],[-70.90226,43.29142],[-70.9035,43.29237],[-70.9038,43.29233],[-70.90405,43.29131],[-70.90435,43.29121],[-70.90591,43.29154],[-70.90656,43.29204],[-70.90748,43.29333],[-70.90744,43.29365],[-70.90617,43.29397],[-70.90548,43.29553],[-70.90394,43.29678],[-70.90289,43.29714],[-70.90055,43.29744],[-70.89776,43.29672],[-70.89747,43.29727],[-70.89654,43.29791],[-70.89634,43.29855],[-70.89709,43.29902],[-70.89886,43.29924],[-70.8992,43.29954],[-70.89912,43.30025],[-70.89924,43.30076],[-70.89953,43.30108],[-70.90095,43.30112],[-70.90205,43.30136],[-70.90144,43.30285],[-70.902,43.30336],[-70.90255,43.30421],[-70.90258,43.30559],[-70.90354,43.30602],[-70.90373,43.30629],[-70.90418,43.30652],[-70.90483,43.30642],[-70.90565,43.30578],[-70.90654,43.30468],[-70.90704,43.30466],[-70.90855,43.30548],[-70.9087,43.30589],[-70.90991,43.3067],[-70.91261,43.30758],[-70.91279,43.30808],[-70.91375,43.3089],[-70.91381,43.30941],[-70.91345,43.30955],[-70.91207,43.30935],[-70.91171,43.30943],[-70.9114,43.3099],[-70.9113,43.31044],[-70.91438,43.31425],[-70.91529,43.3151],[-70.9154,43.31541],[-70.91268,43.31594],[-70.9118,43.31573],[-70.91168,43.31629],[-70.91284,43.31668],[-70.91337,43.31711],[-70.91355,43.31819],[-70.91337,43.31834],[-70.91252,43.31834],[-70.91203,43.31858],[-70.91139,43.31931],[-70.91142,43.31972],[-70.91636,43.31969],[-70.9168,43.31997],[-70.91699,43.32034],[-70.91709,43.32095],[-70.91661,43.3219],[-70.9168,43.32207],[-70.9188,43.32178],[-70.9201,43.32116],[-70.92036,43.32121],[-70.92021,43.32184],[-70.91841,43.32271],[-70.91825,43.32306],[-70.91915,43.32445],[-70.91987,43.32441],[-70.92184,43.32381],[-70.92286,43.32327],[-70.92353,43.32332],[-70.92439,43.32385],[-70.92504,43.32459],[-70.92483,43.32502],[-70.92334,43.3254],[-70.92283,43.32583],[-70.92288,43.32611],[-70.92311,43.32621],[-70.92407,43.32566],[-70.92547,43.32575],[-70.92622,43.32597],[-70.92634,43.32605],[-70.92631,43.32645],[-70.92442,43.32678],[-70.92419,43.32698],[-70.9242,43.3273],[-70.93067,43.32931],[-70.93107,43.32979],[-70.9313,43.33063],[-70.93171,43.33098],[-70.93119,43.33158],[-70.93179,43.33248],[-70.9318,43.33291],[-70.93124,43.33333],[-70.93203,43.33351],[-70.93211,43.33429],[-70.93327,43.33465],[-70.93382,43.33503],[-70.93396,43.33536],[-70.93325,43.33577],[-70.93167,43.3354],[-70.93095,43.33573],[-70.93077,43.33603],[-70.93084,43.33628],[-70.93283,43.33722],[-70.93504,43.33724],[-70.9375,43.33754],[-70.93809,43.33715],[-70.93859,43.33703],[-70.94018,43.33542],[-70.94137,43.33551],[-70.94227,43.3352],[-70.9432,43.3354],[-70.94468,43.33512],[-70.94543,43.33584],[-70.94619,43.33603],[-70.94656,43.33549],[-70.94648,43.33485],[-70.94676,43.33471],[-70.94859,43.33544],[-70.95014,43.33571],[-70.9505,43.3356],[-70.95094,43.33497],[-70.95199,43.33493],[-70.95248,43.33462],[-70.9526,43.33442],[-70.9523,43.33352],[-70.95251,43.33336],[-70.95472,43.33418],[-70.95585,43.334],[-70.95623,43.33411],[-70.95692,43.33474],[-70.95712,43.3354],[-70.95729,43.33739],[-70.95762,43.33834],[-70.9586,43.34012],[-70.9595,43.34098],[-70.96029,43.34147],[-70.96243,43.34179],[-70.96292,43.34163],[-70.96267,43.34128],[-70.96273,43.34099],[-70.96339,43.34091],[-70.96414,43.34213],[-70.96431,43.34322],[-70.96667,43.34323],[-70.96716,43.34393],[-70.96795,43.34458],[-70.96879,43.34641],[-70.96736,43.34698],[-70.96725,43.34728],[-70.9665,43.34781],[-70.96662,43.3484],[-70.96745,43.34924],[-70.96968,43.34991],[-70.97094,43.3505],[-70.97116,43.35015],[-70.97104,43.34913],[-70.97141,43.34877],[-70.97195,43.34842],[-70.97245,43.34833],[-70.97305,43.34881],[-70.97346,43.34989],[-70.97273,43.35035],[-70.97293,43.35142],[-70.97276,43.3528],[-70.97203,43.35463],[-70.97403,43.3558],[-70.97493,43.35669],[-70.97567,43.35806],[-70.97602,43.35836],[-70.97665,43.35861],[-70.97773,43.35818],[-70.9781,43.35838],[-70.97812,43.35891],[-70.97751,43.35961],[-70.97663,43.36106],[-70.97486,43.3623],[-70.97451,43.363],[-70.97459,43.36358],[-70.9752,43.36495],[-70.97609,43.36593],[-70.97601,43.36661],[-70.97648,43.36721],[-70.97903,43.36874],[-70.98024,43.36978],[-70.98105,43.37073],[-70.98111,43.37157],[-70.98083,43.37172],[-70.98075,43.37221],[-70.98101,43.37336],[-70.98206,43.37507],[-70.98355,43.37633],[-70.98348,43.37674],[-70.98266,43.37751],[-70.98271,43.37781],[-70.98292,43.3781],[-70.9839,43.37836],[-70.98415,43.37862],[-70.98535,43.37887],[-70.98567,43.37918],[-70.98594,43.38006],[-70.98626,43.38223],[-70.98608,43.38324],[-70.98558,43.38441],[-70.98539,43.38553],[-70.98547,43.38635],[-70.98586,43.38733],[-70.98716,43.38871],[-70.98788,43.38993],[-70.98782,43.39071],[-70.98738,43.39209],[-70.98736,43.39326],[-70.98718,43.39354],[-70.98503,43.3944],[-70.98285,43.39444],[-70.98266,43.39457],[-70.98274,43.39554],[-70.9823,43.39828],[-70.98237,43.39872],[-70.98277,43.39937],[-70.98378,43.40011],[-70.98434,43.40088],[-70.98469,43.40094],[-70.98556,43.40159],[-70.9857,43.40266],[-70.9862,43.40319],[-70.98651,43.40398],[-70.98668,43.40649],[-70.98625,43.40936],[-70.98591,43.41048],[-70.98671,43.41106],[-70.98709,43.41195],[-70.98709,43.41308],[-70.98684,43.41378],[-70.98614,43.41489],[-70.98545,43.41536],[-70.98481,43.41655],[-70.98127,43.42087],[-70.97984,43.42132],[-70.97775,43.42137],[-70.97561,43.42189],[-70.97265,43.42403],[-70.96971,43.42691],[-70.9692,43.42762],[-70.96891,43.42874],[-70.96852,43.42928],[-70.96855,43.43002],[-70.9693,43.4322],[-70.96939,43.43317],[-70.9692,43.434],[-70.96879,43.4346],[-70.9682,43.435],[-70.96528,43.4357],[-70.96302,43.43649],[-70.96202,43.43708],[-70.96133,43.4377],[-70.96087,43.43889],[-70.96095,43.44125],[-70.96112,43.44216],[-70.96154,43.44318],[-70.9659,43.44779],[-70.96635,43.44899],[-70.96663,43.45127],[-70.96629,43.4533],[-70.96533,43.45482],[-70.9642,43.45606],[-70.96324,43.45806],[-70.96287,43.45922],[-70.96264,43.46091],[-70.96183,43.46346],[-70.96034,43.46618],[-70.96037,43.46679],[-70.96093,43.46762],[-70.96112,43.4682],[-70.96112,43.46919],[-70.96132,43.46957],[-70.96257,43.47052],[-70.96324,43.47146],[-70.96388,43.47174],[-70.96405,43.47239],[-70.96458,43.47332],[-70.96481,43.4733],[-70.96531,43.47279],[-70.96568,43.47277],[-70.9672,43.47384],[-70.96734,43.47384],[-70.9674,43.47333],[-70.96755,43.47322],[-70.96876,43.47381],[-70.9696,43.4737],[-70.9698,43.47319],[-70.97033,43.47313],[-70.97058,43.47335],[-70.97067,43.47391],[-70.97091,43.47418],[-70.97162,43.47467],[-70.97204,43.4747],[-70.97233,43.47497],[-70.97302,43.47517],[-70.97248,43.47535],[-70.97239,43.47554],[-70.97294,43.47597],[-70.97329,43.47594],[-70.97372,43.4764],[-70.97354,43.4769],[-70.97369,43.47718],[-70.97416,43.47743],[-70.97491,43.47695],[-70.97544,43.47698],[-70.97557,43.47714],[-70.97531,43.47784],[-70.97589,43.47812],[-70.97604,43.47843],[-70.97517,43.47866],[-70.97459,43.47835],[-70.9741,43.47844],[-70.97349,43.47814],[-70.97338,43.47871],[-70.97322,43.47879],[-70.97293,43.47872],[-70.97279,43.47833],[-70.97215,43.47833],[-70.97189,43.47861],[-70.97195,43.47898],[-70.97146,43.47889],[-70.97061,43.47933],[-70.9705,43.4796],[-70.96983,43.47967],[-70.96975,43.47985],[-70.97027,43.48017],[-70.96957,43.48068],[-70.96872,43.48068],[-70.96862,43.48024],[-70.96839,43.4802],[-70.96753,43.48094],[-70.96804,43.4811],[-70.96786,43.48137],[-70.96794,43.48166],[-70.96853,43.482],[-70.96858,43.48225],[-70.96824,43.48233],[-70.96754,43.48191],[-70.9672,43.48246],[-70.9674,43.4826],[-70.96792,43.48251],[-70.96783,43.48324],[-70.96842,43.48357],[-70.96885,43.48404],[-70.96824,43.48432],[-70.96885,43.48478],[-70.96858,43.48512],[-70.96859,43.48539],[-70.96875,43.48557],[-70.96942,43.48563],[-70.9693,43.48622],[-70.96795,43.48848],[-70.96841,43.48897],[-70.96829,43.48945],[-70.9676,43.48983],[-70.96742,43.49018],[-70.96669,43.49086],[-70.96589,43.49225],[-70.96443,43.49348],[-70.96446,43.49389],[-70.96484,43.49473],[-70.96438,43.49574],[-70.96434,43.49714],[-70.96173,43.49771],[-70.95884,43.49937],[-70.95974,43.50026],[-70.95936,43.50101],[-70.9586,43.5013],[-70.95851,43.50167],[-70.9584,43.50233],[-70.95855,43.50317],[-70.95785,43.50463],[-70.9578,43.50502],[-70.9579,43.50555],[-70.95773,43.50612],[-70.95793,43.50662],[-70.95782,43.50775],[-70.95797,43.50804],[-70.95709,43.50845],[-70.9568,43.5089],[-70.95522,43.50897],[-70.95466,43.5093],[-70.95454,43.50971],[-70.95495,43.51064],[-70.95495,43.51132],[-70.9564,43.51228],[-70.9568,43.51278],[-70.95663,43.51348],[-70.9561,43.51455],[-70.95538,43.51532],[-70.95483,43.51623],[-70.95456,43.51779],[-70.95387,43.51914],[-70.95373,43.52063],[-70.95394,43.52227],[-70.95419,43.5228],[-70.95452,43.52305],[-70.95652,43.52381],[-70.95707,43.52459],[-70.95716,43.52513],[-70.95677,43.52795],[-70.957,43.52878],[-70.95726,43.52915],[-70.9581,43.52969],[-70.95829,43.53006],[-70.95819,43.5306],[-70.95774,43.53125],[-70.9578,43.5316],[-70.95982,43.53248],[-70.96139,43.53372],[-70.96247,43.5342],[-70.96252,43.53458],[-70.96296,43.53527],[-70.96295,43.5363],[-70.96312,43.53675],[-70.96293,43.53739],[-70.96298,43.53834],[-70.96316,43.53892],[-70.9638,43.53937],[-70.96304,43.53984],[-70.96142,43.54019],[-70.96194,43.54093],[-70.96254,43.5413],[-70.96673,43.53771],[-70.98208,43.52361],[-70.99951,43.50708],[-71.02424,43.48291],[-71.03793,43.52983],[-71.04452,43.5248],[-71.04643,43.52969],[-71.05252,43.52469],[-71.05643,43.52811],[-71.06309,43.52418],[-71.06756,43.52724],[-71.08484,43.50669],[-71.08948,43.51269],[-71.09322,43.50724],[-71.09694,43.51168],[-71.10208,43.50688],[-71.10654,43.51225],[-71.1115,43.50671],[-71.12781,43.57279],[-71.15327,43.54706],[-71.16925,43.53325],[-71.1908,43.51503],[-71.18842,43.50079],[-71.17967,43.45218],[-71.17186,43.41147],[-71.16457,43.37559],[-71.16241,43.36644],[-71.15936,43.35512],[-71.17591,43.33986],[-71.19322,43.32416],[-71.2005,43.31561],[-71.20757,43.308],[-71.24697,43.27619],[-71.25011,43.26781],[-71.25208,43.26397],[-71.25711,43.25659],[-71.2628,43.25006],[-71.27571,43.22681],[-71.29331,43.19838],[-71.31524,43.16247],[-71.31557,43.16205],[-71.31771,43.1624],[-71.3221,43.15389],[-71.32944,43.14064],[-71.34069,43.12508],[-71.34791,43.1146],[-71.35612,43.10204],[-71.37333,43.07176],[-71.39224,43.03928],[-71.40296,43.04105],[-71.40003,43.03309],[-71.39759,43.02528],[-71.39631,43.01689],[-71.39189,43.00818],[-71.39206,43.00802],[-71.39137,43.00508],[-71.38951,42.99828],[-71.38074,42.963],[-71.37543,42.93932],[-71.45044,42.93102],[-71.45115,42.9309],[-71.45101,42.93036],[-71.45123,42.93044],[-71.44365,42.89617],[-71.42707,42.82484],[-71.3872,42.82356],[-71.36068,42.79896],[-71.36115,42.79882],[-71.36292,42.79739],[-71.36294,42.79684],[-71.36187,42.79657],[-71.36201,42.79577],[-71.36227,42.79564],[-71.36303,42.79618],[-71.36327,42.79588],[-71.36297,42.79545],[-71.36364,42.79543],[-71.36404,42.79561],[-71.36413,42.79551],[-71.36387,42.79508],[-71.3641,42.79444],[-71.36402,42.79371],[-71.36535,42.79277],[-71.36617,42.79197],[-71.3662,42.79169],[-71.36591,42.79141],[-71.36504,42.79179],[-71.36459,42.79158],[-71.36437,42.79071],[-71.36478,42.78951],[-71.36424,42.78912],[-71.3642,42.78893],[-71.3648,42.78677],[-71.36416,42.78616],[-71.36452,42.78535],[-71.3642,42.78509],[-71.36413,42.78479],[-71.36312,42.78409],[-71.36243,42.78296],[-71.36222,42.78293],[-71.3619,42.78317],[-71.36169,42.78361],[-71.36138,42.78383],[-71.361,42.78388],[-71.36037,42.7835],[-71.36001,42.78354],[-71.35956,42.78414],[-71.35903,42.78423],[-71.35969,42.78463],[-71.35892,42.78476],[-71.35827,42.78517],[-71.35686,42.78476],[-71.35606,42.78423],[-71.35528,42.78402],[-71.35429,42.78321],[-71.35387,42.78312],[-71.35328,42.7833],[-71.35296,42.78316],[-71.35287,42.7827],[-71.35309,42.78171],[-71.35187,42.78092],[-71.35152,42.78051],[-71.35195,42.77904],[-71.35293,42.77803],[-71.35287,42.77787],[-71.35133,42.77713],[-71.35088,42.77675],[-71.35061,42.77584],[-71.35067,42.77528],[-71.34978,42.77382],[-71.35009,42.77282],[-71.35104,42.77218],[-71.27168,42.75782],[-71.26735,42.75716],[-71.26009,42.75573],[-71.24548,42.74251],[-71.2551,42.73659],[-71.26787,42.72603],[-71.27544,42.71579],[-71.27895,42.71135],[-71.28932,42.70217],[-71.29464,42.69704],[-71.31707,42.69739],[-71.32181,42.69731],[-71.35164,42.6979],[-71.38818,42.69898],[-71.43324,42.70008],[-71.45779,42.70053],[-71.51895,42.7022],[-71.6016,42.70395],[-71.65158,42.70476],[-71.69651,42.70572],[-71.74922,42.70747],[-71.89877,42.71131],[-71.8971,42.70373],[-71.86978,42.68365],[-71.86575,42.68411],[-71.86375,42.67955],[-71.86408,42.67956],[-71.85776,42.67498],[-71.85639,42.66764],[-71.85848,42.63382],[-71.84484,42.63798],[-71.77532,42.63666],[-71.77575,42.64423],[-71.6646,42.6116],[-71.67762,42.53988],[-71.67897,42.53043],[-71.63587,42.52402],[-71.63607,42.52481],[-71.63674,42.52583],[-71.63876,42.52834],[-71.63905,42.52921],[-71.63921,42.53096],[-71.63889,42.5314],[-71.63665,42.53313],[-71.63637,42.5335],[-71.63647,42.5363],[-71.63618,42.53934],[-71.63588,42.54],[-71.63544,42.54041],[-71.63433,42.54073],[-71.63371,42.54108],[-71.63202,42.54452],[-71.63155,42.54503],[-71.62991,42.54613],[-71.62843,42.54806],[-71.62513,42.5501],[-71.61993,42.5525],[-71.60785,42.54538],[-71.60229,42.5452],[-71.59465,42.54338],[-71.59112,42.5445],[-71.58856,42.5463],[-71.58029,42.55047],[-71.53878,42.54303],[-71.53138,42.52035],[-71.52984,42.51984],[-71.53272,42.51465],[-71.53486,42.51333],[-71.56037,42.47435],[-71.54339,42.46645],[-71.5591,42.41194],[-71.58526,42.4071],[-71.60425,42.3977],[-71.58013,42.38695],[-71.60776,42.37002],[-71.60306,42.36727],[-71.61001,42.3574],[-71.6247,42.35046],[-71.62582,42.34972],[-71.62066,42.34525],[-71.61913,42.34335],[-71.61755,42.34197],[-71.61605,42.34146],[-71.61153,42.33899],[-71.60466,42.33675],[-71.6041,42.33677],[-71.60359,42.33168],[-71.60527,42.33016],[-71.60371,42.32855],[-71.60188,42.32697],[-71.59736,42.32102],[-71.5925,42.3179],[-71.58521,42.31095],[-71.56908,42.32037],[-71.55113,42.32639],[-71.51653,42.33034],[-71.50822,42.32793],[-71.4868,42.33019],[-71.48511,42.32316],[-71.48595,42.31123],[-71.50588,42.27294],[-71.50593,42.26658],[-71.50609,42.26439],[-71.50642,42.26426],[-71.50693,42.26433],[-71.50747,42.2641],[-71.50898,42.26449],[-71.51019,42.26539],[-71.51009,42.26604],[-71.51022,42.26616],[-71.51054,42.26623],[-71.51137,42.266],[-71.5117,42.26637],[-71.51327,42.26737],[-71.51388,42.26758],[-71.51557,42.26778],[-71.51621,42.26757],[-71.51717,42.26774],[-71.51859,42.26762],[-71.51891,42.26772],[-71.51923,42.26763],[-71.51919,42.2675],[-71.51966,42.26715],[-71.52064,42.2666],[-71.52114,42.2665],[-71.52167,42.26665],[-71.52251,42.26644],[-71.52341,42.26599],[-71.52493,42.26591],[-71.528,42.26653],[-71.53214,42.26615],[-71.53485,42.26498],[-71.53544,42.26504],[-71.53595,42.26476],[-71.53684,42.26458],[-71.53807,42.26454],[-71.53866,42.26361],[-71.53963,42.26279],[-71.54097,42.2632],[-71.54175,42.26399],[-71.54198,42.2639],[-71.54275,42.26405],[-71.54296,42.26381],[-71.54329,42.26402],[-71.54367,42.26393],[-71.54431,42.26444],[-71.54398,42.26456],[-71.5442,42.26482],[-71.54477,42.26475],[-71.54469,42.26444],[-71.54583,42.2647],[-71.54602,42.2649],[-71.54586,42.26523],[-71.54664,42.26543],[-71.54691,42.26526],[-71.54717,42.26537],[-71.54729,42.26564],[-71.54759,42.26545],[-71.54796,42.26554],[-71.54795,42.26577],[-71.54818,42.26577],[-71.54795,42.26594],[-71.54805,42.26601],[-71.54876,42.26593],[-71.54945,42.26609],[-71.54995,42.26589],[-71.55076,42.26625],[-71.55149,42.26623],[-71.55176,42.26636],[-71.55192,42.26682],[-71.55241,42.26743],[-71.55277,42.26758],[-71.5535,42.2676],[-71.5545,42.26788],[-71.55486,42.26755],[-71.55528,42.26746],[-71.55546,42.26783],[-71.55581,42.26777],[-71.55666,42.26813],[-71.55729,42.26779],[-71.55728,42.26759],[-71.55773,42.26767],[-71.55788,42.2674],[-71.55833,42.26739],[-71.55858,42.26787],[-71.55978,42.26758],[-71.56058,42.26786],[-71.56219,42.26765],[-71.58676,42.25954],[-71.60222,42.2181],[-71.58291,42.19556],[-71.57154,42.19467],[-71.57208,42.19362],[-71.57227,42.19273],[-71.55678,42.19245],[-71.55624,42.19182],[-71.55613,42.19061],[-71.55582,42.18984],[-71.55595,42.18909],[-71.55585,42.18885],[-71.55623,42.18866],[-71.55609,42.18832],[-71.55667,42.1881],[-71.55661,42.18792],[-71.55634,42.18809],[-71.5562,42.18787],[-71.55643,42.1873],[-71.55645,42.18661],[-71.55669,42.1865],[-71.55706,42.18577],[-71.55693,42.18569],[-71.55689,42.18584],[-71.55626,42.18595],[-71.55549,42.18541],[-71.55542,42.18524],[-71.5556,42.18499],[-71.55551,42.18478],[-71.55518,42.18493],[-71.55513,42.18423],[-71.55547,42.18395],[-71.55544,42.18353],[-71.55572,42.18282],[-71.55599,42.18268],[-71.55574,42.1825],[-71.5395,42.18973],[-71.50689,42.18893],[-71.50263,42.19142],[-71.49738,42.16664],[-71.49314,42.16621],[-71.47803,42.16587],[-71.47852,42.13138],[-71.49013,42.12459],[-71.50143,42.11665],[-71.50132,42.11635],[-71.50163,42.1161],[-71.50103,42.11523],[-71.50155,42.11458],[-71.5011,42.11364],[-71.50124,42.11333],[-71.50035,42.11285],[-71.50038,42.1127],[-71.50099,42.11229],[-71.50138,42.11157],[-71.50196,42.11166],[-71.50222,42.11103],[-71.5028,42.11077],[-71.50308,42.11046],[-71.50281,42.10978],[-71.50291,42.10943],[-71.50229,42.10934],[-71.50242,42.10886],[-71.5016,42.10841],[-71.50147,42.10808],[-71.50072,42.10774],[-71.50084,42.10762],[-71.5006,42.10746],[-71.50062,42.1073],[-71.501,42.10689],[-71.50138,42.10677],[-71.50136,42.10629],[-71.50093,42.10572],[-71.50068,42.10506],[-71.50031,42.10473],[-71.50028,42.1042],[-71.49988,42.10386],[-71.49951,42.10305],[-71.49787,42.10245],[-71.4967,42.10225],[-71.4967,42.10208],[-71.49722,42.10198],[-71.49729,42.10179],[-71.49663,42.10155],[-71.49634,42.10162],[-71.49662,42.1012],[-71.49628,42.10085],[-71.49584,42.10072],[-71.49609,42.10036],[-71.49572,42.10024],[-71.49565,42.10002],[-71.49528,42.09996],[-71.49611,42.09818],[-71.49651,42.09799],[-71.49649,42.09719],[-71.4971,42.09692],[-71.49706,42.09673],[-71.49746,42.09644],[-71.49749,42.09584],[-71.49703,42.0957],[-71.49774,42.09483],[-71.49779,42.0942],[-71.49813,42.09342],[-71.49802,42.09257],[-71.49824,42.09141],[-71.49826,42.03133],[-71.4979,42.03151],[-71.49794,42.02995],[-71.49818,42.03],[-71.49818,42.02929],[-71.49796,42.02924],[-71.49797,42.02879],[-71.49819,42.02876],[-71.49799,42.02774],[-71.49826,42.02781],[-71.49826,42.0253],[-71.49803,42.02527],[-71.49826,42.02428],[-71.49826,42.02243],[-71.49807,42.02241],[-71.49808,42.02227],[-71.49826,42.02229],[-71.49837,42.02104],[-71.49826,42.02101],[-71.49826,42.01727],[-71.4468,42.0179],[-71.4413,42.0181],[-71.39658,42.01875],[-71.3814,42.0188],[-71.38151,42.00002],[-71.3813,41.98508],[-71.36434,41.98529],[-71.28826,42.01446],[-71.08048,42.09554],[-71.06959,42.04968],[-71.05418,41.98272],[-71.04948,41.96309],[-71.04391,41.96029],[-71.02606,41.94957],[-71.02227,41.9471],[-71.01659,41.94386],[-71.01057,41.94008],[-70.99977,41.92967],[-70.99997,41.92905],[-70.99986,41.92862],[-70.99733,41.92774],[-70.99675,41.92737],[-70.99604,41.92657],[-70.99567,41.92588],[-70.99554,41.92492],[-70.99591,41.9242],[-70.9972,41.9232],[-70.99721,41.92247],[-70.99681,41.92117],[-70.99733,41.91919],[-70.99733,41.91714],[-70.99691,41.91631],[-70.99635,41.91563],[-70.99582,41.91524],[-70.99508,41.91497],[-70.99442,41.91499],[-70.99431,41.916],[-70.99367,41.91646],[-70.99285,41.91633],[-70.99203,41.91575],[-70.99103,41.91053],[-70.99103,41.90967],[-70.99146,41.90834],[-70.99193,41.90751],[-70.99315,41.90644],[-70.99289,41.9062],[-70.99274,41.9064],[-70.99241,41.90625],[-70.99229,41.90636],[-70.99185,41.90608],[-70.99134,41.90655],[-70.99059,41.90669],[-70.98968,41.90649],[-70.98942,41.90606],[-70.9889,41.9058],[-70.98813,41.90568],[-70.98726,41.90581],[-70.97716,41.87515],[-70.97717,41.8747],[-70.97372,41.86088],[-70.97831,41.85725],[-70.97981,41.85647],[-70.98241,41.85559],[-70.98578,41.85406],[-70.98885,41.85114],[-70.9909,41.8498],[-70.9956,41.84722],[-71.00096,41.84346],[-71.03657,41.81653],[-71.01459,41.79957],[-71.02629,41.77889],[-70.92178,41.79124],[-70.90521,41.75982],[-70.90444,41.758],[-70.88644,41.76023],[-70.84524,41.64466],[-70.84317,41.62846],[-70.84353,41.62866],[-70.83917,41.61476],[-70.81337,41.60803],[-70.75242,41.56585],[-70.74948,41.56841],[-70.72983,41.59157],[-70.70913,41.62511],[-70.6862,41.6698],[-70.67663,41.69113],[-70.6744,41.68961],[-70.6437,41.71747],[-70.64224,41.71922],[-70.64028,41.72361],[-70.64076,41.72486],[-70.63948,41.72647],[-70.63933,41.72905],[-70.63258,41.73366],[-70.63327,41.73546],[-70.63268,41.73788],[-70.62599,41.74497],[-70.62319,41.74562],[-70.62195,41.74606],[-70.62078,41.74753],[-70.62101,41.7483],[-70.62162,41.74897],[-70.62516,41.75114],[-70.62501,41.75404],[-70.62967,41.76022],[-70.63008,41.7609],[-70.63,41.76126],[-70.63116,41.76186],[-70.63113,41.76216],[-70.63155,41.76242],[-70.63147,41.76271],[-70.63213,41.76253],[-70.63255,41.7629],[-70.60294,41.7747],[-70.56528,41.7867],[-70.5374,41.81076],[-70.49947,41.84412],[-70.355,42.0001],[-70.34638,42.01945],[-70.33781,42.04448],[-70.32252,42.11791],[-70.37447,42.12155],[-70.41145,42.1251],[-70.4148,42.1251],[-70.49948,42.13074],[-70.60838,42.13848],[-70.62258,42.15442],[-70.62448,42.15722],[-70.64295,42.17818],[-70.63917,42.19092],[-70.63633,42.2029],[-70.63633,42.21639],[-70.64011,42.22837],[-70.64862,42.23736],[-70.66281,42.24485],[-70.67603,42.2501],[-70.68406,42.25384],[-70.6887,42.26347],[-70.68877,42.26833],[-70.68903,42.27239],[-70.69039,42.279],[-70.65872,42.3751],[-70.652,42.39294],[-70.64001,42.43166],[-70.61734,42.5001],[-70.60629,42.53122],[-70.59646,42.54056],[-70.58271,42.553],[-70.56699,42.56078],[-70.54537,42.57012],[-70.53162,42.58412],[-70.52179,42.59346],[-70.51197,42.60591],[-70.50214,42.62458],[-70.50214,42.63547],[-70.50607,42.65103],[-70.51393,42.68059],[-70.52965,42.70705],[-70.54931,42.72416],[-70.59057,42.7335],[-70.62594,42.73972],[-70.64166,42.73972],[-70.66131,42.73661],[-70.68293,42.72883],[-70.70258,42.72416],[-70.71432,42.73191],[-70.71696,42.74352],[-70.71927,42.75009],[-70.72029,42.75186],[-70.72197,42.75427],[-70.72585,42.75902],[-70.72686,42.76404],[-70.72804,42.76789],[-70.73065,42.77334],[-70.73097,42.77521],[-70.73184,42.77836],[-70.73722,42.78796],[-70.73478,42.79559],[-70.73415,42.79861],[-70.73365,42.80366],[-70.73389,42.80624],[-70.73389,42.80881],[-70.73449,42.81176],[-70.73431,42.81517],[-70.73441,42.81855],[-70.73487,42.82448],[-70.73579,42.82702],[-70.73625,42.82919],[-70.73739,42.83261],[-70.73904,42.83582],[-70.74146,42.83966],[-70.74397,42.84317],[-70.74552,42.84444],[-70.74617,42.84756],[-70.74626,42.85017],[-70.74713,42.85371],[-70.74883,42.85883],[-70.74628,42.86084],[-70.73864,42.86926],[-70.73501,42.87469],[-70.73513,42.87509],[-70.73433,42.87702],[-70.73334,42.87926],[-70.73119,42.88322],[-70.7298,42.88618],[-70.72797,42.89094],[-70.7273,42.89362],[-70.72665,42.89817],[-70.72659,42.90101],[-70.72637,42.90215],[-70.72694,42.9057],[-70.72565,42.90969],[-70.72509,42.9134],[-70.72475,42.91769],[-70.72507,42.92364],[-70.72602,42.92852],[-70.72439,42.92907],[-70.72216,42.93008],[-70.71943,42.93154],[-70.70899,42.93815],[-70.70405,42.94262],[-70.7003,42.94709],[-70.69741,42.95155],[-70.69439,42.95675],[-70.6937,42.95549],[-70.69272,42.95275],[-70.69055,42.94824],[-70.68797,42.9446],[-70.68442,42.94027],[-70.68093,42.93687],[-70.67639,42.93301],[-70.67286,42.93042],[-70.66778,42.92746],[-70.66169,42.92438],[-70.65511,42.9221],[-70.6504,42.92061],[-70.64574,42.9195],[-70.63944,42.91845],[-70.63602,42.91817],[-70.63428,42.91747],[-70.62972,42.91612],[-70.62449,42.91514],[-70.62167,42.9141],[-70.61409,42.91286],[-70.61066,42.91253],[-70.60572,42.91233],[-70.6017,42.91236],[-70.59288,42.913],[-70.58634,42.91401],[-70.57738,42.91638],[-70.57509,42.91713],[-70.57931,42.93073],[-70.58185,42.93832],[-70.58408,42.94304],[-70.58627,42.94618],[-70.58759,42.94919],[-70.58955,42.9525],[-70.59183,42.95581],[-70.59598,42.96136],[-70.60872,42.97574],[-70.61115,42.97899],[-70.61227,42.97964],[-70.61334,42.97996],[-70.61907,42.98066],[-70.62403,42.98209],[-70.6269,42.98322],[-70.62941,42.98443],[-70.63071,42.98529],[-70.7012,43.04524],[-70.70631,43.07534],[-70.73797,43.07373],[-70.74079,43.07677],[-70.74193,43.07753],[-70.74303,43.07797],[-70.74654,43.07875],[-70.7557,43.07995],[-70.75641,43.08018],[-70.75705,43.08053],[-70.75795,43.08152],[-70.76356,43.09039],[-70.76455,43.09146],[-70.76589,43.0925],[-70.76874,43.094],[-70.77142,43.09465],[-70.77737,43.09544],[-70.77863,43.09576],[-70.77969,43.09625],[-70.7811,43.09741],[-70.78346,43.10066],[-70.78386,43.10096],[-70.79747,43.10887],[-70.79966,43.11042],[-70.80352,43.1138],[-70.80673,43.11592],[-70.81159,43.1185],[-70.81561,43.1202],[-70.82458,43.12507],[-70.82708,43.1274],[-70.82801,43.12888],[-70.82913,43.13149],[-70.8294,43.13282],[-70.82977,43.13768],[-70.82992,43.13813],[-70.83281,43.14337],[-70.83343,43.14511],[-70.83361,43.14611],[-70.83353,43.14781],[-70.83292,43.15007],[-70.82946,43.15724],[-70.82865,43.15983],[-70.82784,43.16504],[-70.8278,43.16712],[-70.82815,43.16855],[-70.82778,43.17043],[-70.82595,43.17225],[-70.82392,43.17337],[-70.82357,43.17424],[-70.82357,43.17508],[-70.82385,43.17657],[-70.82514,43.18103],[-70.82612,43.18313],[-70.82806,43.18653],[-70.8283,43.18734],[-70.82826,43.18779],[-70.82812,43.18823],[-70.82751,43.18903],[-70.82598,43.19015],[-70.82384,43.19094],[-70.82037,43.19175],[-70.82005,43.19192],[-70.81928,43.19299],[-70.81902,43.19412],[-70.81906,43.19512],[-70.81934,43.19601],[-70.82057,43.19841],[-70.82067,43.19949],[-70.82046,43.20096],[-70.81982,43.20344],[-70.81878,43.20669],[-70.81786,43.20919],[-70.81657,43.21132],[-70.81652,43.21213],[-70.81698,43.21402],[-70.81692,43.21453],[-70.81625,43.2155],[-70.8136,43.21678],[-70.81261,43.21772],[-70.81245,43.21821],[-70.81255,43.21868],[-70.81347,43.21967],[-70.81355,43.21997],[-70.81271,43.22091],[-70.81098,43.22233],[-70.80973,43.22416],[-70.80971,43.22485],[-70.80952,43.22488],[-70.80952,43.22517],[-70.80982,43.22588],[-70.81122,43.22672],[-70.81155,43.22797],[-70.81226,43.22867],[-70.81348,43.22908],[-70.81406,43.22912],[-70.81647,43.22878],[-70.81721,43.22935],[-70.81748,43.22999],[-70.81742,43.23031],[-70.81707,43.23103],[-70.8156,43.23284],[-70.81548,43.23352],[-70.81629,43.23514],[-70.81757,43.23688],[-70.8176,43.23767],[-70.81783,43.23816],[-70.82218,43.23947],[-70.82333,43.24002],[-70.82389,43.24055],[-70.82429,43.2418],[-70.82645,43.24262],[-70.82722,43.24333],[-70.8279,43.24345],[-70.83015,43.2432],[-70.83226,43.24335],[-70.83475,43.24319],[-70.83535,43.24312],[-70.83686,43.24242],[-70.83744,43.24231],[-70.8382,43.24261],[-70.83872,43.24312],[-70.83887,43.24449]]]},"properties":{"GEOID":"14460","NAME":"Boston-Cambridge-Newton, MA-NH Metro Area"}},{"type":"Feature","geometry":{"type":"MultiPolygon","coordinates":[[[[-122.34745,38.07326],[-122.45199,38.09852],[-122.49335,38.11055],[-122.49906,38.11135],[-122.49996,38.11154],[-122.5019,38.11242],[-122.50282,38.113],[-122.5049,38.11473],[-122.50686,38.11666],[-122.50793,38.1181],[-122.51046,38.12303],[-122.5109,38.12442],[-122.51129,38.12492],[-122.51151,38.12715],[-122.51183,38.12844],[-122.51314,38.13223],[-122.51401,38.13378],[-122.51595,38.13645],[-122.51792,38.13864],[-122.5201,38.1407],[-122.52222,38.1424],[-122.52396,38.14351],[-122.53156,38.14715],[-122.53483,38.1492],[-122.5377,38.15151],[-122.5415,38.15518],[-122.54371,38.15807],[-122.54447,38.15872],[-122.54499,38.15882],[-122.54569,38.15866],[-122.5476,38.15747],[-122.54853,38.15722],[-122.54961,38.15729],[-122.55592,38.15899],[-122.55714,38.15958],[-122.55792,38.16016],[-122.55837,38.16119],[-122.55843,38.16197],[-122.55799,38.16353],[-122.55736,38.16437],[-122.55599,38.16547],[-122.55349,38.16662],[-122.55296,38.16703],[-122.55196,38.16815],[-122.55198,38.169],[-122.55265,38.16966],[-122.55329,38.16998],[-122.55432,38.17011],[-122.55558,38.16995],[-122.55758,38.16898],[-122.55924,38.16862],[-122.56094,38.16875],[-122.56319,38.16932],[-122.56426,38.17069],[-122.56399,38.17352],[-122.56446,38.17508],[-122.56495,38.17542],[-122.56762,38.17633],[-122.56849,38.17702],[-122.56817,38.17776],[-122.56646,38.17913],[-122.56629,38.17942],[-122.5652,38.18182],[-122.56509,38.18222],[-122.56528,38.18271],[-122.56584,38.18314],[-122.56788,38.1838],[-122.56893,38.18452],[-122.56957,38.18529],[-122.56976,38.18598],[-122.57059,38.18712],[-122.5725,38.18707],[-122.57304,38.18666],[-122.57319,38.18632],[-122.57317,38.18588],[-122.57241,38.18526],[-122.57064,38.1844],[-122.57054,38.18416],[-122.57069,38.18352],[-122.57324,38.1833],[-122.57435,38.18353],[-122.5782,38.18358],[-122.57844,38.18371],[-122.5798,38.18554],[-122.58048,38.18542],[-122.58196,38.18617],[-122.5821,38.18705],[-122.58187,38.18771],[-122.58212,38.18802],[-122.58246,38.18787],[-122.5833,38.18698],[-122.58371,38.18704],[-122.58396,38.18765],[-122.58451,38.18807],[-122.58559,38.18782],[-122.58662,38.18784],[-122.58702,38.18715],[-122.5881,38.18654],[-122.58979,38.18663],[-122.58996,38.18654],[-122.59009,38.18608],[-122.59089,38.18594],[-122.59184,38.18653],[-122.59146,38.18763],[-122.5926,38.18878],[-122.59281,38.18878],[-122.59493,38.18838],[-122.59562,38.1878],[-122.59658,38.1874],[-122.59739,38.18754],[-122.5979,38.18735],[-122.60025,38.18561],[-122.6009,38.18528],[-122.60141,38.18439],[-122.60164,38.18334],[-122.60269,38.18224],[-122.60334,38.18098],[-122.60411,38.18063],[-122.60563,38.18043],[-122.60769,38.18103],[-122.6087,38.18077],[-122.60934,38.18119],[-122.61,38.1813],[-122.61131,38.18077],[-122.6125,38.18059],[-122.61335,38.18095],[-122.61411,38.18184],[-122.61511,38.18235],[-122.61675,38.18245],[-122.61883,38.18231],[-122.62018,38.18265],[-122.62095,38.18196],[-122.62146,38.18192],[-122.62197,38.18249],[-122.62265,38.18262],[-122.62396,38.18202],[-122.62464,38.18233],[-122.6257,38.18234],[-122.62598,38.18191],[-122.62601,38.18088],[-122.62712,38.18055],[-122.62701,38.17989],[-122.62804,38.17937],[-122.62818,38.17889],[-122.62939,38.17855],[-122.63011,38.17892],[-122.63172,38.179],[-122.63244,38.17888],[-122.63292,38.17903],[-122.63326,38.17896],[-122.6337,38.17846],[-122.63578,38.17865],[-122.63638,38.17884],[-122.63683,38.17962],[-122.63795,38.18025],[-122.6401,38.18034],[-122.6429,38.18104],[-122.64438,38.181],[-122.64814,38.18135],[-122.64868,38.18112],[-122.64924,38.18113],[-122.65253,38.18342],[-122.65329,38.18453],[-122.65373,38.18484],[-122.65523,38.18497],[-122.65614,38.18568],[-122.65775,38.18622],[-122.65861,38.18678],[-122.65944,38.18698],[-122.66098,38.18689],[-122.66199,38.18659],[-122.66262,38.1862],[-122.6639,38.1864],[-122.66401,38.1872],[-122.66524,38.18828],[-122.66625,38.18858],[-122.66716,38.1897],[-122.66893,38.18977],[-122.66954,38.18999],[-122.6706,38.18962],[-122.67288,38.18983],[-122.67431,38.18939],[-122.67471,38.18913],[-122.67545,38.18899],[-122.67576,38.18906],[-122.6766,38.18977],[-122.67841,38.18974],[-122.6791,38.18956],[-122.68056,38.18963],[-122.68144,38.19048],[-122.68156,38.19081],[-122.68243,38.19133],[-122.68263,38.19161],[-122.68387,38.19187],[-122.68475,38.19272],[-122.68511,38.1928],[-122.68544,38.19315],[-122.68641,38.19367],[-122.68645,38.19424],[-122.68792,38.19474],[-122.68931,38.19484],[-122.68996,38.1945],[-122.6908,38.19446],[-122.69207,38.19502],[-122.69633,38.19523],[-122.69726,38.19575],[-122.69902,38.1963],[-122.69994,38.19631],[-122.70056,38.19591],[-122.70139,38.1961],[-122.7027,38.19773],[-122.70391,38.19799],[-122.70444,38.19846],[-122.70518,38.19861],[-122.70601,38.19829],[-122.71434,38.20122],[-122.71425,38.20172],[-122.71493,38.20249],[-122.7149,38.2032],[-122.71504,38.2034],[-122.71771,38.20501],[-122.72125,38.20659],[-122.72299,38.20713],[-122.7399,38.20702],[-122.80092,38.24839],[-122.81197,38.25613],[-122.86841,38.29403],[-122.89844,38.31452],[-122.89951,38.31642],[-122.89993,38.31679],[-122.90173,38.31694],[-122.90231,38.31684],[-122.90335,38.31627],[-122.90512,38.3157],[-122.90816,38.31429],[-122.90906,38.31438],[-122.90924,38.31427],[-122.9095,38.31439],[-122.91017,38.31523],[-122.91088,38.31709],[-122.91016,38.31789],[-122.90905,38.31829],[-122.90794,38.3183],[-122.90723,38.31873],[-122.90666,38.31994],[-122.9069,38.32023],[-122.90811,38.32075],[-122.91108,38.32123],[-122.91163,38.32109],[-122.9125,38.32036],[-122.91527,38.32045],[-122.91596,38.32032],[-122.91648,38.31993],[-122.91816,38.31779],[-122.92095,38.31684],[-122.92075,38.31606],[-122.91964,38.31465],[-122.91793,38.31375],[-122.91689,38.3134],[-122.9166,38.31321],[-122.91648,38.31281],[-122.91672,38.31235],[-122.91768,38.31167],[-122.91802,38.31027],[-122.92159,38.30855],[-122.92224,38.30856],[-122.9227,38.30884],[-122.92381,38.31152],[-122.9248,38.31238],[-122.92564,38.31274],[-122.92841,38.3128],[-122.92956,38.31249],[-122.93104,38.31183],[-122.93244,38.31174],[-122.93406,38.31062],[-122.9349,38.30969],[-122.93538,38.3096],[-122.93665,38.31039],[-122.93682,38.31118],[-122.93665,38.31169],[-122.93622,38.31217],[-122.93457,38.31257],[-122.93399,38.31296],[-122.9338,38.31359],[-122.93426,38.31401],[-122.9348,38.31404],[-122.93732,38.31313],[-122.93769,38.31275],[-122.93745,38.31234],[-122.9375,38.31207],[-122.93971,38.31085],[-122.94033,38.3109],[-122.94403,38.31267],[-122.94469,38.31239],[-122.94531,38.31145],[-122.94588,38.31121],[-122.94675,38.31121],[-122.94934,38.31188],[-122.95055,38.31275],[-122.95171,38.31325],[-122.95528,38.31353],[-122.95602,38.31373],[-122.95853,38.315],[-122.95935,38.31566],[-122.96162,38.31665],[-122.96517,38.31712],[-122.96612,38.31697],[-122.96696,38.31642],[-122.96731,38.31599],[-122.96751,38.31365],[-122.96836,38.31272],[-122.96854,38.31187],[-122.96905,38.3108],[-122.97004,38.31013],[-122.97063,38.30992],[-122.97108,38.30994],[-122.97432,38.31151],[-122.97716,38.31093],[-122.98161,38.31113],[-122.98259,38.31096],[-122.98316,38.31041],[-122.98413,38.30822],[-122.98474,38.30795],[-122.98771,38.30812],[-122.99112,38.30558],[-122.99163,38.30553],[-122.99313,38.30644],[-122.994,38.30644],[-122.99475,38.30619],[-122.99513,38.30571],[-122.99491,38.30496],[-122.99414,38.30399],[-122.99403,38.30255],[-122.99358,38.30105],[-122.99358,38.30008],[-122.99411,38.29939],[-122.99484,38.29905],[-122.99773,38.29872],[-123.00111,38.29745],[-123.00159,38.29716],[-123.00177,38.29643],[-123.00206,38.29603],[-123.00273,38.29571],[-123.12612,38.29556],[-123.13452,38.29626],[-123.12612,38.28728],[-123.12377,38.28579],[-123.12347,38.28431],[-123.11959,38.2771],[-123.11097,38.26726],[-123.10344,38.26232],[-123.10096,38.26136],[-123.05196,38.21585],[-123.04962,38.21429],[-123.04892,38.21147],[-123.04582,38.20493],[-123.04039,38.19836],[-123.03894,38.19753],[-123.0379,38.19249],[-123.0348,38.18602],[-123.03292,38.18297],[-123.03134,38.18146],[-123.03153,38.1781],[-123.03048,38.17246],[-123.02721,38.16417],[-123.02306,38.15817],[-123.01973,38.15419],[-123.01482,38.14913],[-123.0237,38.12492],[-123.0638,38.03649],[-123.06725,38.03402],[-123.0747,38.0272],[-123.0812,38.01897],[-123.08295,38.01533],[-123.08513,38.00843],[-123.08566,37.99993],[-123.0851,37.99539],[-123.08461,37.98809],[-123.08388,37.98337],[-123.08188,37.97871],[-123.07939,37.97194],[-123.07419,37.96489],[-123.06797,37.95867],[-123.05903,37.95284],[-123.05008,37.94802],[-123.04112,37.94547],[-123.03042,37.94331],[-123.02251,37.94206],[-123.01023,37.94134],[-123.00111,37.94136],[-122.99313,37.94109],[-122.97643,37.94015],[-122.96807,37.94027],[-122.95959,37.94062],[-122.95322,37.94109],[-122.93797,37.94444],[-122.93193,37.94667],[-122.92621,37.95063],[-122.91917,37.95484],[-122.9134,37.95977],[-122.90924,37.96464],[-122.90549,37.97057],[-122.90228,37.97739],[-122.89742,37.97575],[-122.89276,37.97469],[-122.88929,37.97411],[-122.88256,37.96888],[-122.87906,37.96658],[-122.8761,37.96634],[-122.87519,37.96479],[-122.87272,37.96248],[-122.86866,37.95949],[-122.86396,37.95723],[-122.8625,37.95527],[-122.85958,37.95225],[-122.85708,37.94977],[-122.85457,37.94763],[-122.85046,37.94559],[-122.84945,37.9418],[-122.84786,37.93748],[-122.84608,37.9316],[-122.84428,37.92734],[-122.84213,37.92332],[-122.8389,37.91891],[-122.83323,37.91341],[-122.8298,37.91033],[-122.82537,37.90709],[-122.81879,37.90324],[-122.81413,37.90108],[-122.78903,37.89376],[-122.78822,37.89103],[-122.78704,37.88812],[-122.78547,37.88528],[-122.78229,37.88033],[-122.77914,37.87613],[-122.77371,37.87085],[-122.76677,37.8658],[-122.7579,37.86048],[-122.75247,37.8577],[-122.74026,37.85517],[-122.73067,37.85006],[-122.72431,37.84768],[-122.71585,37.84563],[-122.70468,37.8443],[-122.69199,37.84501],[-122.67802,37.84789],[-122.67565,37.84852],[-122.66742,37.84173],[-122.65561,37.83582],[-122.64316,37.83045],[-122.63247,37.82781],[-122.62958,37.82437],[-122.62611,37.8216],[-122.61229,37.81522],[-122.60024,37.80248],[-122.58817,37.78936],[-122.58473,37.77916],[-122.58128,37.7602],[-122.5675,37.63919],[-122.57956,37.61148],[-122.58645,37.59253],[-122.58818,37.57941],[-122.58645,37.56191],[-122.57956,37.54587],[-122.57496,37.49994],[-122.57406,37.49851],[-122.57278,37.48918],[-122.57096,37.48447],[-122.56809,37.47921],[-122.56388,37.47427],[-122.55952,37.46987],[-122.55296,37.46403],[-122.547,37.45786],[-122.53734,37.45074],[-122.5276,37.4461],[-122.51459,37.44252],[-122.50989,37.44155],[-122.50997,37.4368],[-122.50935,37.4314],[-122.50842,37.4271],[-122.50773,37.42271],[-122.5059,37.41709],[-122.50354,37.4119],[-122.48745,37.38833],[-122.46701,37.34989],[-122.46587,37.34124],[-122.47609,37.29415],[-122.48177,37.27109],[-122.48405,37.24994],[-122.48368,37.24208],[-122.48314,37.23474],[-122.4817,37.22915],[-122.47907,37.22168],[-122.47554,37.2161],[-122.47223,37.21221],[-122.47158,37.20731],[-122.47052,37.20216],[-122.46946,37.19944],[-122.4685,37.19581],[-122.46857,37.19348],[-122.46805,37.18796],[-122.46591,37.18186],[-122.46412,37.17785],[-122.45865,37.16978],[-122.45543,37.1666],[-122.45335,37.16168],[-122.45151,37.15825],[-122.44563,37.15004],[-122.43934,37.14466],[-122.42847,37.13775],[-122.42135,37.13508],[-122.41976,37.13188],[-122.41774,37.12916],[-122.41575,37.12495],[-122.41336,37.12179],[-122.40928,37.11775],[-122.4044,37.11393],[-122.39692,37.10989],[-122.39739,37.10704],[-122.39688,37.10276],[-122.39536,37.09374],[-122.39313,37.08716],[-122.38942,37.08097],[-122.38574,37.07589],[-122.37609,37.06565],[-122.36965,37.06202],[-122.36,37.05839],[-122.34821,37.05567],[-122.33641,37.05386],[-122.32355,37.05386],[-122.3139,37.05476],[-122.29941,37.09636],[-122.29376,37.10609],[-122.29174,37.10909],[-122.28938,37.11347],[-122.31178,37.14755],[-122.31538,37.17055],[-122.31768,37.18694],[-122.28858,37.18675],[-122.26888,37.18984],[-122.24778,37.18985],[-122.24266,37.19003],[-122.24275,37.20484],[-122.24258,37.2077],[-122.24257,37.21513],[-122.23476,37.21512],[-122.22587,37.21533],[-122.2241,37.21512],[-122.22327,37.21523],[-122.22032,37.21507],[-122.21878,37.21524],[-122.21788,37.21514],[-122.17545,37.21528],[-122.17346,37.21517],[-122.15277,37.21544],[-122.15297,37.22244],[-122.15167,37.22784],[-122.15145,37.22995],[-122.15216,37.23977],[-122.15263,37.24403],[-122.15247,37.28196],[-122.15228,37.28606],[-122.1527,37.28864],[-122.15339,37.28971],[-122.15589,37.29141],[-122.15623,37.29181],[-122.16027,37.29339],[-122.16061,37.29312],[-122.16119,37.293],[-122.16204,37.29386],[-122.16303,37.29392],[-122.16301,37.29373],[-122.16404,37.29408],[-122.16436,37.29439],[-122.16684,37.29524],[-122.16582,37.29578],[-122.16543,37.29616],[-122.16526,37.29649],[-122.16527,37.29764],[-122.16514,37.29799],[-122.16404,37.29884],[-122.16335,37.30013],[-122.16273,37.30073],[-122.16267,37.3009],[-122.16363,37.30126],[-122.16363,37.30148],[-122.1628,37.30236],[-122.16261,37.30329],[-122.16207,37.30423],[-122.16227,37.30441],[-122.16388,37.30485],[-122.16469,37.30548],[-122.16617,37.30543],[-122.16658,37.30562],[-122.16861,37.30852],[-122.16882,37.30905],[-122.16889,37.30999],[-122.17048,37.31123],[-122.17081,37.31198],[-122.17447,37.31277],[-122.17541,37.3128],[-122.17762,37.31238],[-122.17971,37.31131],[-122.18116,37.3098],[-122.18232,37.30953],[-122.18385,37.31004],[-122.18456,37.31053],[-122.18557,37.31167],[-122.18589,37.313],[-122.18639,37.31368],[-122.18606,37.31434],[-122.1866,37.31555],[-122.18764,37.31592],[-122.19013,37.31776],[-122.19267,37.31801],[-122.19306,37.31828],[-122.19216,37.31909],[-122.18652,37.32203],[-122.18304,37.32731],[-122.18161,37.32645],[-122.18247,37.32648],[-122.18187,37.32635],[-122.18124,37.32597],[-122.17963,37.32653],[-122.17855,37.32516],[-122.17507,37.32574],[-122.1792,37.32978],[-122.18064,37.33083],[-122.18161,37.33212],[-122.18284,37.33297],[-122.18363,37.33433],[-122.18523,37.33646],[-122.18578,37.33762],[-122.18595,37.3387],[-122.18977,37.3415],[-122.19029,37.34197],[-122.1914,37.34348],[-122.19363,37.34511],[-122.19521,37.34703],[-122.1959,37.3483],[-122.19598,37.3496],[-122.1958,37.35058],[-122.19606,37.35131],[-122.19724,37.35234],[-122.19808,37.35412],[-122.19929,37.35526],[-122.19971,37.35546],[-122.20045,37.35673],[-122.20149,37.35805],[-122.20247,37.36027],[-122.20242,37.36155],[-122.20265,37.36305],[-122.20227,37.36382],[-122.20221,37.36465],[-122.20149,37.36578],[-122.20132,37.36701],[-122.2016,37.36801],[-122.20121,37.36939],[-122.2012,37.3708],[-122.20071,37.37196],[-122.20013,37.37242],[-122.19936,37.37262],[-122.1992,37.37301],[-122.19935,37.37424],[-122.19916,37.37472],[-122.19858,37.37532],[-122.19789,37.37559],[-122.1969,37.37654],[-122.19672,37.37687],[-122.19668,37.37754],[-122.19623,37.37788],[-122.19577,37.37909],[-122.19499,37.38008],[-122.19475,37.38087],[-122.19406,37.38158],[-122.19372,37.38225],[-122.19101,37.3844],[-122.19051,37.38525],[-122.19058,37.38559],[-122.19108,37.38604],[-122.19077,37.3869],[-122.19079,37.38739],[-122.19113,37.38815],[-122.19102,37.38876],[-122.19032,37.38912],[-122.19031,37.3895],[-122.19064,37.39],[-122.19057,37.39053],[-122.19013,37.39076],[-122.19006,37.39115],[-122.18957,37.39128],[-122.19017,37.39287],[-122.19001,37.39327],[-122.19015,37.39385],[-122.19002,37.39486],[-122.19035,37.39518],[-122.19122,37.39558],[-122.19127,37.39614],[-122.19185,37.39719],[-122.19177,37.39814],[-122.19149,37.39876],[-122.19178,37.3998],[-122.19227,37.40071],[-122.19213,37.40143],[-122.19243,37.40248],[-122.19261,37.40419],[-122.19393,37.40648],[-122.19454,37.40793],[-122.19409,37.40937],[-122.19383,37.41128],[-122.19351,37.41177],[-122.19213,37.41294],[-122.19234,37.41391],[-122.19161,37.41415],[-122.19059,37.41419],[-122.18765,37.41475],[-122.18716,37.41634],[-122.18741,37.41682],[-122.18779,37.4171],[-122.1893,37.41726],[-122.19003,37.41798],[-122.19027,37.41848],[-122.19,37.4189],[-122.18916,37.41892],[-122.18856,37.41917],[-122.1882,37.41948],[-122.18792,37.42019],[-122.18838,37.42247],[-122.19058,37.424],[-122.19131,37.42519],[-122.19108,37.42581],[-122.18981,37.42691],[-122.18944,37.42746],[-122.1898,37.42819],[-122.19053,37.43129],[-122.19007,37.43166],[-122.18841,37.43206],[-122.18765,37.43331],[-122.18513,37.43377],[-122.18442,37.43423],[-122.18342,37.43571],[-122.18328,37.43643],[-122.18349,37.43692],[-122.18283,37.4378],[-122.18249,37.4391],[-122.18217,37.43948],[-122.18164,37.43963],[-122.18098,37.43927],[-122.18014,37.43931],[-122.17969,37.4396],[-122.17942,37.44003],[-122.17941,37.44037],[-122.1798,37.44084],[-122.17979,37.44102],[-122.17784,37.44108],[-122.17703,37.44134],[-122.17663,37.44173],[-122.1757,37.44188],[-122.17542,37.44276],[-122.17475,37.44354],[-122.17479,37.44386],[-122.17452,37.44447],[-122.17322,37.44535],[-122.17182,37.4467],[-122.17055,37.44702],[-122.16944,37.4478],[-122.16914,37.44781],[-122.1689,37.44741],[-122.16887,37.44753],[-122.16875,37.44743],[-122.16763,37.4489],[-122.16758,37.44919],[-122.16789,37.44967],[-122.16762,37.45078],[-122.16725,37.45097],[-122.16637,37.45066],[-122.16595,37.45077],[-122.16516,37.45298],[-122.16411,37.45246],[-122.16371,37.45299],[-122.16309,37.45321],[-122.16277,37.45384],[-122.1615,37.45371],[-122.16093,37.4538],[-122.16071,37.45406],[-122.16073,37.45447],[-122.16044,37.45468],[-122.15919,37.45464],[-122.15868,37.45369],[-122.15769,37.45349],[-122.15724,37.45359],[-122.15714,37.45402],[-122.15685,37.45422],[-122.15579,37.45413],[-122.15559,37.45439],[-122.15591,37.45553],[-122.15549,37.45576],[-122.15442,37.45588],[-122.15254,37.45768],[-122.15221,37.45763],[-122.1518,37.45706],[-122.15086,37.45721],[-122.14874,37.45709],[-122.14748,37.4565],[-122.1462,37.45679],[-122.14591,37.45713],[-122.1459,37.45782],[-122.14441,37.45827],[-122.14364,37.458],[-122.14279,37.45809],[-122.1407,37.45727],[-122.14106,37.45713],[-122.13948,37.45526],[-122.13877,37.4548],[-122.13605,37.45406],[-122.1339,37.45438],[-122.1321,37.45398],[-122.13152,37.45336],[-122.12988,37.45309],[-122.12864,37.45188],[-122.12829,37.45186],[-122.12801,37.45208],[-122.12771,37.45298],[-122.12691,37.45362],[-122.12598,37.45355],[-122.12481,37.45288],[-122.12413,37.4528],[-122.12238,37.45338],[-122.1221,37.45359],[-122.12177,37.45424],[-122.12187,37.45481],[-122.12282,37.45614],[-122.12278,37.45762],[-122.12392,37.46114],[-122.11769,37.46524],[-122.11595,37.46571],[-122.11326,37.46753],[-122.11197,37.46644],[-122.11155,37.46629],[-122.09657,37.46614],[-122.09643,37.4661],[-122.09676,37.4619],[-122.08147,37.47784],[-122.05265,37.45966],[-122.05124,37.45901],[-122.04897,37.4589],[-122.04782,37.45901],[-122.04657,37.45953],[-122.0407,37.46298],[-122.03727,37.4647],[-122.03618,37.46497],[-122.02542,37.46563],[-122.02247,37.46514],[-122.02115,37.46507],[-121.99667,37.46724],[-121.99431,37.46605],[-121.99267,37.46464],[-121.98001,37.46089],[-121.97507,37.46064],[-121.96852,37.46195],[-121.96595,37.46281],[-121.96416,37.46315],[-121.95931,37.46352],[-121.95589,37.46273],[-121.95192,37.46146],[-121.9496,37.46141],[-121.94784,37.46198],[-121.94704,37.4626],[-121.94641,37.46336],[-121.94617,37.46395],[-121.94617,37.46449],[-121.94699,37.46625],[-121.94709,37.46742],[-121.94645,37.46859],[-121.94548,37.46917],[-121.94491,37.46916],[-121.94424,37.46853],[-121.94414,37.46812],[-121.94414,37.46762],[-121.94432,37.4674],[-121.94423,37.46582],[-121.9431,37.46512],[-121.94109,37.46495],[-121.94052,37.46435],[-121.94002,37.46312],[-121.93924,37.46249],[-121.9389,37.46239],[-121.93603,37.46293],[-121.93499,37.46246],[-121.93495,37.46212],[-121.9353,37.46142],[-121.93514,37.46084],[-121.93473,37.46052],[-121.93358,37.46027],[-121.93237,37.46035],[-121.93338,37.46076],[-121.93209,37.461],[-121.93147,37.46091],[-121.9312,37.46064],[-121.93113,37.46016],[-121.93152,37.45883],[-121.93113,37.45739],[-121.93271,37.45684],[-121.9329,37.45545],[-121.93263,37.45515],[-121.93207,37.45528],[-121.93053,37.45649],[-121.92921,37.45685],[-121.92844,37.45739],[-121.92779,37.45712],[-121.92746,37.4567],[-121.92744,37.45628],[-121.92785,37.45526],[-121.92736,37.45503],[-121.92676,37.45524],[-121.92629,37.45457],[-121.92504,37.45419],[-121.91726,37.45839],[-121.91089,37.46149],[-121.91133,37.46224],[-121.90739,37.46347],[-121.90731,37.46329],[-121.90707,37.46336],[-121.90711,37.46359],[-121.90683,37.46372],[-121.90524,37.46423],[-121.90131,37.46496],[-121.89989,37.46564],[-121.89897,37.46585],[-121.89831,37.46666],[-121.89765,37.46697],[-121.89499,37.46754],[-121.89086,37.46798],[-121.89041,37.46832],[-121.88935,37.4701],[-121.88774,37.47094],[-121.88597,37.47137],[-121.88516,37.47141],[-121.88441,37.4712],[-121.88389,37.47077],[-121.8826,37.47055],[-121.88116,37.47108],[-121.8799,37.47176],[-121.87947,37.47217],[-121.87892,37.47333],[-121.87811,37.47405],[-121.87745,37.47518],[-121.8765,37.47512],[-121.87626,37.47492],[-121.87578,37.475],[-121.8752,37.47522],[-121.87461,37.47577],[-121.87401,37.47741],[-121.87369,37.47784],[-121.87274,37.47825],[-121.87079,37.47945],[-121.87049,37.48033],[-121.87008,37.48081],[-121.86993,37.48168],[-121.86527,37.48464],[-121.80073,37.48399],[-121.78623,37.48424],[-121.74128,37.48394],[-121.71496,37.48364],[-121.68908,37.48283],[-121.56435,37.48243],[-121.55976,37.48253],[-121.47295,37.48233],[-121.47193,37.48178],[-121.4712,37.48283],[-121.47106,37.4837],[-121.4712,37.48503],[-121.47051,37.48546],[-121.47072,37.48612],[-121.47004,37.48711],[-121.46982,37.48833],[-121.46963,37.48883],[-121.46927,37.48909],[-121.46927,37.48969],[-121.47074,37.49079],[-121.47094,37.49118],[-121.47196,37.49173],[-121.47237,37.49223],[-121.47376,37.49278],[-121.47486,37.49405],[-121.47549,37.49453],[-121.47604,37.49542],[-121.47717,37.49561],[-121.47771,37.49589],[-121.47808,37.49634],[-121.47936,37.49648],[-121.47981,37.49765],[-121.48052,37.49859],[-121.48074,37.49978],[-121.48147,37.50027],[-121.48206,37.50144],[-121.48377,37.50116],[-121.48491,37.50124],[-121.48659,37.50139],[-121.48747,37.50178],[-121.48938,37.50214],[-121.49318,37.50242],[-121.49507,37.50436],[-121.49602,37.50494],[-121.49553,37.5052],[-121.49521,37.50686],[-121.49561,37.50761],[-121.49538,37.50813],[-121.49552,37.50866],[-121.49668,37.50921],[-121.49665,37.51011],[-121.49723,37.51246],[-121.4981,37.5136],[-121.49847,37.51368],[-121.49857,37.51409],[-121.49987,37.51511],[-121.49994,37.51624],[-121.50024,37.51656],[-121.50117,37.51687],[-121.50237,37.51847],[-121.50135,37.51897],[-121.50075,37.51966],[-121.49958,37.52014],[-121.49908,37.52102],[-121.49896,37.52163],[-121.49827,37.52243],[-121.49895,37.523],[-121.50056,37.5239],[-121.50077,37.52431],[-121.50147,37.525],[-121.50442,37.52586],[-121.50542,37.52548],[-121.50637,37.52555],[-121.50788,37.52477],[-121.50991,37.52463],[-121.51151,37.52507],[-121.51283,37.5251],[-121.51367,37.52476],[-121.51414,37.52492],[-121.51528,37.52493],[-121.51675,37.52551],[-121.51766,37.52526],[-121.51913,37.52445],[-121.5215,37.52476],[-121.52233,37.52471],[-121.52305,37.52562],[-121.52386,37.52621],[-121.52548,37.52651],[-121.5262,37.52704],[-121.52789,37.52739],[-121.52882,37.52806],[-121.5299,37.52705],[-121.53039,37.52706],[-121.53136,37.5274],[-121.53172,37.52822],[-121.53226,37.52822],[-121.53269,37.52865],[-121.53362,37.52889],[-121.53418,37.5286],[-121.53508,37.5288],[-121.53577,37.52908],[-121.53619,37.52908],[-121.53629,37.52953],[-121.53708,37.52975],[-121.53942,37.52958],[-121.54016,37.52988],[-121.54061,37.52982],[-121.54183,37.53022],[-121.54328,37.53159],[-121.54575,37.53253],[-121.54685,37.53503],[-121.54836,37.53593],[-121.55045,37.53933],[-121.55665,37.54273],[-121.55726,37.61663],[-121.55686,37.63553],[-121.55696,37.70363],[-121.55716,37.71433],[-121.55696,37.74333],[-121.55716,37.74633],[-121.55666,37.75603],[-121.55699,37.76983],[-121.55706,37.81575],[-121.55694,37.81722],[-121.55451,37.81759],[-121.55351,37.81839],[-121.55331,37.81883],[-121.55321,37.82007],[-121.55246,37.82215],[-121.55232,37.82207],[-121.55208,37.8225],[-121.55252,37.82345],[-121.5525,37.82403],[-121.55115,37.8251],[-121.55127,37.82599],[-121.55196,37.82642],[-121.55224,37.82713],[-121.5518,37.82771],[-121.5521,37.82896],[-121.55197,37.83],[-121.55097,37.83115],[-121.54946,37.83357],[-121.54899,37.83375],[-121.54774,37.83338],[-121.54587,37.83234],[-121.54419,37.83254],[-121.54247,37.83337],[-121.5416,37.83542],[-121.54129,37.83577],[-121.54086,37.83608],[-121.53943,37.83658],[-121.53819,37.83743],[-121.538,37.83802],[-121.53807,37.83832],[-121.53887,37.8393],[-121.53891,37.83954],[-121.53799,37.84091],[-121.53816,37.84264],[-121.53804,37.84295],[-121.53705,37.84385],[-121.53667,37.8444],[-121.53659,37.84472],[-121.5368,37.84626],[-121.53659,37.84665],[-121.5363,37.84693],[-121.53493,37.84754],[-121.53454,37.84806],[-121.5341,37.84946],[-121.53425,37.84989],[-121.5347,37.85035],[-121.53574,37.85076],[-121.53721,37.85084],[-121.53763,37.8506],[-121.53778,37.85002],[-121.53841,37.84925],[-121.53904,37.84888],[-121.54004,37.84884],[-121.54072,37.84941],[-121.54201,37.85131],[-121.54203,37.8518],[-121.54136,37.85311],[-121.54155,37.85421],[-121.54148,37.85522],[-121.54035,37.85672],[-121.54035,37.85724],[-121.54064,37.8576],[-121.54112,37.85775],[-121.54168,37.85762],[-121.54387,37.85677],[-121.54608,37.85555],[-121.5475,37.85523],[-121.54809,37.85541],[-121.54899,37.85625],[-121.55089,37.8588],[-121.55168,37.8604],[-121.55252,37.86112],[-121.55284,37.86118],[-121.55312,37.86096],[-121.55374,37.85923],[-121.55432,37.85858],[-121.55525,37.85801],[-121.55727,37.85824],[-121.55925,37.85885],[-121.55989,37.85883],[-121.56033,37.8586],[-121.56181,37.85714],[-121.56227,37.85643],[-121.5623,37.85568],[-121.56122,37.85428],[-121.56123,37.85377],[-121.56151,37.85333],[-121.56198,37.85314],[-121.56261,37.85335],[-121.56334,37.85423],[-121.5659,37.85786],[-121.56632,37.85807],[-121.56671,37.85801],[-121.56802,37.85704],[-121.56874,37.85702],[-121.57045,37.85759],[-121.57059,37.85801],[-121.56937,37.85888],[-121.56877,37.85978],[-121.56829,37.86],[-121.56898,37.86057],[-121.57068,37.86065],[-121.57426,37.85984],[-121.57559,37.85928],[-121.57709,37.85823],[-121.57802,37.85782],[-121.57865,37.85804],[-121.57897,37.8585],[-121.57943,37.86016],[-121.5795,37.86107],[-121.57913,37.86151],[-121.57546,37.86312],[-121.57444,37.86376],[-121.5738,37.86432],[-121.57352,37.86493],[-121.57339,37.86575],[-121.57374,37.86652],[-121.57514,37.86771],[-121.57883,37.86995],[-121.57933,37.87064],[-121.57942,37.8723],[-121.57819,37.87548],[-121.57578,37.87989],[-121.57501,37.88083],[-121.5741,37.88256],[-121.57387,37.8834],[-121.57555,37.8865],[-121.57592,37.88755],[-121.57585,37.88829],[-121.57553,37.88898],[-121.57496,37.88945],[-121.5699,37.89086],[-121.56838,37.89168],[-121.56768,37.89243],[-121.56688,37.89458],[-121.56641,37.89521],[-121.5659,37.89767],[-121.5662,37.89877],[-121.56695,37.89991],[-121.56816,37.90102],[-121.56911,37.90152],[-121.57177,37.9025],[-121.57243,37.90306],[-121.57278,37.90374],[-121.57282,37.9043],[-121.57225,37.90501],[-121.57092,37.90596],[-121.56477,37.90901],[-121.56329,37.9106],[-121.56304,37.91162],[-121.56321,37.91222],[-121.56571,37.91556],[-121.56598,37.91626],[-121.56596,37.91696],[-121.56559,37.91819],[-121.56566,37.91849],[-121.56511,37.91917],[-121.56186,37.92044],[-121.55826,37.92138],[-121.55727,37.92201],[-121.55642,37.9233],[-121.55641,37.92364],[-121.55799,37.92536],[-121.55849,37.92621],[-121.5589,37.92793],[-121.55848,37.92957],[-121.55758,37.9306],[-121.55712,37.93146],[-121.55727,37.93225],[-121.55874,37.93373],[-121.56079,37.93516],[-121.56146,37.93589],[-121.5618,37.93675],[-121.56194,37.93761],[-121.56185,37.93822],[-121.56163,37.93896],[-121.56104,37.93939],[-121.56088,37.93988],[-121.56147,37.94155],[-121.56201,37.94213],[-121.56324,37.94268],[-121.56362,37.94344],[-121.56341,37.94427],[-121.56279,37.94469],[-121.56191,37.94488],[-121.55996,37.94496],[-121.55818,37.94538],[-121.55777,37.94591],[-121.55758,37.9465],[-121.55818,37.94737],[-121.56068,37.94758],[-121.56247,37.94692],[-121.56364,37.94611],[-121.56555,37.94417],[-121.56741,37.94398],[-121.56817,37.94455],[-121.5686,37.94546],[-121.56899,37.94762],[-121.56885,37.94845],[-121.56852,37.94917],[-121.56795,37.94985],[-121.56369,37.95351],[-121.56333,37.95408],[-121.56351,37.95474],[-121.56411,37.95511],[-121.56526,37.95511],[-121.57359,37.95376],[-121.57519,37.95504],[-121.57528,37.95561],[-121.57514,37.95624],[-121.5745,37.95694],[-121.57329,37.95732],[-121.57158,37.95753],[-121.56796,37.95748],[-121.56559,37.95778],[-121.56511,37.95824],[-121.56497,37.95896],[-121.56514,37.95985],[-121.56571,37.96051],[-121.56639,37.96098],[-121.57012,37.96326],[-121.57371,37.96643],[-121.57391,37.96725],[-121.57385,37.97058],[-121.57442,37.97248],[-121.57555,37.97368],[-121.57648,37.97393],[-121.57784,37.9746],[-121.57946,37.97598],[-121.57994,37.97611],[-121.58021,37.97637],[-121.57999,37.97697],[-121.57931,37.97744],[-121.57861,37.97763],[-121.57697,37.97776],[-121.57424,37.97742],[-121.57329,37.97765],[-121.57271,37.97809],[-121.57239,37.97905],[-121.57358,37.98031],[-121.57761,37.98097],[-121.57953,37.98155],[-121.58053,37.98208],[-121.58236,37.98346],[-121.58246,37.98392],[-121.58102,37.98953],[-121.58003,37.99103],[-121.57715,37.99339],[-121.57635,37.99422],[-121.57608,37.99485],[-121.57627,37.99587],[-121.57736,37.99713],[-121.5791,37.99787],[-121.57924,37.99811],[-121.57895,37.99855],[-121.57783,37.99903],[-121.57353,37.99891],[-121.57265,37.99869],[-121.57056,37.99903],[-121.56989,37.99953],[-121.56898,38.00139],[-121.56884,38.00223],[-121.5691,38.00279],[-121.56961,38.00316],[-121.57096,38.00329],[-121.57485,38.00308],[-121.57758,38.0036],[-121.57824,38.0039],[-121.57908,38.00477],[-121.57984,38.00644],[-121.57991,38.00778],[-121.57963,38.00854],[-121.5785,38.01028],[-121.57788,38.01082],[-121.57508,38.01151],[-121.57331,38.01172],[-121.56815,38.01138],[-121.56715,38.01198],[-121.56687,38.01271],[-121.56697,38.01353],[-121.56793,38.01429],[-121.56903,38.0148],[-121.57101,38.01526],[-121.57221,38.01594],[-121.5726,38.0164],[-121.57279,38.01691],[-121.57262,38.018],[-121.57205,38.01841],[-121.57124,38.01858],[-121.57029,38.01868],[-121.568,38.01852],[-121.56643,38.01807],[-121.5652,38.01735],[-121.56449,38.01661],[-121.56312,38.01601],[-121.56107,38.01544],[-121.55832,38.01573],[-121.55797,38.01595],[-121.55753,38.01662],[-121.55755,38.01704],[-121.55807,38.01823],[-121.55884,38.01943],[-121.56224,38.02255],[-121.5633,38.02391],[-121.56375,38.02476],[-121.56449,38.02622],[-121.56416,38.02853],[-121.56423,38.0297],[-121.56487,38.03021],[-121.56531,38.0303],[-121.56637,38.03029],[-121.56861,38.02982],[-121.57082,38.02976],[-121.57139,38.03042],[-121.57181,38.03138],[-121.5716,38.03295],[-121.57103,38.03524],[-121.57082,38.038],[-121.57127,38.0401],[-121.57217,38.04141],[-121.57301,38.04215],[-121.57415,38.04279],[-121.57604,38.04298],[-121.57763,38.04296],[-121.57901,38.04234],[-121.58019,38.04127],[-121.58084,38.03974],[-121.58079,38.03879],[-121.5798,38.03664],[-121.57795,38.03382],[-121.57811,38.03307],[-121.57883,38.03264],[-121.57993,38.03212],[-121.58081,38.03202],[-121.58169,38.03235],[-121.58265,38.03321],[-121.58358,38.03438],[-121.58439,38.03603],[-121.58487,38.03829],[-121.58508,38.04027],[-121.58472,38.04355],[-121.58231,38.05144],[-121.58243,38.05381],[-121.58351,38.05928],[-121.58388,38.0599],[-121.58325,38.06139],[-121.58265,38.06372],[-121.58224,38.06439],[-121.58219,38.06516],[-121.58245,38.06637],[-121.5822,38.06842],[-121.58138,38.06917],[-121.57849,38.07006],[-121.576,38.07115],[-121.57483,38.07184],[-121.57289,38.07374],[-121.57292,38.07424],[-121.5754,38.07647],[-121.57675,38.07819],[-121.57701,38.08012],[-121.57697,38.08161],[-121.57728,38.08494],[-121.57723,38.08601],[-121.57776,38.08947],[-121.57834,38.09174],[-121.57925,38.09342],[-121.58002,38.09441],[-121.58128,38.09394],[-121.58225,38.09489],[-121.58528,38.09637],[-121.60492,38.09988],[-121.61365,38.09965],[-121.62738,38.09836],[-121.62835,38.09792],[-121.62899,38.09726],[-121.6326,38.08861],[-121.63424,38.08722],[-121.63658,38.08639],[-121.63809,38.08613],[-121.64051,38.08639],[-121.64518,38.08741],[-121.64698,38.08833],[-121.64814,38.08926],[-121.64875,38.09004],[-121.65206,38.09162],[-121.66187,38.09562],[-121.66247,38.09562],[-121.67307,38.09352],[-121.67927,38.08932],[-121.68187,38.08202],[-121.68167,38.08062],[-121.68025,38.07665],[-121.68003,38.07541],[-121.67962,38.06947],[-121.67976,38.06512],[-121.68086,38.06213],[-121.68147,38.06124],[-121.68376,38.05902],[-121.69167,38.05352],[-121.69977,38.04522],[-121.70434,38.04248],[-121.70956,38.03994],[-121.71246,38.03889],[-121.71687,38.03772],[-121.72556,38.03382],[-121.73237,38.02912],[-121.7347,38.02792],[-121.73782,38.02663],[-121.74448,38.02509],[-121.74891,38.02436],[-121.75825,38.02413],[-121.76347,38.02352],[-121.76647,38.02278],[-121.77062,38.02111],[-121.77749,38.01892],[-121.77827,38.01902],[-121.78314,38.01854],[-121.78644,38.01864],[-121.78877,38.01842],[-121.79077,38.01862],[-121.79486,38.01946],[-121.79802,38.02086],[-121.80107,38.02142],[-121.80127,38.02162],[-121.80147,38.02142],[-121.80487,38.02112],[-121.80931,38.02032],[-121.8119,38.02036],[-121.81451,38.02076],[-121.81695,38.02152],[-121.81818,38.02219],[-121.82267,38.02532],[-121.82307,38.02532],[-121.82387,38.02569],[-121.82767,38.02792],[-121.82807,38.02802],[-121.83212,38.0311],[-121.8342,38.03473],[-121.83794,38.03894],[-121.84056,38.04527],[-121.84166,38.05197],[-121.8468,38.05996],[-121.85364,38.06478],[-121.85452,38.06509],[-121.86214,38.06607],[-121.86244,38.06607],[-121.86253,38.0659],[-121.86264,38.06493],[-121.86365,38.06238],[-121.86519,38.05991],[-121.8674,38.05689],[-121.86947,38.05452],[-121.8711,38.05303],[-121.87271,38.05184],[-121.87474,38.05068],[-121.88018,38.04871],[-121.88957,38.04666],[-121.89888,38.04557],[-121.90117,38.04536],[-121.90467,38.04532],[-121.9068,38.045],[-121.91014,38.04496],[-121.91554,38.04522],[-121.92212,38.0459],[-121.92581,38.04647],[-121.92954,38.04727],[-121.93543,38.04879],[-121.93868,38.05019],[-121.94519,38.05242],[-121.95091,38.05392],[-121.95092,38.05498],[-121.95568,38.05782],[-121.96221,38.06137],[-121.97228,38.06554],[-121.97744,38.06684],[-121.98316,38.0673],[-122.00107,38.06531],[-122.01518,38.06348],[-122.01983,38.06227],[-122.02498,38.06029],[-122.02841,38.05919],[-122.03626,38.0602],[-122.05087,38.0602],[-122.0611,38.06214],[-122.06501,38.06099],[-122.0673,38.06008],[-122.07615,38.05462],[-122.07743,38.054],[-122.08416,38.05186],[-122.08875,38.05009],[-122.09313,38.04927],[-122.09873,38.04746],[-122.11808,38.03934],[-122.11925,38.03856],[-122.12099,38.03799],[-122.12174,38.03747],[-122.12254,38.03652],[-122.12397,38.03572],[-122.13154,38.03449],[-122.13937,38.03218],[-122.14312,38.03176],[-122.14858,38.03172],[-122.16,38.03344],[-122.16065,38.03373],[-122.16458,38.03472],[-122.16758,38.03672],[-122.1761,38.04777],[-122.18386,38.054],[-122.20085,38.05793],[-122.22524,38.06101],[-122.22799,38.06121],[-122.24525,38.06397],[-122.26535,38.05992],[-122.27838,38.06142],[-122.34745,38.07326]]],[[[-123.17383,37.77573],[-123.17376,37.77183],[-123.17293,37.7636],[-123.16998,37.75593],[-123.1667,37.74993],[-123.16275,37.74353],[-123.15676,37.73784],[-123.14913,37.73228],[-123.14149,37.72616],[-123.1326,37.71939],[-123.12611,37.71673],[-123.11964,37.71544],[-123.11557,37.71405],[-123.10492,37.71265],[-123.09965,37.71359],[-123.0948,37.71407],[-123.09285,37.71369],[-123.08606,37.70075],[-123.07492,37.69007],[-123.07306,37.68258],[-123.06859,37.67304],[-123.06358,37.66732],[-123.05358,37.65865],[-123.0407,37.65033],[-123.02715,37.64522],[-123.01161,37.64151],[-123.00111,37.64177],[-123.00111,37.63983],[-122.98675,37.64178],[-122.97301,37.64658],[-122.96301,37.65198],[-122.95488,37.65835],[-122.94907,37.66338],[-122.94501,37.66977],[-122.94136,37.67658],[-122.93966,37.68235],[-122.93903,37.68654],[-122.93734,37.69093],[-122.93571,37.69762],[-122.93586,37.70246],[-122.93768,37.70924],[-122.93971,37.71535],[-122.94229,37.72106],[-122.94552,37.72531],[-122.94998,37.73219],[-122.95464,37.73683],[-122.9641,37.74428],[-122.96727,37.7463],[-122.97045,37.74782],[-122.97326,37.74865],[-122.97545,37.75258],[-122.98143,37.75892],[-122.98741,37.76387],[-122.99754,37.77078],[-123.00111,37.77205],[-123.01059,37.77493],[-123.01697,37.77607],[-123.02585,37.77709],[-123.03144,37.77715],[-123.03384,37.77838],[-123.0351,37.78043],[-123.03873,37.78888],[-123.04882,37.79982],[-123.07049,37.81383],[-123.08165,37.81815],[-123.09526,37.82188],[-123.11829,37.82306],[-123.12611,37.82166],[-123.13227,37.81968],[-123.13944,37.81672],[-123.14721,37.81195],[-123.16094,37.802],[-123.16601,37.79689],[-123.16911,37.79237],[-123.17383,37.77573]]]]},"properties":{"GEOID":"41860","NAME":"San Francisco-Oakland-Fremont, CA Metro Area"}},{"type":"Feature","geometry":{"type":"Polygon","coordinates":[[[-122.4586,48.2977],[-122.45282,48.29563],[-122.44197,48.28964],[-122.43652,48.28576],[-122.42848,48.2786],[-122.42065,48.27074],[-122.41333,48.2624],[-122.41071,48.25918],[-122.40644,48.25368],[-122.40438,48.24979],[-122.40313,48.24794],[-122.40255,48.24737],[-122.40185,48.24709],[-122.40083,48.24633],[-122.40083,48.24467],[-122.39945,48.24242],[-122.39838,48.24138],[-122.39642,48.24049],[-122.39392,48.23894],[-122.39311,48.23794],[-122.39298,48.23677],[-122.39373,48.23305],[-122.39461,48.23088],[-122.39468,48.22982],[-122.39641,48.22646],[-122.3998,48.22108],[-122.40189,48.21743],[-122.40563,48.21188],[-122.4119,48.20407],[-122.41472,48.19927],[-122.41559,48.19659],[-122.41644,48.19339],[-122.41701,48.18996],[-122.41767,48.18592],[-122.41786,48.18266],[-122.41791,48.17062],[-122.41673,48.16408],[-122.41484,48.15725],[-122.41412,48.15514],[-122.41281,48.15233],[-122.41144,48.14976],[-122.40788,48.14404],[-122.40317,48.13759],[-122.39064,48.12362],[-122.38739,48.1203],[-122.38269,48.11474],[-122.38066,48.11206],[-122.37712,48.10815],[-122.37313,48.10496],[-122.36975,48.10251],[-122.36511,48.09864],[-122.35847,48.09131],[-122.35209,48.08292],[-122.35029,48.08031],[-122.34638,48.07257],[-122.34531,48.06971],[-122.34357,48.06604],[-122.34249,48.06331],[-122.34067,48.05676],[-122.33938,48.04948],[-122.34002,48.04477],[-122.34086,48.04171],[-122.34309,48.03653],[-122.34453,48.03366],[-122.34719,48.02885],[-122.34972,48.02466],[-122.35065,48.0224],[-122.3516,48.0194],[-122.35203,48.01624],[-122.3521,48.01338],[-122.35131,48.01068],[-122.34945,48.00581],[-122.34749,48.00176],[-122.33428,47.98172],[-122.33048,47.97322],[-122.32939,47.96969],[-122.32868,47.96622],[-122.32846,47.96376],[-122.33045,47.94772],[-122.33335,47.93322],[-122.33585,47.92872],[-122.34325,47.92132],[-122.34885,47.91472],[-122.35135,47.90282],[-122.35635,47.89432],[-122.36682,47.88411],[-122.37625,47.87628],[-122.37858,47.87489],[-122.39805,47.86162],[-122.41205,47.85062],[-122.42295,47.83852],[-122.42883,47.82876],[-122.42962,47.8281],[-122.43396,47.81866],[-122.43548,47.81467],[-122.44089,47.80248],[-122.44223,47.79845],[-122.44292,47.79322],[-122.44292,47.78983],[-122.44223,47.78573],[-122.44142,47.78351],[-122.43983,47.7802],[-122.43501,47.7731],[-122.43277,47.76927],[-122.43121,47.76646],[-122.42943,47.76242],[-122.4281,47.75812],[-122.42739,47.75395],[-122.42703,47.74969],[-122.42715,47.74536],[-122.42992,47.73528],[-122.43199,47.73241],[-122.43346,47.72891],[-122.43532,47.71982],[-122.43688,47.71429],[-122.43746,47.71305],[-122.43929,47.71123],[-122.4416,47.70946],[-122.44431,47.70765],[-122.44566,47.70629],[-122.44692,47.70448],[-122.45332,47.69267],[-122.45609,47.68831],[-122.45761,47.68517],[-122.45897,47.68093],[-122.4597,47.67579],[-122.45977,47.67242],[-122.45938,47.66916],[-122.4581,47.66391],[-122.45676,47.65968],[-122.45441,47.65325],[-122.45281,47.6438],[-122.45268,47.63911],[-122.45284,47.63609],[-122.45352,47.63256],[-122.45491,47.62765],[-122.45491,47.62656],[-122.45425,47.62464],[-122.45376,47.62378],[-122.4514,47.62096],[-122.45005,47.61902],[-122.44867,47.61651],[-122.4473,47.61307],[-122.44685,47.61242],[-122.4465,47.61149],[-122.44606,47.608],[-122.44716,47.59557],[-122.44757,47.59331],[-122.44833,47.59125],[-122.45051,47.58742],[-122.45358,47.58124],[-122.4541,47.57966],[-122.45463,47.57721],[-122.45485,47.57476],[-122.45448,47.57233],[-122.45337,47.5696],[-122.45025,47.56562],[-122.44572,47.55883],[-122.4443,47.55557],[-122.44389,47.55372],[-122.44386,47.5518],[-122.44503,47.54271],[-122.446,47.54101],[-122.44702,47.54004],[-122.44994,47.53803],[-122.45832,47.53273],[-122.45992,47.532],[-122.46375,47.5309],[-122.46985,47.5282],[-122.47405,47.52662],[-122.4769,47.52449],[-122.48002,47.52174],[-122.48281,47.51832],[-122.48333,47.51742],[-122.48428,47.51503],[-122.48489,47.51304],[-122.4852,47.51085],[-122.48522,47.5077],[-122.4856,47.50627],[-122.48649,47.50425],[-122.48791,47.50191],[-122.49018,47.49905],[-122.49173,47.4976],[-122.49275,47.49615],[-122.49381,47.49412],[-122.49556,47.49158],[-122.49816,47.4885],[-122.50515,47.48125],[-122.51162,47.47342],[-122.51654,47.46674],[-122.51889,47.46244],[-122.52016,47.45889],[-122.52178,47.45347],[-122.52274,47.44973],[-122.52318,47.44701],[-122.52348,47.4435],[-122.52359,47.43733],[-122.52334,47.43044],[-122.52384,47.4262],[-122.5245,47.42387],[-122.52586,47.42023],[-122.52681,47.41812],[-122.52792,47.41614],[-122.53062,47.41229],[-122.53389,47.40855],[-122.53519,47.40672],[-122.53699,47.40336],[-122.56634,47.4034],[-122.58893,47.40367],[-122.6104,47.40347],[-122.62633,47.40352],[-122.63501,47.40324],[-122.65309,47.40309],[-122.67417,47.40344],[-122.69496,47.4035],[-122.71782,47.40321],[-122.71906,47.40334],[-122.73715,47.40366],[-122.7594,47.40341],[-122.8012,47.40358],[-122.80119,47.39036],[-122.80134,47.3888],[-122.80108,47.35654],[-122.80145,47.35528],[-122.8019,47.35451],[-122.80667,47.34936],[-122.80722,47.34816],[-122.80777,47.3462],[-122.80779,47.34558],[-122.80671,47.34196],[-122.80432,47.33693],[-122.80374,47.33336],[-122.80393,47.32917],[-122.8043,47.32693],[-122.80616,47.32068],[-122.8081,47.31549],[-122.80908,47.31351],[-122.81209,47.30866],[-122.81423,47.30571],[-122.81578,47.30394],[-122.82079,47.29907],[-122.8248,47.29555],[-122.83122,47.2905],[-122.83728,47.28605],[-122.84124,47.2828],[-122.8448,47.2794],[-122.84626,47.27775],[-122.84774,47.27585],[-122.84893,47.27382],[-122.85095,47.26975],[-122.85229,47.26559],[-122.85256,47.26348],[-122.85292,47.25782],[-122.85292,47.25646],[-122.85256,47.25436],[-122.85119,47.24977],[-122.84883,47.24537],[-122.84645,47.24195],[-122.84465,47.24017],[-122.84311,47.23832],[-122.84127,47.23564],[-122.83955,47.23142],[-122.83694,47.22675],[-122.83554,47.22523],[-122.83324,47.22335],[-122.8306,47.22151],[-122.82709,47.21939],[-122.82519,47.21795],[-122.82428,47.21607],[-122.82384,47.21456],[-122.82369,47.21291],[-122.82371,47.21178],[-122.82404,47.21083],[-122.82356,47.21014],[-122.8227,47.20685],[-122.82177,47.20085],[-122.82149,47.19785],[-122.82058,47.19422],[-122.81686,47.19293],[-122.81178,47.19066],[-122.80941,47.18939],[-122.8057,47.18658],[-122.80263,47.18368],[-122.80183,47.1826],[-122.80074,47.18158],[-122.8001,47.18043],[-122.7986,47.17866],[-122.79705,47.17751],[-122.79344,47.1758],[-122.7924,47.17513],[-122.79067,47.17186],[-122.78945,47.16856],[-122.78601,47.16467],[-122.77948,47.15873],[-122.77841,47.158],[-122.77724,47.15621],[-122.77574,47.15492],[-122.77442,47.15412],[-122.77251,47.15347],[-122.76763,47.15137],[-122.7659,47.15025],[-122.76498,47.14897],[-122.76375,47.14517],[-122.76267,47.14347],[-122.76123,47.14228],[-122.75972,47.14152],[-122.75922,47.14104],[-122.7563,47.1393],[-122.75559,47.13857],[-122.75299,47.13747],[-122.75183,47.13727],[-122.74981,47.13654],[-122.74633,47.1345],[-122.74385,47.13328],[-122.74298,47.13262],[-122.74024,47.13143],[-122.73792,47.12991],[-122.73109,47.12646],[-122.72639,47.12314],[-122.72262,47.12118],[-122.71694,47.11863],[-122.71565,47.11829],[-122.71002,47.11742],[-122.70796,47.11729],[-122.70637,47.11744],[-122.70043,47.1168],[-122.6991,47.11647],[-122.6982,47.116],[-122.6934,47.10277],[-122.69244,47.10068],[-122.69218,47.09921],[-122.69237,47.09797],[-122.69298,47.09641],[-122.69371,47.09583],[-122.69566,47.09525],[-122.69696,47.09425],[-122.69722,47.09374],[-122.69744,47.09194],[-122.69716,47.08961],[-122.6976,47.08881],[-122.69882,47.08826],[-122.70249,47.08755],[-122.70571,47.08631],[-122.70634,47.08632],[-122.70701,47.08601],[-122.70714,47.08565],[-122.70754,47.08533],[-122.70628,47.08371],[-122.70602,47.08295],[-122.70576,47.08274],[-122.7059,47.08207],[-122.70576,47.0816],[-122.70608,47.08073],[-122.70675,47.07988],[-122.70788,47.07886],[-122.70818,47.07807],[-122.70811,47.07761],[-122.70712,47.07626],[-122.70548,47.07481],[-122.70512,47.07432],[-122.70503,47.07358],[-122.70422,47.07206],[-122.70354,47.07132],[-122.70277,47.06989],[-122.70098,47.06867],[-122.7007,47.06828],[-122.70064,47.06783],[-122.70096,47.06687],[-122.70266,47.06619],[-122.70325,47.0654],[-122.7033,47.065],[-122.70314,47.06465],[-122.70259,47.06406],[-122.70135,47.06329],[-122.6988,47.06272],[-122.69611,47.06176],[-122.6957,47.06119],[-122.696,47.06038],[-122.69602,47.05983],[-122.69557,47.05941],[-122.69324,47.05878],[-122.69028,47.05769],[-122.6899,47.05741],[-122.68994,47.05682],[-122.69055,47.05601],[-122.69249,47.05388],[-122.69346,47.05304],[-122.69301,47.05278],[-122.68737,47.05212],[-122.68566,47.05157],[-122.68438,47.05071],[-122.68271,47.04907],[-122.68099,47.0471],[-122.67988,47.04546],[-122.67846,47.04434],[-122.67681,47.04265],[-122.67653,47.04075],[-122.67553,47.03827],[-122.67549,47.0372],[-122.67703,47.03514],[-122.67884,47.03358],[-122.67952,47.03276],[-122.68036,47.03055],[-122.67987,47.02819],[-122.6795,47.02764],[-122.67806,47.02694],[-122.6755,47.02611],[-122.67317,47.02468],[-122.67276,47.02419],[-122.67256,47.02363],[-122.67276,47.02301],[-122.67442,47.02061],[-122.67452,47.0198],[-122.67442,47.01909],[-122.67319,47.01665],[-122.6724,47.01541],[-122.67161,47.01485],[-122.66835,47.01417],[-122.66664,47.01362],[-122.66485,47.01177],[-122.66202,47.01073],[-122.65992,47.0103],[-122.65916,47.00994],[-122.65879,47.00955],[-122.65804,47.00746],[-122.65717,47.00678],[-122.65702,47.00614],[-122.65939,47.00434],[-122.65982,47.0037],[-122.65986,47.00322],[-122.65946,47.00293],[-122.65807,47.00279],[-122.65626,47.00327],[-122.65358,47.00506],[-122.65307,47.00641],[-122.65256,47.00713],[-122.65203,47.00737],[-122.65062,47.00732],[-122.6487,47.00655],[-122.64645,47.00394],[-122.64604,47.00366],[-122.64507,47.00332],[-122.64129,47.00269],[-122.63996,47.00206],[-122.63924,47.00144],[-122.63946,47.00099],[-122.64059,46.99988],[-122.63976,46.99891],[-122.63882,46.99842],[-122.63812,46.99821],[-122.63604,46.99827],[-122.63252,46.99923],[-122.63147,46.99917],[-122.631,46.99898],[-122.6303,46.99834],[-122.62984,46.9974],[-122.63015,46.99625],[-122.63048,46.99597],[-122.63044,46.99427],[-122.63073,46.99321],[-122.63084,46.99175],[-122.63074,46.9903],[-122.63106,46.9891],[-122.63152,46.98808],[-122.6322,46.98723],[-122.6342,46.98564],[-122.63669,46.98311],[-122.63818,46.98082],[-122.63855,46.97909],[-122.63821,46.97814],[-122.6374,46.9771],[-122.63526,46.97575],[-122.63503,46.97546],[-122.63314,46.97449],[-122.63124,46.9732],[-122.62912,46.97146],[-122.62736,46.97093],[-122.6261,46.97076],[-122.61986,46.97054],[-122.61885,46.9703],[-122.6116,46.96721],[-122.61109,46.96772],[-122.61127,46.96888],[-122.61045,46.97149],[-122.61135,46.97476],[-122.61142,46.97613],[-122.61105,46.9767],[-122.60945,46.97681],[-122.60548,46.97637],[-122.60441,46.97655],[-122.60358,46.97649],[-122.60122,46.97614],[-122.59847,46.97464],[-122.59599,46.97404],[-122.59009,46.97396],[-122.58764,46.97427],[-122.58539,46.9741],[-122.58452,46.97429],[-122.58271,46.97556],[-122.5816,46.97717],[-122.58103,46.97749],[-122.58005,46.9775],[-122.57877,46.97685],[-122.57779,46.97587],[-122.57641,46.97409],[-122.5755,46.9722],[-122.57544,46.97129],[-122.57618,46.97059],[-122.5769,46.97045],[-122.57831,46.97054],[-122.58002,46.97104],[-122.58277,46.9714],[-122.58462,46.97147],[-122.586,46.97114],[-122.58716,46.97042],[-122.5877,46.96964],[-122.58786,46.9691],[-122.58787,46.96861],[-122.58709,46.96676],[-122.58593,46.96618],[-122.58507,46.96605],[-122.5846,46.96613],[-122.58414,46.9664],[-122.58338,46.96745],[-122.58243,46.96817],[-122.5812,46.96855],[-122.58045,46.96859],[-122.57655,46.96749],[-122.57475,46.96673],[-122.57411,46.96604],[-122.57383,46.96493],[-122.57318,46.96441],[-122.57226,46.96423],[-122.57088,46.96446],[-122.56776,46.96625],[-122.56641,46.96674],[-122.56542,46.96666],[-122.56338,46.96594],[-122.5631,46.96534],[-122.56314,46.9644],[-122.56384,46.96383],[-122.56495,46.9634],[-122.56917,46.9627],[-122.57051,46.96218],[-122.57128,46.96171],[-122.57188,46.96105],[-122.57219,46.95962],[-122.57206,46.95907],[-122.57079,46.95659],[-122.56968,46.95386],[-122.56893,46.95114],[-122.56898,46.95053],[-122.56878,46.94964],[-122.56713,46.94823],[-122.56684,46.94758],[-122.56692,46.94609],[-122.56574,46.94315],[-122.56616,46.94144],[-122.5662,46.93983],[-122.56448,46.93674],[-122.56323,46.9353],[-122.56099,46.9337],[-122.55688,46.93196],[-122.55034,46.93071],[-122.54661,46.93081],[-122.54488,46.93039],[-122.54307,46.92944],[-122.54177,46.92902],[-122.53715,46.92777],[-122.53593,46.92725],[-122.53287,46.92659],[-122.5285,46.9253],[-122.52757,46.92469],[-122.527,46.92227],[-122.52519,46.91935],[-122.52379,46.91786],[-122.521,46.91581],[-122.51978,46.91538],[-122.51881,46.9153],[-122.51492,46.91559],[-122.51313,46.91553],[-122.51085,46.91509],[-122.50796,46.91419],[-122.50611,46.91339],[-122.50474,46.91228],[-122.4978,46.90884],[-122.49587,46.9068],[-122.49412,46.90522],[-122.49411,46.90468],[-122.49597,46.90375],[-122.49632,46.90341],[-122.49631,46.90193],[-122.49726,46.89938],[-122.49738,46.89801],[-122.49725,46.89715],[-122.49591,46.89384],[-122.49422,46.89246],[-122.49364,46.89092],[-122.49324,46.89055],[-122.49321,46.88998],[-122.49284,46.88903],[-122.49114,46.88811],[-122.49091,46.88742],[-122.49087,46.88649],[-122.49107,46.88506],[-122.4921,46.88235],[-122.49359,46.88003],[-122.49318,46.87987],[-122.49111,46.88024],[-122.49044,46.88015],[-122.48899,46.87978],[-122.48791,46.87894],[-122.48795,46.87809],[-122.48825,46.87743],[-122.4888,46.877],[-122.49072,46.87614],[-122.49117,46.87562],[-122.49141,46.87505],[-122.49162,46.87159],[-122.49133,46.86862],[-122.49089,46.86745],[-122.49004,46.86688],[-122.48784,46.86672],[-122.48662,46.86698],[-122.48661,46.86726],[-122.48584,46.86745],[-122.48549,46.86815],[-122.48436,46.86816],[-122.48231,46.86771],[-122.47934,46.86609],[-122.4762,46.86582],[-122.47541,46.86543],[-122.47496,46.86475],[-122.47529,46.86335],[-122.47519,46.86276],[-122.47463,46.86224],[-122.47384,46.86197],[-122.4726,46.86204],[-122.47149,46.86246],[-122.46931,46.86472],[-122.46887,46.8654],[-122.46821,46.8658],[-122.46733,46.866],[-122.46607,46.8659],[-122.45887,46.86405],[-122.45839,46.86385],[-122.45803,46.86332],[-122.45803,46.86297],[-122.45902,46.86123],[-122.45915,46.86054],[-122.45885,46.85913],[-122.4557,46.85677],[-122.45234,46.85355],[-122.45174,46.85265],[-122.45063,46.85251],[-122.44953,46.85285],[-122.44877,46.85336],[-122.44864,46.85395],[-122.44921,46.85448],[-122.44975,46.85475],[-122.44977,46.85527],[-122.44928,46.85579],[-122.44825,46.85638],[-122.447,46.85651],[-122.44601,46.85616],[-122.4439,46.85464],[-122.44373,46.85431],[-122.44382,46.85308],[-122.44329,46.85266],[-122.44255,46.85246],[-122.43985,46.85234],[-122.43772,46.85154],[-122.43518,46.85091],[-122.43384,46.85011],[-122.43244,46.85001],[-122.43014,46.85047],[-122.42703,46.85078],[-122.42641,46.85062],[-122.42314,46.84904],[-122.42279,46.84872],[-122.4222,46.84867],[-122.42136,46.84888],[-122.42022,46.84873],[-122.41883,46.84881],[-122.41805,46.84863],[-122.41733,46.84831],[-122.41697,46.84793],[-122.41747,46.84608],[-122.41731,46.84576],[-122.41661,46.8453],[-122.41296,46.84518],[-122.41132,46.84611],[-122.40805,46.84582],[-122.40781,46.84563],[-122.40805,46.84515],[-122.40921,46.84402],[-122.4095,46.84351],[-122.40921,46.84301],[-122.40833,46.84255],[-122.40694,46.84241],[-122.40598,46.84249],[-122.4017,46.84402],[-122.39901,46.84433],[-122.39421,46.84531],[-122.39068,46.84568],[-122.38895,46.84548],[-122.38854,46.84523],[-122.38825,46.84403],[-122.38557,46.84217],[-122.38487,46.84093],[-122.38381,46.84029],[-122.38297,46.83997],[-122.38078,46.83954],[-122.37852,46.83936],[-122.37808,46.83961],[-122.37675,46.84156],[-122.37553,46.84269],[-122.37492,46.8437],[-122.37401,46.84455],[-122.37281,46.84524],[-122.37119,46.84541],[-122.37025,46.84522],[-122.36971,46.84493],[-122.36857,46.84346],[-122.36635,46.84295],[-122.36453,46.84158],[-122.3641,46.84166],[-122.36373,46.8425],[-122.36336,46.84284],[-122.36218,46.84337],[-122.36092,46.84352],[-122.36042,46.8433],[-122.35991,46.84279],[-122.35963,46.84221],[-122.35747,46.83997],[-122.35599,46.83904],[-122.35205,46.83852],[-122.34988,46.83747],[-122.34682,46.83698],[-122.34422,46.83705],[-122.33826,46.83796],[-122.33414,46.8421],[-122.333,46.84262],[-122.3303,46.84345],[-122.32903,46.84407],[-122.32768,46.84434],[-122.32696,46.84388],[-122.32553,46.84245],[-122.32531,46.84181],[-122.32556,46.8414],[-122.32808,46.84039],[-122.32898,46.83982],[-122.32941,46.83936],[-122.32938,46.83891],[-122.32516,46.83632],[-122.32433,46.83526],[-122.32389,46.83437],[-122.32429,46.83394],[-122.32508,46.83349],[-122.32554,46.83282],[-122.32559,46.8321],[-122.32541,46.83127],[-122.32522,46.83067],[-122.32491,46.83034],[-122.32337,46.83004],[-122.32211,46.82924],[-122.32133,46.82894],[-122.31971,46.8289],[-122.31833,46.82833],[-122.31689,46.82852],[-122.31568,46.82925],[-122.31322,46.82938],[-122.31011,46.82986],[-122.3086,46.82979],[-122.30568,46.82916],[-122.30418,46.82858],[-122.30358,46.82812],[-122.30362,46.8271],[-122.30281,46.8256],[-122.30352,46.82389],[-122.30416,46.82283],[-122.30416,46.81525],[-122.3026,46.81114],[-122.30241,46.80992],[-122.30247,46.80902],[-122.30313,46.80827],[-122.30476,46.80754],[-122.30626,46.80631],[-122.30773,46.80311],[-122.30968,46.80156],[-122.3108,46.80014],[-122.31108,46.79951],[-122.31121,46.79822],[-122.31215,46.79702],[-122.31252,46.79597],[-122.31222,46.79489],[-122.31141,46.79321],[-122.30946,46.79124],[-122.309,46.78959],[-122.30847,46.78917],[-122.30773,46.78894],[-122.30558,46.78909],[-122.30398,46.78882],[-122.30246,46.78791],[-122.30115,46.78639],[-122.30044,46.78591],[-122.2991,46.78557],[-122.29752,46.78583],[-122.29623,46.78534],[-122.29543,46.78455],[-122.2943,46.78239],[-122.29304,46.7805],[-122.29164,46.77957],[-122.28889,46.77834],[-122.28775,46.77756],[-122.28703,46.77669],[-122.28576,46.7741],[-122.28441,46.77373],[-122.28368,46.77413],[-122.28236,46.77535],[-122.2809,46.77624],[-122.28009,46.77639],[-122.27942,46.77633],[-122.27821,46.77543],[-122.26955,46.76673],[-122.26889,46.76637],[-122.26759,46.7661],[-122.26615,46.76554],[-122.26355,46.76515],[-122.26248,46.7652],[-122.26187,46.7655],[-122.26164,46.76589],[-122.26161,46.76642],[-122.26207,46.76867],[-122.26194,46.76986],[-122.26111,46.7712],[-122.25953,46.77215],[-122.25801,46.77255],[-122.25685,46.77264],[-122.25174,46.77155],[-122.25053,46.77158],[-122.24974,46.77188],[-122.24925,46.77228],[-122.2488,46.7731],[-122.24853,46.77442],[-122.24764,46.77517],[-122.2467,46.7754],[-122.24446,46.77542],[-122.24062,46.77593],[-122.23905,46.77575],[-122.2382,46.77539],[-122.23772,46.77489],[-122.23735,46.77375],[-122.23624,46.77298],[-122.23341,46.77328],[-122.23267,46.77306],[-122.23158,46.77243],[-122.23055,46.77228],[-122.23018,46.77175],[-122.23018,46.77066],[-122.22987,46.7701],[-122.22851,46.76929],[-122.22737,46.76888],[-122.22574,46.76892],[-122.22274,46.7701],[-122.22154,46.77023],[-122.21976,46.76985],[-122.21803,46.76865],[-122.21683,46.7685],[-122.21589,46.76873],[-122.21328,46.76997],[-122.2122,46.77017],[-122.21112,46.77012],[-122.21027,46.76972],[-122.20968,46.76915],[-122.20866,46.76639],[-122.20808,46.76562],[-122.20688,46.76494],[-122.20468,46.76453],[-122.2037,46.76408],[-122.20316,46.76348],[-122.20277,46.76225],[-122.20198,46.76155],[-122.20017,46.76076],[-122.19656,46.76075],[-122.19599,46.76177],[-122.19281,46.76231],[-122.19169,46.76217],[-122.19011,46.76067],[-122.18874,46.75979],[-122.18536,46.75819],[-122.18195,46.75751],[-122.18043,46.75696],[-122.17896,46.75549],[-122.17788,46.7552],[-122.17653,46.7559],[-122.17478,46.75635],[-122.17339,46.75624],[-122.1715,46.75538],[-122.16986,46.75528],[-122.16871,46.75554],[-122.16686,46.757],[-122.16563,46.7574],[-122.16459,46.75745],[-122.15981,46.75642],[-122.15929,46.75611],[-122.15795,46.75434],[-122.1573,46.7538],[-122.15494,46.75349],[-122.15373,46.75397],[-122.15152,46.75409],[-122.14875,46.75306],[-122.14745,46.7528],[-122.14646,46.75311],[-122.14566,46.75416],[-122.14343,46.75437],[-122.14196,46.75403],[-122.14159,46.75407],[-122.1404,46.75475],[-122.13929,46.75473],[-122.13912,46.75473],[-122.1389,46.75428],[-122.13811,46.75348],[-122.13684,46.75329],[-122.13626,46.75288],[-122.13523,46.75261],[-122.13387,46.75295],[-122.13187,46.75438],[-122.13091,46.75464],[-122.12903,46.75466],[-122.12696,46.75375],[-122.12665,46.75333],[-122.12468,46.75248],[-122.1241,46.75165],[-122.12169,46.7513],[-122.1185,46.75022],[-122.11782,46.74957],[-122.11556,46.7489],[-122.11302,46.74911],[-122.11082,46.74908],[-122.11007,46.74933],[-122.10952,46.74979],[-122.1056,46.75039],[-122.1043,46.75044],[-122.10316,46.75076],[-122.10005,46.75115],[-122.09944,46.75113],[-122.09878,46.75086],[-122.09795,46.75005],[-122.0967,46.75],[-122.09407,46.7509],[-122.09276,46.75173],[-122.09217,46.75191],[-122.09062,46.75197],[-122.08877,46.75179],[-122.0839,46.75223],[-122.0823,46.75222],[-122.08114,46.752],[-122.07943,46.75133],[-122.07441,46.75048],[-122.07238,46.7493],[-122.07107,46.74876],[-122.06655,46.74767],[-122.06488,46.74687],[-122.06294,46.74717],[-122.06174,46.74894],[-122.06125,46.74922],[-122.0603,46.74919],[-122.05861,46.74817],[-122.05786,46.74741],[-122.05725,46.74721],[-122.05035,46.74664],[-122.04909,46.74609],[-122.04696,46.74481],[-122.04404,46.74387],[-122.0408,46.74236],[-122.03697,46.74296],[-122.03619,46.74352],[-122.0356,46.7437],[-122.035,46.74367],[-122.03344,46.74318],[-122.03161,46.74293],[-122.03094,46.74297],[-122.02861,46.74362],[-122.02781,46.74366],[-122.02625,46.74307],[-122.0247,46.74288],[-122.02418,46.74244],[-122.02341,46.74226],[-122.02279,46.74253],[-122.02211,46.74333],[-122.02172,46.7435],[-122.01854,46.74416],[-122.01806,46.74455],[-122.01778,46.74536],[-122.01794,46.74675],[-122.01748,46.74723],[-122.01585,46.74787],[-122.01551,46.74835],[-122.01469,46.74848],[-122.01267,46.74815],[-122.01203,46.7484],[-122.01118,46.7496],[-122.01116,46.75036],[-122.01099,46.75064],[-122.01075,46.75089],[-122.00966,46.75135],[-122.00908,46.75194],[-122.0081,46.75257],[-122.00686,46.75286],[-122.00245,46.75327],[-122.00223,46.75326],[-122.00068,46.75133],[-121.99972,46.75076],[-121.99768,46.75094],[-121.99645,46.75162],[-121.9953,46.75164],[-121.99419,46.75134],[-121.99444,46.74932],[-121.99477,46.74859],[-121.99445,46.74805],[-121.99363,46.7473],[-121.99298,46.74724],[-121.99185,46.74767],[-121.99084,46.7472],[-121.98753,46.74666],[-121.98427,46.74423],[-121.98157,46.74427],[-121.98117,46.74459],[-121.97864,46.74427],[-121.97397,46.74577],[-121.97268,46.74651],[-121.97226,46.74699],[-121.97168,46.74832],[-121.97022,46.74924],[-121.96953,46.74937],[-121.96708,46.7491],[-121.96543,46.74948],[-121.96518,46.74972],[-121.96402,46.75017],[-121.96329,46.75089],[-121.96263,46.75209],[-121.96282,46.75293],[-121.96275,46.75341],[-121.96215,46.75402],[-121.96094,46.75427],[-121.95944,46.75375],[-121.95884,46.754],[-121.95842,46.75455],[-121.95712,46.75504],[-121.95424,46.75502],[-121.95292,46.75467],[-121.95193,46.75355],[-121.95043,46.75291],[-121.94947,46.75286],[-121.94782,46.75312],[-121.94676,46.75271],[-121.94657,46.75212],[-121.94689,46.75104],[-121.94684,46.75055],[-121.94634,46.7502],[-121.94477,46.74992],[-121.94329,46.75012],[-121.94195,46.74906],[-121.93847,46.74781],[-121.93772,46.74774],[-121.93744,46.74662],[-121.9372,46.7464],[-121.93653,46.74621],[-121.93601,46.74515],[-121.93451,46.74445],[-121.9343,46.74411],[-121.93429,46.74353],[-121.93397,46.74316],[-121.93274,46.74277],[-121.93261,46.74211],[-121.93192,46.74171],[-121.9316,46.74133],[-121.93125,46.74037],[-121.93,46.73987],[-121.92943,46.73988],[-121.92865,46.74027],[-121.92736,46.74025],[-121.92587,46.73971],[-121.92538,46.73877],[-121.92429,46.73876],[-121.92285,46.73919],[-121.92141,46.73902],[-121.92054,46.73968],[-121.91965,46.73969],[-121.91709,46.73844],[-121.91611,46.73847],[-121.91487,46.7378],[-121.91414,46.73767],[-121.91301,46.73704],[-121.91233,46.73693],[-121.91016,46.7374],[-121.90772,46.73757],[-121.90593,46.73792],[-121.90204,46.73772],[-121.89959,46.73621],[-121.89598,46.73553],[-121.89389,46.73488],[-121.893,46.73442],[-121.89225,46.73363],[-121.89063,46.73344],[-121.88932,46.7329],[-121.88605,46.73265],[-121.8838,46.73284],[-121.88194,46.7328],[-121.88115,46.73262],[-121.87916,46.7331],[-121.87824,46.73279],[-121.87784,46.73211],[-121.87732,46.73169],[-121.875,46.73139],[-121.87332,46.73063],[-121.87139,46.73018],[-121.87044,46.73043],[-121.86965,46.73038],[-121.86744,46.72914],[-121.86691,46.72915],[-121.86596,46.72964],[-121.86509,46.72965],[-121.86273,46.72938],[-121.86142,46.72951],[-121.86079,46.72916],[-121.86002,46.72905],[-121.85932,46.72912],[-121.85854,46.72955],[-121.85583,46.72904],[-121.85497,46.72925],[-121.85454,46.73013],[-121.85404,46.73049],[-121.8536,46.73047],[-121.85052,46.72916],[-121.84827,46.72904],[-121.84508,46.72841],[-121.84257,46.72855],[-121.84189,46.72845],[-121.84084,46.72918],[-121.83934,46.72902],[-121.83835,46.72955],[-121.83694,46.72937],[-121.83475,46.72935],[-121.83271,46.72964],[-121.83176,46.73025],[-121.83168,46.73143],[-121.83125,46.73268],[-121.83095,46.73329],[-121.83038,46.73386],[-121.82983,46.7352],[-121.82592,46.73798],[-121.82441,46.7399],[-121.82365,46.74051],[-121.82345,46.74104],[-121.82242,46.74194],[-121.8222,46.74257],[-121.82041,46.74529],[-121.81915,46.74574],[-121.81824,46.74692],[-121.8174,46.74729],[-121.8143,46.74688],[-121.8138,46.74699],[-121.81319,46.74738],[-121.81194,46.74742],[-121.80993,46.74782],[-121.8084,46.74848],[-121.80802,46.74878],[-121.80768,46.74945],[-121.80639,46.75037],[-121.80409,46.75122],[-121.8034,46.75204],[-121.80339,46.75294],[-121.80395,46.75347],[-121.80424,46.7541],[-121.80523,46.75477],[-121.8054,46.75613],[-121.80402,46.75715],[-121.80267,46.75782],[-121.80221,46.75861],[-121.80151,46.75918],[-121.80119,46.75979],[-121.80015,46.76027],[-121.80001,46.76062],[-121.79892,46.76129],[-121.79834,46.76143],[-121.79766,46.76188],[-121.79663,46.76213],[-121.79596,46.76259],[-121.79545,46.76265],[-121.79471,46.76331],[-121.79397,46.76336],[-121.79357,46.7636],[-121.79094,46.76407],[-121.79031,46.76434],[-121.79022,46.76497],[-121.79038,46.76511],[-121.79045,46.76594],[-121.79031,46.76621],[-121.79044,46.76657],[-121.79002,46.76678],[-121.78991,46.76709],[-121.78916,46.76765],[-121.78922,46.76796],[-121.789,46.76843],[-121.78838,46.76884],[-121.7877,46.76982],[-121.78668,46.77005],[-121.78516,46.77096],[-121.78442,46.77166],[-121.78385,46.77261],[-121.78321,46.77267],[-121.78267,46.77305],[-121.782,46.77319],[-121.78128,46.7737],[-121.78107,46.77422],[-121.77857,46.7753],[-121.77828,46.77566],[-121.77792,46.77563],[-121.77757,46.77616],[-121.77704,46.77646],[-121.77566,46.77655],[-121.77517,46.77675],[-121.77436,46.77673],[-121.77346,46.77695],[-121.77328,46.77714],[-121.77279,46.77711],[-121.77234,46.77751],[-121.77083,46.77801],[-121.76989,46.77882],[-121.76773,46.77959],[-121.7671,46.78043],[-121.76453,46.7805],[-121.76416,46.78103],[-121.76257,46.78175],[-121.76149,46.78221],[-121.76027,46.78241],[-121.75984,46.78283],[-121.75914,46.78311],[-121.75859,46.78379],[-121.45522,46.7838],[-121.45552,46.78503],[-121.45545,46.78617],[-121.45451,46.78715],[-121.45335,46.78875],[-121.45282,46.78917],[-121.45168,46.78976],[-121.45023,46.79003],[-121.44898,46.79144],[-121.44846,46.79185],[-121.44748,46.79227],[-121.446,46.79195],[-121.44264,46.79258],[-121.44246,46.79282],[-121.44253,46.79299],[-121.44336,46.79387],[-121.44374,46.79456],[-121.44417,46.79486],[-121.44667,46.79592],[-121.44783,46.79679],[-121.44932,46.79749],[-121.44969,46.79808],[-121.44998,46.79963],[-121.45061,46.80058],[-121.45124,46.8008],[-121.45276,46.80091],[-121.45387,46.8013],[-121.4554,46.80244],[-121.45611,46.80389],[-121.45615,46.80489],[-121.45676,46.8053],[-121.45666,46.80682],[-121.45727,46.8074],[-121.45819,46.80781],[-121.45826,46.80807],[-121.45762,46.80914],[-121.45705,46.80971],[-121.45691,46.81013],[-121.457,46.81071],[-121.45788,46.81177],[-121.45819,46.81198],[-121.46074,46.81197],[-121.46185,46.8123],[-121.46245,46.81295],[-121.46344,46.81327],[-121.46402,46.81427],[-121.46458,46.81475],[-121.46623,46.81543],[-121.46965,46.81784],[-121.47183,46.81834],[-121.47219,46.8192],[-121.4738,46.81973],[-121.47444,46.82023],[-121.47438,46.82039],[-121.47127,46.8219],[-121.47127,46.82228],[-121.47242,46.82317],[-121.47126,46.82355],[-121.47089,46.82397],[-121.47047,46.82579],[-121.47017,46.8264],[-121.47139,46.8264],[-121.47119,46.82713],[-121.4747,46.8314],[-121.4842,46.83427],[-121.48544,46.84101],[-121.4909,46.84785],[-121.49554,46.85491],[-121.49734,46.86287],[-121.50753,46.8648],[-121.51517,46.87097],[-121.52303,46.87287],[-121.52028,46.87918],[-121.51326,46.88481],[-121.51424,46.89099],[-121.51044,46.89661],[-121.50284,46.90127],[-121.49699,46.90834],[-121.4917,46.90911],[-121.48965,46.91001],[-121.48813,46.91186],[-121.48495,46.91284],[-121.48366,46.91291],[-121.4821,46.91262],[-121.48089,46.91263],[-121.47824,46.91349],[-121.47652,46.9135],[-121.47538,46.91327],[-121.47452,46.91363],[-121.47369,46.91524],[-121.47257,46.91626],[-121.47017,46.91769],[-121.46798,46.91789],[-121.4672,46.91818],[-121.46641,46.919],[-121.46591,46.92017],[-121.46549,46.92044],[-121.46438,46.92077],[-121.46028,46.92146],[-121.45754,46.92269],[-121.45645,46.92358],[-121.45637,46.9241],[-121.45683,46.92616],[-121.45701,46.92798],[-121.45692,46.92826],[-121.45637,46.92871],[-121.45468,46.92902],[-121.45409,46.9294],[-121.45298,46.93084],[-121.45057,46.93284],[-121.44946,46.93435],[-121.44949,46.93532],[-121.44994,46.93614],[-121.45052,46.93885],[-121.45138,46.9404],[-121.45225,46.9413],[-121.45243,46.94186],[-121.45231,46.94279],[-121.45188,46.94374],[-121.45238,46.94477],[-121.45237,46.94528],[-121.45155,46.94695],[-121.4506,46.94783],[-121.45035,46.94835],[-121.45051,46.94878],[-121.4511,46.94945],[-121.45275,46.95089],[-121.45355,46.95246],[-121.45359,46.95373],[-121.45263,46.95571],[-121.45269,46.95652],[-121.45324,46.95699],[-121.45573,46.95799],[-121.45809,46.95964],[-121.45837,46.96001],[-121.45838,46.96057],[-121.45751,46.96299],[-121.45747,46.96364],[-121.45773,46.96404],[-121.45757,46.96424],[-121.45681,46.96428],[-121.45508,46.96478],[-121.45247,46.96693],[-121.45112,46.96759],[-121.44822,46.96965],[-121.44715,46.97017],[-121.44529,46.97069],[-121.44419,46.97205],[-121.4429,46.97228],[-121.44214,46.97294],[-121.44193,46.97347],[-121.44209,46.97426],[-121.4425,46.97455],[-121.4431,46.97435],[-121.4438,46.97466],[-121.44571,46.9775],[-121.44618,46.97834],[-121.44633,46.97971],[-121.44621,46.98005],[-121.44323,46.98065],[-121.44278,46.98105],[-121.44199,46.98228],[-121.44136,46.9827],[-121.43981,46.98294],[-121.43762,46.9842],[-121.43507,46.98447],[-121.43361,46.9848],[-121.43088,46.98668],[-121.42964,46.98714],[-121.42882,46.9871],[-121.42779,46.98788],[-121.42704,46.98808],[-121.42334,46.98819],[-121.42091,46.98858],[-121.42026,46.989],[-121.4198,46.9909],[-121.41925,46.99191],[-121.41808,46.99252],[-121.41653,46.99369],[-121.4135,46.99518],[-121.40912,46.99519],[-121.40709,46.99749],[-121.40646,46.99874],[-121.40636,46.99996],[-121.40647,47.00053],[-121.40865,47.0021],[-121.4093,47.00284],[-121.40957,47.00358],[-121.4094,47.00406],[-121.40866,47.00455],[-121.40782,47.00567],[-121.40616,47.00902],[-121.40604,47.00958],[-121.40639,47.01128],[-121.40619,47.01218],[-121.40574,47.0129],[-121.40488,47.01309],[-121.40451,47.01339],[-121.40446,47.01449],[-121.40428,47.01478],[-121.40172,47.01536],[-121.40053,47.01601],[-121.39664,47.01875],[-121.39615,47.01941],[-121.39598,47.02046],[-121.3948,47.02277],[-121.39474,47.02327],[-121.39536,47.0245],[-121.39657,47.02508],[-121.39703,47.02573],[-121.39709,47.02625],[-121.39658,47.02894],[-121.39664,47.02937],[-121.39749,47.03018],[-121.39937,47.03141],[-121.39975,47.03238],[-121.3998,47.03346],[-121.39882,47.03477],[-121.3976,47.03511],[-121.39702,47.03557],[-121.39588,47.03716],[-121.39354,47.03963],[-121.39337,47.04001],[-121.39358,47.04044],[-121.39349,47.04062],[-121.39263,47.04098],[-121.39156,47.04172],[-121.39057,47.04281],[-121.38889,47.04401],[-121.38843,47.04481],[-121.38634,47.0461],[-121.38624,47.04648],[-121.3866,47.048],[-121.38627,47.04892],[-121.38538,47.04941],[-121.38296,47.0496],[-121.38107,47.05037],[-121.3799,47.05126],[-121.37905,47.05253],[-121.37901,47.05297],[-121.37931,47.05387],[-121.37919,47.05404],[-121.37861,47.05436],[-121.37706,47.0546],[-121.37647,47.05485],[-121.37453,47.05609],[-121.37425,47.05644],[-121.37412,47.057],[-121.37423,47.05749],[-121.37486,47.05872],[-121.37633,47.06064],[-121.37678,47.06245],[-121.37677,47.06383],[-121.37658,47.06497],[-121.37627,47.06569],[-121.37526,47.06709],[-121.37508,47.06768],[-121.37512,47.06859],[-121.37566,47.06956],[-121.37584,47.07088],[-121.37576,47.07121],[-121.37515,47.07181],[-121.37515,47.0729],[-121.37583,47.07367],[-121.37887,47.07563],[-121.37962,47.07626],[-121.37982,47.07683],[-121.37973,47.07856],[-121.37983,47.07907],[-121.38193,47.08114],[-121.38262,47.08219],[-121.38311,47.08371],[-121.38362,47.08414],[-121.38331,47.08479],[-121.3818,47.08615],[-121.37996,47.08725],[-121.37929,47.08784],[-121.37762,47.08828],[-121.37677,47.0887],[-121.37713,47.08945],[-121.37689,47.08988],[-121.37761,47.09013],[-121.37897,47.0901],[-121.3797,47.09037],[-121.38117,47.09169],[-121.38201,47.09275],[-121.38277,47.09477],[-121.38341,47.09508],[-121.38546,47.09457],[-121.38626,47.09458],[-121.3869,47.09434],[-121.38712,47.09373],[-121.38824,47.09334],[-121.38885,47.09334],[-121.39105,47.09212],[-121.393,47.09202],[-121.39377,47.09243],[-121.39481,47.09414],[-121.39567,47.09485],[-121.39856,47.09592],[-121.39934,47.09639],[-121.40033,47.09726],[-121.40253,47.09801],[-121.40302,47.099],[-121.4028,47.09945],[-121.40115,47.10096],[-121.39976,47.10172],[-121.3997,47.10219],[-121.39986,47.10274],[-121.39904,47.10397],[-121.39906,47.1046],[-121.39954,47.10515],[-121.40194,47.10587],[-121.40281,47.10644],[-121.40329,47.10712],[-121.40329,47.10767],[-121.40371,47.10823],[-121.40432,47.10864],[-121.40473,47.11053],[-121.4061,47.11203],[-121.40654,47.11495],[-121.40695,47.11654],[-121.40808,47.1181],[-121.40739,47.1189],[-121.40624,47.12072],[-121.40544,47.12128],[-121.4027,47.12177],[-121.40242,47.12216],[-121.40134,47.12294],[-121.40056,47.12409],[-121.39972,47.12454],[-121.39969,47.12596],[-121.39915,47.12657],[-121.397,47.12783],[-121.39487,47.12867],[-121.39419,47.13084],[-121.39417,47.13224],[-121.39397,47.13276],[-121.39265,47.13301],[-121.39126,47.13299],[-121.38858,47.13354],[-121.38623,47.13447],[-121.38439,47.13546],[-121.38428,47.13581],[-121.38299,47.13657],[-121.38132,47.13725],[-121.37824,47.13721],[-121.37656,47.13749],[-121.37311,47.13819],[-121.36994,47.13923],[-121.36822,47.13959],[-121.36724,47.14007],[-121.36536,47.14149],[-121.36468,47.14176],[-121.36251,47.1415],[-121.36071,47.14075],[-121.3576,47.13999],[-121.35599,47.14001],[-121.35507,47.14043],[-121.3539,47.14054],[-121.35188,47.13939],[-121.35122,47.13863],[-121.35017,47.13813],[-121.34974,47.1376],[-121.34947,47.13757],[-121.34868,47.13799],[-121.34778,47.13801],[-121.34458,47.13717],[-121.34311,47.1359],[-121.34165,47.13563],[-121.3399,47.1357],[-121.33767,47.13487],[-121.33662,47.13411],[-121.33575,47.13313],[-121.3351,47.13268],[-121.33219,47.13332],[-121.32869,47.1335],[-121.32739,47.13338],[-121.32592,47.1336],[-121.32312,47.1345],[-121.32222,47.13504],[-121.32076,47.13529],[-121.31632,47.1339],[-121.31553,47.13384],[-121.31154,47.13603],[-121.30846,47.13662],[-121.306,47.13769],[-121.30452,47.13862],[-121.30341,47.13889],[-121.30276,47.13997],[-121.3022,47.14135],[-121.30208,47.14244],[-121.30124,47.14519],[-121.29958,47.14738],[-121.29876,47.14807],[-121.29755,47.14867],[-121.29869,47.14922],[-121.29933,47.14985],[-121.29943,47.15024],[-121.2992,47.15141],[-121.29936,47.1518],[-121.30112,47.15387],[-121.30186,47.15615],[-121.3045,47.15946],[-121.30525,47.16101],[-121.30601,47.162],[-121.30673,47.16233],[-121.31064,47.16327],[-121.3119,47.16404],[-121.3135,47.16594],[-121.31431,47.16806],[-121.31573,47.16997],[-121.31644,47.17152],[-121.31777,47.17298],[-121.31782,47.17408],[-121.31751,47.17466],[-121.31591,47.17609],[-121.31499,47.17728],[-121.31304,47.17836],[-121.31185,47.17954],[-121.31012,47.18243],[-121.31024,47.18333],[-121.30976,47.18453],[-121.30996,47.18526],[-121.30824,47.18584],[-121.30757,47.18683],[-121.3063,47.18771],[-121.30612,47.18802],[-121.30609,47.18891],[-121.30641,47.19032],[-121.30616,47.19099],[-121.30613,47.19169],[-121.30647,47.19276],[-121.30723,47.1941],[-121.30785,47.1948],[-121.30838,47.19612],[-121.31176,47.19968],[-121.31057,47.20059],[-121.30912,47.20298],[-121.3097,47.20444],[-121.31139,47.20529],[-121.31163,47.20557],[-121.31172,47.20606],[-121.31122,47.20717],[-121.3112,47.20766],[-121.31299,47.20809],[-121.31417,47.20883],[-121.31544,47.21005],[-121.31645,47.21147],[-121.317,47.21187],[-121.31787,47.2122],[-121.31976,47.21244],[-121.32108,47.21295],[-121.32401,47.21482],[-121.32511,47.21605],[-121.32626,47.21628],[-121.32825,47.21707],[-121.3308,47.21771],[-121.33523,47.21918],[-121.33601,47.21908],[-121.33771,47.21822],[-121.33848,47.21806],[-121.34047,47.21847],[-121.34228,47.21839],[-121.34445,47.21865],[-121.34594,47.21862],[-121.34744,47.21903],[-121.34848,47.21968],[-121.35004,47.2199],[-121.35102,47.2206],[-121.35201,47.22066],[-121.3534,47.22049],[-121.35417,47.22065],[-121.35549,47.22194],[-121.35595,47.22218],[-121.35965,47.22287],[-121.3617,47.22374],[-121.36492,47.22433],[-121.36513,47.22449],[-121.36517,47.22542],[-121.3657,47.22646],[-121.36557,47.22698],[-121.36514,47.22746],[-121.36416,47.22805],[-121.36346,47.2294],[-121.36184,47.23051],[-121.35863,47.23392],[-121.35837,47.23442],[-121.35847,47.23553],[-121.35888,47.23614],[-121.35838,47.23704],[-121.35849,47.23757],[-121.35914,47.23895],[-121.36074,47.2403],[-121.36075,47.24053],[-121.35948,47.24111],[-121.35596,47.24194],[-121.3525,47.24229],[-121.35177,47.24275],[-121.35116,47.24369],[-121.35058,47.24424],[-121.34869,47.24501],[-121.34737,47.24604],[-121.34654,47.24643],[-121.34208,47.24723],[-121.33983,47.24715],[-121.33926,47.24787],[-121.33893,47.24896],[-121.33812,47.25021],[-121.33777,47.25252],[-121.33755,47.2529],[-121.33705,47.25329],[-121.337,47.25348],[-121.3366,47.25368],[-121.33403,47.25421],[-121.33198,47.25742],[-121.33194,47.25877],[-121.33373,47.25942],[-121.33589,47.26063],[-121.33538,47.26286],[-121.33542,47.26354],[-121.33721,47.26509],[-121.33755,47.26573],[-121.33747,47.26649],[-121.33767,47.26737],[-121.33792,47.26774],[-121.33875,47.26832],[-121.33867,47.26881],[-121.33835,47.2693],[-121.33817,47.27026],[-121.33897,47.27195],[-121.33925,47.27336],[-121.33845,47.27529],[-121.33835,47.27597],[-121.33873,47.27637],[-121.34055,47.27734],[-121.34132,47.27798],[-121.34113,47.27948],[-121.3412,47.28126],[-121.34201,47.28205],[-121.3437,47.28265],[-121.34757,47.28282],[-121.34973,47.28313],[-121.35044,47.2835],[-121.35133,47.2846],[-121.35183,47.28459],[-121.35417,47.28383],[-121.35564,47.28414],[-121.35728,47.28482],[-121.35968,47.28553],[-121.3603,47.28597],[-121.36053,47.28642],[-121.36053,47.28766],[-121.36022,47.2897],[-121.36037,47.29084],[-121.36093,47.29159],[-121.36178,47.29193],[-121.36699,47.29093],[-121.36929,47.28902],[-121.37077,47.28833],[-121.37045,47.28757],[-121.36934,47.28668],[-121.3699,47.28559],[-121.37072,47.28519],[-121.3726,47.28497],[-121.37471,47.28527],[-121.3788,47.28633],[-121.38107,47.28584],[-121.38249,47.28591],[-121.38458,47.28508],[-121.38715,47.28602],[-121.39056,47.28604],[-121.39129,47.28627],[-121.39231,47.28692],[-121.39321,47.28784],[-121.39367,47.28856],[-121.3942,47.28877],[-121.39606,47.2887],[-121.39825,47.28889],[-121.40076,47.28878],[-121.40334,47.28846],[-121.40634,47.28904],[-121.40753,47.28966],[-121.40854,47.2892],[-121.40978,47.28922],[-121.41192,47.29009],[-121.41355,47.29166],[-121.41401,47.29249],[-121.41445,47.29286],[-121.41505,47.29323],[-121.4163,47.2935],[-121.41711,47.29329],[-121.41865,47.2916],[-121.41913,47.29084],[-121.41901,47.28914],[-121.41927,47.28826],[-121.41921,47.28695],[-121.41942,47.28673],[-121.41991,47.28668],[-121.42103,47.28696],[-121.42153,47.28726],[-121.42204,47.28786],[-121.4225,47.28805],[-121.42558,47.28835],[-121.42687,47.28873],[-121.42749,47.28908],[-121.42854,47.29],[-121.43022,47.29204],[-121.43085,47.29244],[-121.43225,47.29296],[-121.43285,47.29383],[-121.43278,47.29423],[-121.43098,47.29551],[-121.43067,47.29644],[-121.43176,47.29805],[-121.43207,47.29892],[-121.4326,47.30219],[-121.43257,47.30404],[-121.43243,47.30437],[-121.43268,47.30496],[-121.43317,47.3052],[-121.4346,47.30543],[-121.43498,47.30575],[-121.43531,47.30639],[-121.43621,47.30693],[-121.44053,47.3069],[-121.44361,47.3079],[-121.44448,47.30835],[-121.44533,47.30982],[-121.44529,47.3103],[-121.44498,47.31088],[-121.44162,47.31437],[-121.44087,47.31601],[-121.44025,47.31654],[-121.43845,47.31754],[-121.43858,47.31822],[-121.43906,47.31882],[-121.4395,47.31973],[-121.43993,47.3217],[-121.43991,47.32238],[-121.43933,47.32355],[-121.43865,47.32454],[-121.43743,47.32536],[-121.43717,47.32706],[-121.43653,47.32814],[-121.43608,47.32859],[-121.4352,47.32904],[-121.43157,47.32983],[-121.43143,47.33132],[-121.43044,47.33333],[-121.43036,47.33395],[-121.43051,47.33449],[-121.43139,47.33572],[-121.4322,47.33651],[-121.433,47.33791],[-121.43347,47.33844],[-121.43546,47.34018],[-121.43669,47.34087],[-121.43776,47.34204],[-121.43796,47.34234],[-121.43804,47.34317],[-121.43842,47.34373],[-121.44,47.34362],[-121.44112,47.3439],[-121.44329,47.34338],[-121.44383,47.34339],[-121.4469,47.34495],[-121.44756,47.34558],[-121.44827,47.34596],[-121.44863,47.34632],[-121.44922,47.34742],[-121.44975,47.34792],[-121.45195,47.34801],[-121.45473,47.34934],[-121.45607,47.34961],[-121.45694,47.35019],[-121.45843,47.35157],[-121.4603,47.35273],[-121.46081,47.35293],[-121.46213,47.3529],[-121.4629,47.35306],[-121.46406,47.35382],[-121.46423,47.35442],[-121.46335,47.35556],[-121.46312,47.35699],[-121.46138,47.3593],[-121.4615,47.36032],[-121.46126,47.36134],[-121.46148,47.36171],[-121.46278,47.36225],[-121.46346,47.36292],[-121.46424,47.36433],[-121.46579,47.36633],[-121.46595,47.36798],[-121.46456,47.3698],[-121.46419,47.37052],[-121.46215,47.3708],[-121.46121,47.37151],[-121.46077,47.37264],[-121.45898,47.37312],[-121.45743,47.37283],[-121.45535,47.37209],[-121.453,47.3718],[-121.45213,47.37194],[-121.44884,47.37315],[-121.44764,47.3732],[-121.44495,47.37378],[-121.44394,47.37382],[-121.44306,47.37368],[-121.44239,47.37336],[-121.44167,47.37223],[-121.44113,47.37194],[-121.43777,47.37185],[-121.43858,47.37329],[-121.44012,47.3749],[-121.44026,47.37572],[-121.44025,47.37788],[-121.44148,47.38059],[-121.44125,47.38427],[-121.44051,47.38577],[-121.44013,47.38599],[-121.43542,47.38671],[-121.43317,47.38689],[-121.43115,47.38679],[-121.43001,47.38698],[-121.42863,47.3883],[-121.4267,47.38915],[-121.4261,47.38985],[-121.4261,47.39197],[-121.42732,47.39296],[-121.42717,47.39525],[-121.42736,47.39574],[-121.42875,47.39684],[-121.43134,47.39837],[-121.4326,47.39894],[-121.43382,47.39911],[-121.43347,47.39941],[-121.43267,47.39957],[-121.43272,47.40052],[-121.43253,47.40105],[-121.43036,47.40317],[-121.42982,47.40335],[-121.42801,47.4026],[-121.42748,47.40257],[-121.42495,47.40474],[-121.4231,47.40557],[-121.42282,47.40599],[-121.42258,47.40716],[-121.42269,47.40791],[-121.42206,47.40891],[-121.4222,47.40959],[-121.42283,47.41075],[-121.4223,47.41297],[-121.42355,47.41516],[-121.4242,47.41576],[-121.42574,47.41605],[-121.42754,47.4159],[-121.42812,47.41602],[-121.42838,47.41623],[-121.42841,47.41667],[-121.42754,47.41925],[-121.42749,47.42049],[-121.42725,47.42085],[-121.42537,47.42168],[-121.42321,47.42225],[-121.42032,47.42229],[-121.4111,47.42338],[-121.41094,47.42436],[-121.41052,47.42535],[-121.40848,47.42794],[-121.40406,47.43077],[-121.40107,47.43202],[-121.39951,47.4323],[-121.39791,47.43189],[-121.397,47.43187],[-121.39401,47.43325],[-121.39232,47.43386],[-121.38963,47.43417],[-121.38748,47.43362],[-121.38597,47.43401],[-121.38525,47.43439],[-121.38371,47.4363],[-121.38272,47.43725],[-121.3818,47.43789],[-121.38145,47.43845],[-121.38167,47.43891],[-121.38327,47.44056],[-121.38371,47.44176],[-121.3847,47.44279],[-121.38479,47.44402],[-121.38527,47.44498],[-121.38407,47.44633],[-121.38214,47.44763],[-121.38071,47.44812],[-121.38057,47.44899],[-121.3791,47.45046],[-121.37854,47.45212],[-121.37926,47.45386],[-121.37926,47.4543],[-121.37595,47.45602],[-121.37489,47.45641],[-121.37208,47.45883],[-121.37136,47.4592],[-121.37061,47.46047],[-121.3693,47.46097],[-121.36774,47.46205],[-121.36619,47.46268],[-121.3647,47.46351],[-121.36446,47.46372],[-121.36392,47.46483],[-121.35888,47.46543],[-121.35801,47.46509],[-121.35665,47.46529],[-121.35399,47.46476],[-121.35244,47.46501],[-121.35152,47.46451],[-121.34973,47.46524],[-121.34812,47.46524],[-121.34668,47.4675],[-121.34588,47.4683],[-121.34479,47.46891],[-121.34332,47.47056],[-121.34229,47.47248],[-121.34207,47.47363],[-121.3416,47.47461],[-121.34073,47.47518],[-121.33902,47.47576],[-121.33867,47.47639],[-121.33776,47.47566],[-121.3374,47.47586],[-121.33732,47.47543],[-121.33709,47.47529],[-121.33552,47.47544],[-121.33434,47.47427],[-121.33199,47.47369],[-121.33079,47.4742],[-121.3288,47.47618],[-121.32555,47.47781],[-121.32508,47.47833],[-121.32455,47.47942],[-121.32374,47.47914],[-121.32265,47.4793],[-121.32155,47.47923],[-121.32065,47.47973],[-121.31976,47.47888],[-121.31937,47.47881],[-121.31849,47.47943],[-121.31773,47.47961],[-121.31684,47.47948],[-121.31622,47.47984],[-121.31583,47.47886],[-121.31523,47.4784],[-121.31502,47.47801],[-121.31468,47.47788],[-121.31371,47.47807],[-121.31204,47.47917],[-121.31154,47.4796],[-121.3113,47.48039],[-121.31152,47.4823],[-121.31117,47.48293],[-121.30849,47.48333],[-121.30778,47.48378],[-121.30666,47.485],[-121.30502,47.48536],[-121.3027,47.48631],[-121.30254,47.48692],[-121.3026,47.48821],[-121.30225,47.48908],[-121.30164,47.48994],[-121.30144,47.49103],[-121.30113,47.4916],[-121.30117,47.49201],[-121.30157,47.4927],[-121.30081,47.49381],[-121.30087,47.49435],[-121.30035,47.49584],[-121.29897,47.49672],[-121.2987,47.49759],[-121.29799,47.49842],[-121.29735,47.49874],[-121.29657,47.49985],[-121.29451,47.50114],[-121.29254,47.50183],[-121.29222,47.50209],[-121.29225,47.50318],[-121.2918,47.50409],[-121.29144,47.50458],[-121.2907,47.50481],[-121.29053,47.50504],[-121.29039,47.50642],[-121.29001,47.50698],[-121.29,47.5076],[-121.28875,47.50848],[-121.28847,47.50933],[-121.28865,47.51069],[-121.28919,47.5111],[-121.29131,47.51173],[-121.29177,47.51241],[-121.29195,47.51355],[-121.28762,47.51314],[-121.28651,47.5132],[-121.28559,47.51347],[-121.28404,47.51458],[-121.28339,47.51487],[-121.28332,47.51512],[-121.28423,47.51594],[-121.2852,47.51597],[-121.28553,47.51703],[-121.28485,47.51753],[-121.2832,47.51933],[-121.28207,47.5196],[-121.28091,47.52027],[-121.28039,47.52115],[-121.27942,47.52212],[-121.2793,47.52266],[-121.279,47.52294],[-121.2774,47.52304],[-121.27521,47.52273],[-121.27231,47.52292],[-121.27113,47.52331],[-121.26937,47.52362],[-121.26791,47.52341],[-121.26336,47.52342],[-121.26228,47.5236],[-121.26071,47.52474],[-121.26062,47.52669],[-121.25953,47.527],[-121.25934,47.52736],[-121.2583,47.52791],[-121.25802,47.52868],[-121.25696,47.5292],[-121.25687,47.52962],[-121.25718,47.53003],[-121.25719,47.53154],[-121.25693,47.53199],[-121.25616,47.53262],[-121.25593,47.53321],[-121.25562,47.53348],[-121.25479,47.5339],[-121.25439,47.53393],[-121.25356,47.53334],[-121.25279,47.53302],[-121.25236,47.53224],[-121.2516,47.53205],[-121.2511,47.53228],[-121.25005,47.53323],[-121.24881,47.53391],[-121.24751,47.5342],[-121.24709,47.53482],[-121.24607,47.53553],[-121.24534,47.53575],[-121.24384,47.53559],[-121.24264,47.536],[-121.24324,47.53689],[-121.24268,47.53746],[-121.24305,47.53831],[-121.24188,47.53841],[-121.24147,47.53894],[-121.24312,47.54049],[-121.24311,47.54103],[-121.24338,47.54163],[-121.24309,47.54251],[-121.24347,47.54296],[-121.24164,47.54324],[-121.24029,47.54404],[-121.23898,47.54414],[-121.23799,47.54446],[-121.23693,47.54427],[-121.23539,47.54465],[-121.23458,47.54564],[-121.23433,47.54679],[-121.23505,47.54745],[-121.2357,47.54847],[-121.23473,47.54879],[-121.2345,47.54917],[-121.23374,47.54971],[-121.23336,47.55057],[-121.23357,47.5513],[-121.23419,47.552],[-121.23389,47.5533],[-121.23406,47.55594],[-121.23394,47.55635],[-121.23345,47.55675],[-121.2325,47.55714],[-121.23221,47.55743],[-121.23203,47.55795],[-121.23212,47.5587],[-121.23239,47.55929],[-121.23298,47.56001],[-121.23302,47.56062],[-121.23207,47.56235],[-121.23024,47.56297],[-121.22966,47.564],[-121.22934,47.56515],[-121.2289,47.5656],[-121.22447,47.56728],[-121.22332,47.56747],[-121.22262,47.56775],[-121.22134,47.56782],[-121.21685,47.56977],[-121.21484,47.56887],[-121.21295,47.56882],[-121.21204,47.568],[-121.2101,47.56732],[-121.20896,47.56614],[-121.20854,47.56596],[-121.20703,47.56596],[-121.20438,47.56632],[-121.20187,47.56613],[-121.19816,47.56645],[-121.19624,47.56643],[-121.1947,47.56613],[-121.19068,47.56759],[-121.18862,47.56872],[-121.18831,47.56873],[-121.18704,47.56835],[-121.18594,47.56713],[-121.18407,47.56666],[-121.18276,47.56536],[-121.18074,47.56493],[-121.17985,47.56498],[-121.17788,47.56582],[-121.17663,47.5668],[-121.17656,47.56756],[-121.17671,47.56872],[-121.17708,47.56938],[-121.17702,47.56962],[-121.1754,47.57146],[-121.17531,47.57208],[-121.1751,47.57237],[-121.17253,47.57359],[-121.17178,47.57432],[-121.17084,47.57599],[-121.17041,47.57746],[-121.16985,47.57849],[-121.16987,47.57911],[-121.17015,47.57948],[-121.17216,47.58071],[-121.17298,47.58338],[-121.17178,47.58409],[-121.17105,47.58521],[-121.17075,47.58601],[-121.171,47.58729],[-121.17216,47.58888],[-121.17219,47.59023],[-121.17035,47.59021],[-121.16804,47.59065],[-121.16734,47.59095],[-121.16706,47.59168],[-121.16441,47.59252],[-121.16058,47.59275],[-121.15613,47.59367],[-121.15515,47.59414],[-121.15461,47.59517],[-121.15215,47.59558],[-121.15101,47.59539],[-121.14971,47.59433],[-121.14851,47.59372],[-121.14546,47.59324],[-121.14423,47.59233],[-121.14269,47.59199],[-121.14199,47.59199],[-121.14138,47.59234],[-121.14109,47.59299],[-121.14102,47.59401],[-121.14018,47.59425],[-121.13872,47.59562],[-121.13751,47.59574],[-121.13421,47.59539],[-121.1319,47.59417],[-121.12889,47.59306],[-121.12652,47.59265],[-121.12614,47.59243],[-121.12334,47.59215],[-121.12178,47.59149],[-121.11981,47.59133],[-121.11929,47.59174],[-121.11863,47.59535],[-121.11792,47.59676],[-121.11596,47.59794],[-121.11541,47.59733],[-121.11511,47.59724],[-121.11357,47.59729],[-121.1128,47.59813],[-121.11183,47.59873],[-121.11123,47.59946],[-121.11108,47.59991],[-121.11114,47.60067],[-121.11174,47.60234],[-121.1132,47.60348],[-121.11436,47.60365],[-121.1155,47.6041],[-121.11586,47.60443],[-121.11705,47.60654],[-121.11791,47.60721],[-121.11791,47.60809],[-121.11874,47.60894],[-121.11884,47.60997],[-121.11904,47.61043],[-121.12008,47.61152],[-121.12028,47.61282],[-121.12006,47.61398],[-121.11967,47.6149],[-121.12007,47.61568],[-121.11943,47.61589],[-121.11832,47.61658],[-121.11716,47.61679],[-121.11567,47.61737],[-121.11459,47.61751],[-121.11374,47.618],[-121.11329,47.61846],[-121.11311,47.61905],[-121.11379,47.62175],[-121.11411,47.62218],[-121.1147,47.62255],[-121.11498,47.623],[-121.11537,47.62321],[-121.11595,47.62408],[-121.11669,47.62426],[-121.11754,47.62487],[-121.11878,47.62698],[-121.12014,47.62738],[-121.12257,47.62703],[-121.12471,47.62743],[-121.12527,47.62813],[-121.12601,47.62983],[-121.12636,47.63006],[-121.12677,47.63143],[-121.12787,47.6321],[-121.12784,47.63243],[-121.12728,47.6329],[-121.1268,47.63406],[-121.12656,47.63663],[-121.12597,47.6374],[-121.12629,47.63762],[-121.12659,47.63844],[-121.1276,47.63895],[-121.12869,47.63983],[-121.12888,47.64054],[-121.13033,47.64308],[-121.13132,47.64447],[-121.1337,47.64561],[-121.13252,47.64823],[-121.13273,47.6498],[-121.13233,47.65037],[-121.13201,47.65066],[-121.13176,47.65066],[-121.13159,47.65097],[-121.13101,47.65312],[-121.13117,47.6535],[-121.131,47.65424],[-121.13188,47.65566],[-121.13052,47.6559],[-121.12857,47.6557],[-121.12626,47.6567],[-121.12563,47.65716],[-121.12468,47.6592],[-121.12493,47.66002],[-121.12481,47.66133],[-121.12414,47.66139],[-121.12382,47.6617],[-121.12318,47.66333],[-121.12352,47.66459],[-121.12554,47.66673],[-121.12566,47.66767],[-121.12608,47.66886],[-121.12653,47.66922],[-121.1274,47.6712],[-121.12891,47.67216],[-121.12929,47.67326],[-121.12882,47.67618],[-121.12754,47.67669],[-121.12657,47.67737],[-121.1265,47.67831],[-121.1261,47.67852],[-121.12522,47.67944],[-121.12368,47.68021],[-121.12312,47.68109],[-121.12309,47.68243],[-121.12274,47.68391],[-121.12183,47.68473],[-121.12158,47.68521],[-121.12057,47.68513],[-121.11895,47.68532],[-121.11412,47.68699],[-121.11301,47.68689],[-121.11262,47.68663],[-121.10917,47.68883],[-121.10828,47.68908],[-121.10752,47.68917],[-121.10698,47.68889],[-121.10551,47.68881],[-121.10407,47.68948],[-121.09926,47.69265],[-121.09831,47.69265],[-121.09728,47.69391],[-121.09461,47.69503],[-121.09412,47.6954],[-121.09275,47.69721],[-121.09172,47.69806],[-121.09089,47.69907],[-121.09092,47.70011],[-121.09136,47.70077],[-121.09143,47.70132],[-121.09096,47.70238],[-121.09029,47.70283],[-121.08955,47.70306],[-121.0883,47.70314],[-121.08627,47.70282],[-121.08443,47.70223],[-121.08354,47.70241],[-121.08194,47.70213],[-121.07937,47.70196],[-121.07853,47.70221],[-121.07817,47.70297],[-121.07734,47.70357],[-121.07499,47.70378],[-121.07272,47.70492],[-121.07123,47.70529],[-121.06871,47.70632],[-121.06712,47.70627],[-121.06636,47.70752],[-121.06631,47.70837],[-121.06594,47.70928],[-121.06626,47.71106],[-121.066,47.71251],[-121.06601,47.7136],[-121.0663,47.71417],[-121.06839,47.71583],[-121.06914,47.71671],[-121.06964,47.71765],[-121.06997,47.71783],[-121.07312,47.71916],[-121.0759,47.71944],[-121.07826,47.72001],[-121.08066,47.72127],[-121.08168,47.72157],[-121.08276,47.72248],[-121.08363,47.72274],[-121.08395,47.72307],[-121.08458,47.72423],[-121.08484,47.72525],[-121.08522,47.72599],[-121.08631,47.72754],[-121.08715,47.72823],[-121.08735,47.72863],[-121.08678,47.72908],[-121.08513,47.72957],[-121.08478,47.72991],[-121.08519,47.73128],[-121.08512,47.732],[-121.08494,47.7323],[-121.08361,47.7332],[-121.08229,47.73385],[-121.08152,47.73447],[-121.0811,47.73527],[-121.08077,47.73703],[-121.0797,47.73853],[-121.07898,47.73898],[-121.079,47.73919],[-121.08036,47.7404],[-121.08163,47.74257],[-121.08213,47.74302],[-121.08282,47.7434],[-121.08706,47.74453],[-121.0878,47.74486],[-121.08991,47.74632],[-121.08996,47.74716],[-121.09095,47.74868],[-121.09217,47.75163],[-121.09264,47.75309],[-121.09291,47.75581],[-121.09365,47.75701],[-121.09402,47.75818],[-121.0946,47.75843],[-121.0957,47.75823],[-121.09703,47.75873],[-121.09793,47.7588],[-121.0988,47.75911],[-121.09946,47.75879],[-121.10045,47.75774],[-121.10128,47.75714],[-121.1029,47.7569],[-121.10646,47.75681],[-121.10941,47.7572],[-121.11051,47.75783],[-121.11086,47.75842],[-121.11051,47.75977],[-121.1105,47.7616],[-121.10907,47.76453],[-121.10859,47.76473],[-121.1086,47.76564],[-121.1077,47.76668],[-121.10922,47.76676],[-121.11033,47.76753],[-121.11152,47.76875],[-121.11391,47.77025],[-121.11428,47.77169],[-121.11964,47.77602],[-121.1195,47.77699],[-121.1189,47.77756],[-121.1187,47.77801],[-121.11918,47.77993],[-121.1207,47.7826],[-121.12031,47.78428],[-121.11642,47.78684],[-121.11397,47.78721],[-121.11171,47.78776],[-121.1094,47.78972],[-121.10935,47.79277],[-121.10775,47.79367],[-121.10516,47.7957],[-121.10212,47.79673],[-121.09988,47.79713],[-121.09759,47.79847],[-121.09465,47.79939],[-121.09257,47.80073],[-121.09238,47.80513],[-121.08922,47.80591],[-121.08694,47.80696],[-121.0847,47.80771],[-121.08418,47.8098],[-121.08275,47.8118],[-121.08174,47.81601],[-121.07896,47.81837],[-121.07451,47.82284],[-121.07336,47.82497],[-121.07069,47.82662],[-121.07052,47.82801],[-121.07087,47.83018],[-121.07316,47.83046],[-121.07668,47.83164],[-121.07803,47.83356],[-121.08022,47.83412],[-121.08261,47.83368],[-121.08574,47.83275],[-121.08768,47.83253],[-121.09014,47.83268],[-121.09581,47.83269],[-121.09807,47.83127],[-121.10091,47.83091],[-121.10693,47.82897],[-121.11189,47.82946],[-121.11563,47.83021],[-121.11881,47.831],[-121.12124,47.83272],[-121.12128,47.83663],[-121.12372,47.8384],[-121.12599,47.83881],[-121.13048,47.83888],[-121.13341,47.83975],[-121.13434,47.84304],[-121.13692,47.8434],[-121.13925,47.84293],[-121.1469,47.84346],[-121.14982,47.844],[-121.15351,47.84531],[-121.1539,47.84671],[-121.15328,47.84927],[-121.15323,47.85105],[-121.15206,47.85297],[-121.14848,47.85596],[-121.14723,47.85753],[-121.14754,47.85899],[-121.14992,47.86182],[-121.15098,47.86384],[-121.15205,47.8667],[-121.15232,47.86895],[-121.15306,47.86994],[-121.15466,47.8714],[-121.15636,47.87327],[-121.15701,47.87422],[-121.15767,47.87564],[-121.15826,47.87636],[-121.15793,47.87759],[-121.15801,47.8789],[-121.15746,47.88023],[-121.15698,47.88195],[-121.15702,47.88222],[-121.15808,47.88215],[-121.15882,47.88191],[-121.15988,47.88107],[-121.16074,47.88061],[-121.16183,47.88034],[-121.16294,47.87942],[-121.16585,47.87935],[-121.1668,47.87959],[-121.16761,47.88043],[-121.16766,47.88134],[-121.16795,47.88187],[-121.16955,47.88315],[-121.17019,47.88337],[-121.17141,47.88346],[-121.17197,47.88411],[-121.17519,47.88562],[-121.17546,47.88651],[-121.1755,47.88768],[-121.17626,47.88906],[-121.1763,47.89198],[-121.17696,47.89397],[-121.17693,47.89462],[-121.17662,47.89514],[-121.17666,47.89536],[-121.17895,47.89627],[-121.18062,47.89798],[-121.1808,47.89849],[-121.18051,47.89929],[-121.17893,47.90112],[-121.17732,47.90387],[-121.17723,47.90421],[-121.17752,47.90501],[-121.17735,47.90546],[-121.1748,47.90722],[-121.17368,47.90826],[-121.1721,47.91075],[-121.17195,47.91167],[-121.17137,47.91218],[-121.17127,47.91272],[-121.17136,47.9133],[-121.17175,47.9139],[-121.17368,47.91535],[-121.17397,47.91536],[-121.17527,47.91602],[-121.17876,47.917],[-121.17927,47.91761],[-121.17951,47.91878],[-121.17899,47.91954],[-121.17682,47.92087],[-121.17359,47.92325],[-121.17049,47.9244],[-121.17129,47.92563],[-121.17156,47.92733],[-121.17274,47.92967],[-121.17306,47.9314],[-121.17298,47.93295],[-121.17279,47.9337],[-121.1722,47.93463],[-121.17202,47.93542],[-121.17114,47.93642],[-121.17048,47.93689],[-121.1693,47.93735],[-121.1674,47.9377],[-121.16641,47.93816],[-121.16595,47.93862],[-121.16382,47.94225],[-121.16218,47.94408],[-121.16192,47.94468],[-121.16178,47.94583],[-121.162,47.94897],[-121.16273,47.95069],[-121.16497,47.9545],[-121.16518,47.95539],[-121.16509,47.95621],[-121.16482,47.9567],[-121.16295,47.95815],[-121.15812,47.95958],[-121.1575,47.96055],[-121.15751,47.96087],[-121.15548,47.96209],[-121.15447,47.9634],[-121.15323,47.96418],[-121.153,47.96483],[-121.15287,47.96675],[-121.15205,47.96798],[-121.14969,47.96994],[-121.14855,47.97043],[-121.14843,47.97292],[-121.14879,47.9749],[-121.14852,47.97684],[-121.14876,47.97825],[-121.14844,47.97897],[-121.14784,47.97939],[-121.14759,47.98096],[-121.14728,47.9814],[-121.14657,47.98168],[-121.14377,47.98217],[-121.14114,47.98349],[-121.13851,47.98336],[-121.13671,47.98283],[-121.13594,47.98283],[-121.13543,47.98328],[-121.13516,47.98405],[-121.13512,47.98488],[-121.13488,47.98521],[-121.1321,47.98604],[-121.13057,47.9868],[-121.13003,47.98729],[-121.12919,47.98872],[-121.12815,47.98999],[-121.12617,47.99186],[-121.12481,47.99372],[-121.12394,47.99444],[-121.12294,47.99492],[-121.12225,47.99563],[-121.12129,47.99628],[-121.11962,47.99693],[-121.11818,47.9971],[-121.11772,47.9988],[-121.11799,48.00154],[-121.11872,48.00234],[-121.11897,48.00314],[-121.11874,48.00471],[-121.11792,48.006],[-121.11793,48.00628],[-121.11845,48.00676],[-121.12144,48.00778],[-121.12302,48.00869],[-121.12386,48.00957],[-121.12543,48.01052],[-121.12569,48.011],[-121.12594,48.01237],[-121.1264,48.01297],[-121.12724,48.01357],[-121.12851,48.01384],[-121.1287,48.01405],[-121.12879,48.01432],[-121.12851,48.01542],[-121.12886,48.01737],[-121.12895,48.01902],[-121.12922,48.01983],[-121.12968,48.02056],[-121.13011,48.02103],[-121.1311,48.02162],[-121.13394,48.02184],[-121.13467,48.02236],[-121.13534,48.02337],[-121.13601,48.02396],[-121.13973,48.02557],[-121.14613,48.02877],[-121.14819,48.0301],[-121.14858,48.03057],[-121.14873,48.03112],[-121.14828,48.03188],[-121.14828,48.0322],[-121.14844,48.03303],[-121.14897,48.03416],[-121.15062,48.03671],[-121.15326,48.03969],[-121.15343,48.04023],[-121.15336,48.04053],[-121.15263,48.04111],[-121.15028,48.04202],[-121.14516,48.0424],[-121.14421,48.04233],[-121.14314,48.04251],[-121.13827,48.04426],[-121.13308,48.04418],[-121.13163,48.04441],[-121.13096,48.04473],[-121.13052,48.04518],[-121.12898,48.04762],[-121.12821,48.04813],[-121.12457,48.04963],[-121.12197,48.05097],[-121.12043,48.05229],[-121.11974,48.05393],[-121.11751,48.05697],[-121.11598,48.05796],[-121.11485,48.05786],[-121.10985,48.05668],[-121.10837,48.05688],[-121.10696,48.05746],[-121.1052,48.05777],[-121.10421,48.05851],[-121.10224,48.0612],[-121.102,48.06176],[-121.10177,48.06176],[-121.1016,48.06267],[-121.10066,48.06317],[-121.09857,48.06376],[-121.09703,48.0644],[-121.09528,48.06468],[-121.09014,48.06494],[-121.08836,48.06425],[-121.08462,48.06193],[-121.08305,48.06156],[-121.08138,48.06175],[-121.08067,48.06254],[-121.07687,48.0644],[-121.07542,48.06528],[-121.0739,48.06666],[-121.07209,48.06768],[-121.067,48.06941],[-121.06459,48.07015],[-121.0628,48.07006],[-121.0576,48.07044],[-121.05411,48.07],[-121.05111,48.06994],[-121.04863,48.07022],[-121.04246,48.07287],[-121.04125,48.0727],[-121.03926,48.07436],[-121.03773,48.07506],[-121.03735,48.07581],[-121.03622,48.07684],[-121.03411,48.07761],[-121.03277,48.07781],[-121.03012,48.07814],[-121.02516,48.07817],[-121.01923,48.07617],[-121.01724,48.07517],[-121.01594,48.0748],[-121.01416,48.07639],[-121.01279,48.07737],[-121.01116,48.07918],[-121.0067,48.08018],[-121.00467,48.08143],[-121.00331,48.08372],[-121.00247,48.08473],[-120.99956,48.08719],[-120.99882,48.08826],[-120.99936,48.08972],[-120.99553,48.08917],[-120.993,48.08993],[-120.9883,48.09298],[-120.98733,48.09386],[-120.98654,48.09383],[-120.98476,48.09327],[-120.98309,48.09359],[-120.98131,48.09438],[-120.98045,48.09519],[-120.9803,48.09697],[-120.9804,48.0981],[-120.97779,48.10113],[-120.97612,48.10169],[-120.97221,48.10405],[-120.9714,48.10616],[-120.97248,48.10853],[-120.97124,48.10918],[-120.96885,48.10883],[-120.96754,48.10921],[-120.96661,48.10923],[-120.96374,48.10972],[-120.96013,48.10843],[-120.95795,48.10804],[-120.95616,48.10807],[-120.95473,48.10868],[-120.95295,48.11128],[-120.94876,48.11209],[-120.9471,48.11333],[-120.94631,48.11518],[-120.94695,48.11545],[-120.94906,48.11568],[-120.95159,48.11665],[-120.95263,48.11722],[-120.95344,48.11901],[-120.95539,48.12026],[-120.9561,48.12131],[-120.95673,48.12264],[-120.95655,48.12404],[-120.95572,48.12521],[-120.9569,48.1267],[-120.95828,48.1292],[-120.95943,48.12946],[-120.96156,48.13045],[-120.96313,48.13141],[-120.96472,48.1329],[-120.96522,48.13396],[-120.9642,48.13474],[-120.96375,48.13545],[-120.96427,48.13641],[-120.96438,48.13807],[-120.96562,48.14033],[-120.96442,48.14298],[-120.96216,48.14423],[-120.96033,48.14552],[-120.95818,48.14671],[-120.95595,48.1477],[-120.95524,48.14844],[-120.95564,48.1495],[-120.95557,48.15198],[-120.95397,48.15309],[-120.95314,48.15345],[-120.95138,48.15365],[-120.94842,48.15503],[-120.94579,48.15508],[-120.94353,48.15546],[-120.93983,48.15505],[-120.93827,48.15507],[-120.93664,48.15602],[-120.93322,48.15677],[-120.9332,48.15787],[-120.93425,48.1595],[-120.9333,48.16084],[-120.93194,48.16162],[-120.92994,48.16153],[-120.92704,48.16114],[-120.92339,48.16041],[-120.92144,48.16077],[-120.91982,48.16046],[-120.91748,48.15966],[-120.91524,48.15968],[-120.91276,48.16174],[-120.90742,48.16318],[-120.9074,48.16563],[-120.90982,48.17015],[-120.91003,48.17188],[-120.91054,48.17359],[-120.91537,48.17846],[-120.91736,48.17975],[-120.91952,48.18556],[-120.92059,48.18731],[-120.92054,48.18808],[-120.91948,48.18906],[-120.91927,48.19039],[-120.92132,48.19153],[-120.92554,48.19178],[-120.9287,48.19362],[-120.93266,48.19714],[-120.93532,48.19827],[-120.93675,48.19866],[-120.93788,48.19855],[-120.94242,48.2002],[-120.94703,48.20105],[-120.94844,48.20234],[-120.94845,48.2036],[-120.94924,48.20419],[-120.9498,48.20503],[-120.9498,48.20593],[-120.95158,48.20731],[-120.95231,48.20911],[-120.95525,48.20961],[-120.9567,48.20961],[-120.95738,48.21008],[-120.95873,48.2103],[-120.96094,48.2099],[-120.96352,48.21058],[-120.96477,48.21133],[-120.96491,48.21248],[-120.9654,48.21387],[-120.96552,48.21521],[-120.96504,48.21636],[-120.96575,48.21779],[-120.96527,48.21876],[-120.96359,48.22009],[-120.96303,48.22193],[-120.96186,48.22372],[-120.96208,48.225],[-120.96154,48.22575],[-120.96033,48.22637],[-120.95985,48.22777],[-120.96169,48.22946],[-120.96273,48.23017],[-120.96501,48.23065],[-120.96675,48.23214],[-120.96796,48.23289],[-120.9708,48.23402],[-120.97314,48.2353],[-120.97372,48.23653],[-120.97436,48.23876],[-120.97773,48.24203],[-120.97823,48.24393],[-120.98013,48.24547],[-120.98124,48.24666],[-120.98151,48.24874],[-120.98201,48.2506],[-120.98249,48.25134],[-120.9859,48.25361],[-120.99041,48.25563],[-120.99233,48.25724],[-120.99514,48.26039],[-120.99803,48.26169],[-120.99992,48.26294],[-121.00319,48.26702],[-121.00372,48.26712],[-121.00564,48.27008],[-121.00483,48.27072],[-121.00466,48.27116],[-121.0057,48.27221],[-121.00495,48.27266],[-121.00463,48.27323],[-121.00449,48.2739],[-121.00508,48.27431],[-121.00611,48.2743],[-121.00809,48.27577],[-121.00897,48.27689],[-121.01126,48.27819],[-121.01127,48.27893],[-121.01184,48.27932],[-121.01209,48.27991],[-121.01194,48.28049],[-121.01209,48.28088],[-121.01189,48.28125],[-121.01223,48.28157],[-121.01225,48.28185],[-121.01155,48.2835],[-121.01099,48.28385],[-121.01049,48.28386],[-121.00995,48.28409],[-121.00903,48.28476],[-121.00832,48.28495],[-121.00438,48.28537],[-121.0025,48.28626],[-121.00298,48.28689],[-121.00065,48.29053],[-121.00068,48.29448],[-121.00166,48.29601],[-121.24921,48.29611],[-121.40284,48.29595],[-121.48785,48.29608],[-121.53379,48.29642],[-121.55576,48.29694],[-121.56671,48.29738],[-121.57757,48.29736],[-121.5775,48.29897],[-121.57987,48.29879],[-121.6427,48.29847],[-121.66582,48.29858],[-121.68617,48.29899],[-121.74842,48.29895],[-121.81053,48.29842],[-121.8573,48.29748],[-121.87862,48.29776],[-121.94998,48.29739],[-122.11846,48.29787],[-122.14021,48.29781],[-122.16185,48.29723],[-122.18245,48.29725],[-122.19434,48.29767],[-122.24753,48.29744],[-122.29592,48.29766],[-122.33589,48.29752],[-122.40066,48.29776],[-122.4586,48.2977]]]},"properties":{"GEOID":"42660","NAME":"Seattle-Tacoma-Bellevue, WA Metro Area"}},{"type":"Feature","geometry":{"type":"Polygon","coordinates":[[[-114.43543,34.07973],[-114.43418,34.08738],[-114.43338,34.08841],[-114.42803,34.09279],[-114.42617,34.09704],[-114.4229,34.09966],[-114.4205,34.10347],[-114.41591,34.10764],[-114.41168,34.11003],[-114.40592,34.11147],[-114.40134,34.11164],[-114.39277,34.11053],[-114.39057,34.11008],[-114.38701,34.11173],[-114.38151,34.1149],[-114.37922,34.11599],[-114.37578,34.11665],[-114.37217,34.11696],[-114.36929,34.11752],[-114.36652,34.11858],[-114.36452,34.12001],[-114.3604,34.12358],[-114.35939,34.12502],[-114.35836,34.12762],[-114.35637,34.13043],[-114.35303,34.13312],[-114.35048,34.13411],[-114.34805,34.13446],[-114.33611,34.13403],[-114.33074,34.13511],[-114.32948,34.13564],[-114.32458,34.13676],[-114.32162,34.13809],[-114.32078,34.13863],[-114.31221,34.14478],[-114.31165,34.14538],[-114.31029,34.14756],[-114.3091,34.14877],[-114.3078,34.15057],[-114.30589,34.15266],[-114.3034,34.15494],[-114.30142,34.15712],[-114.29817,34.16032],[-114.29281,34.16672],[-114.28729,34.17053],[-114.28672,34.17071],[-114.27527,34.17215],[-114.26846,34.17018],[-114.25703,34.17284],[-114.25344,34.17413],[-114.24442,34.1794],[-114.24185,34.18188],[-114.24071,34.18323],[-114.23542,34.18512],[-114.22972,34.18693],[-114.22703,34.18887],[-114.22581,34.19124],[-114.22494,34.1939],[-114.22507,34.19681],[-114.22579,34.19924],[-114.22586,34.20177],[-114.22519,34.20364],[-114.22338,34.20514],[-114.21545,34.20896],[-114.21176,34.21154],[-114.20825,34.2155],[-114.19904,34.22341],[-114.19088,34.23086],[-114.17805,34.23997],[-114.1764,34.24151],[-114.17595,34.24269],[-114.17591,34.24559],[-114.17564,34.24617],[-114.1746,34.2473],[-114.17366,34.24771],[-114.16654,34.24965],[-114.16612,34.25001],[-114.16448,34.25167],[-114.16387,34.25335],[-114.16396,34.25538],[-114.16533,34.25849],[-114.16525,34.25913],[-114.16465,34.2597],[-114.16109,34.25925],[-114.15685,34.25841],[-114.15335,34.25829],[-114.14716,34.25956],[-114.14478,34.25962],[-114.14174,34.25908],[-114.13774,34.25813],[-114.13545,34.25789],[-114.13326,34.25846],[-114.13149,34.26039],[-114.13121,34.26273],[-114.13477,34.26896],[-114.13607,34.27233],[-114.13667,34.27438],[-114.13704,34.27702],[-114.13605,34.28083],[-114.13668,34.28394],[-114.13837,34.28856],[-114.13953,34.29584],[-114.13919,34.29807],[-114.13817,34.30094],[-114.13828,34.30323],[-114.14093,34.30592],[-114.14432,34.30828],[-114.14737,34.31087],[-114.14963,34.3121],[-114.15721,34.31786],[-114.15794,34.32028],[-114.16425,34.33082],[-114.16881,34.33951],[-114.17284,34.34498],[-114.17691,34.34931],[-114.18115,34.35219],[-114.18556,34.35439],[-114.19109,34.35613],[-114.19648,34.35919],[-114.19948,34.36137],[-114.21377,34.36246],[-114.21986,34.36397],[-114.22611,34.36592],[-114.22969,34.36891],[-114.23307,34.37501],[-114.23427,34.37666],[-114.23987,34.38143],[-114.24526,34.38566],[-114.24865,34.38811],[-114.25078,34.38929],[-114.25274,34.3901],[-114.25524,34.39219],[-114.25822,34.39505],[-114.26291,34.40037],[-114.26432,34.40133],[-114.26588,34.40202],[-114.26752,34.40249],[-114.27218,34.40296],[-114.28011,34.40315],[-114.28226,34.40364],[-114.2868,34.40534],[-114.28866,34.40662],[-114.29022,34.40829],[-114.29115,34.40978],[-114.29175,34.4111],[-114.29193,34.41205],[-114.2919,34.41623],[-114.29223,34.41761],[-114.29339,34.41952],[-114.29484,34.42139],[-114.30102,34.42681],[-114.30866,34.43048],[-114.31035,34.43169],[-114.31225,34.43273],[-114.31696,34.43506],[-114.31905,34.43583],[-114.32276,34.43672],[-114.32613,34.43725],[-114.32688,34.43805],[-114.33067,34.4453],[-114.33299,34.44808],[-114.33425,34.44933],[-114.33537,34.45004],[-114.33807,34.45112],[-114.33963,34.45143],[-114.34262,34.45144],[-114.34438,34.4512],[-114.34897,34.45017],[-114.35602,34.44974],[-114.3634,34.44777],[-114.37122,34.44699],[-114.37372,34.44694],[-114.37441,34.44711],[-114.37579,34.4478],[-114.37885,34.45038],[-114.38298,34.45397],[-114.3867,34.45791],[-114.38724,34.45918],[-114.38741,34.46049],[-114.38719,34.46202],[-114.38658,34.46382],[-114.38352,34.47041],[-114.38249,34.47312],[-114.3817,34.47604],[-114.38155,34.47788],[-114.38304,34.4889],[-114.38292,34.4915],[-114.38236,34.49576],[-114.3814,34.49925],[-114.37812,34.50729],[-114.37822,34.51652],[-114.38084,34.52972],[-114.3896,34.54298],[-114.39885,34.55915],[-114.40471,34.56859],[-114.40523,34.56964],[-114.42238,34.58071],[-114.43567,34.59384],[-114.43681,34.59607],[-114.43636,34.5968],[-114.4275,34.59923],[-114.42534,34.60084],[-114.42433,34.60234],[-114.4242,34.61045],[-114.42865,34.61464],[-114.43874,34.62146],[-114.43949,34.62586],[-114.4414,34.63017],[-114.44152,34.63153],[-114.44068,34.63474],[-114.44029,34.63824],[-114.44052,34.64007],[-114.44146,34.64253],[-114.44236,34.64415],[-114.44428,34.64654],[-114.44566,34.64754],[-114.44955,34.65142],[-114.45255,34.65349],[-114.45703,34.65627],[-114.45798,34.65711],[-114.45821,34.65799],[-114.45809,34.65869],[-114.4577,34.65933],[-114.45718,34.65999],[-114.45299,34.66283],[-114.45179,34.66389],[-114.45101,34.66491],[-114.45061,34.66579],[-114.45051,34.66684],[-114.45088,34.66782],[-114.45153,34.6686],[-114.45431,34.67123],[-114.4548,34.67232],[-114.45491,34.67309],[-114.45488,34.67564],[-114.45554,34.67734],[-114.45816,34.68116],[-114.46218,34.6858],[-114.46363,34.68794],[-114.46525,34.6912],[-114.46591,34.69319],[-114.46674,34.69682],[-114.46759,34.69941],[-114.46809,34.70179],[-114.46822,34.70331],[-114.46813,34.70445],[-114.46862,34.70757],[-114.46969,34.71],[-114.47048,34.71137],[-114.47162,34.71297],[-114.4726,34.71357],[-114.47368,34.71396],[-114.4773,34.71451],[-114.48067,34.71463],[-114.48278,34.71451],[-114.48476,34.7152],[-114.48751,34.71663],[-114.48929,34.72016],[-114.49097,34.72485],[-114.49202,34.7257],[-114.49586,34.72796],[-114.49901,34.7291],[-114.50079,34.73042],[-114.51029,34.73358],[-114.51418,34.73529],[-114.51662,34.73674],[-114.52105,34.74117],[-114.52207,34.74252],[-114.52262,34.74373],[-114.52561,34.747],[-114.52908,34.75001],[-114.52961,34.75082],[-114.53036,34.75138],[-114.53192,34.752],[-114.53592,34.75435],[-114.54031,34.75711],[-114.54688,34.7618],[-114.55009,34.76474],[-114.55268,34.76687],[-114.55865,34.77385],[-114.56398,34.7826],[-114.56475,34.78429],[-114.56518,34.78598],[-114.56628,34.7877],[-114.56938,34.79157],[-114.57101,34.79429],[-114.57185,34.79634],[-114.57329,34.80122],[-114.57447,34.80421],[-114.57469,34.80747],[-114.57645,34.8153],[-114.57868,34.82098],[-114.58113,34.82611],[-114.5822,34.82819],[-114.58359,34.83005],[-114.58684,34.83567],[-114.59234,34.84115],[-114.596,34.84404],[-114.60065,34.84736],[-114.60425,34.84957],[-114.60917,34.85172],[-114.61988,34.85687],[-114.62394,34.85974],[-114.62587,34.86137],[-114.63062,34.86636],[-114.63305,34.86997],[-114.63438,34.87289],[-114.63518,34.875],[-114.63677,34.88571],[-114.63672,34.88911],[-114.63543,34.89519],[-114.63452,34.89785],[-114.63185,34.90394],[-114.63088,34.90726],[-114.63055,34.91185],[-114.63154,34.91615],[-114.63247,34.91837],[-114.63324,34.92123],[-114.63325,34.92461],[-114.6322,34.93063],[-114.63104,34.93394],[-114.62975,34.93868],[-114.62977,34.94304],[-114.62981,34.94481],[-114.63168,34.95131],[-114.63427,34.95666],[-114.63495,34.95892],[-114.63524,34.96515],[-114.63461,34.96906],[-114.63241,34.97459],[-114.63084,34.97799],[-114.62991,34.98079],[-114.62939,34.98317],[-114.62913,34.98613],[-114.62944,34.99182],[-114.63024,34.99464],[-114.63181,34.99863],[-114.63267,34.99981],[-114.63349,35.00186],[-114.67852,35.03852],[-114.73156,35.08139],[-114.7656,35.10934],[-114.79734,35.13493],[-114.83571,35.16556],[-114.85393,35.17925],[-114.89539,35.21333],[-114.98437,35.28397],[-114.99467,35.29251],[-115.0677,35.34974],[-115.084,35.36339],[-115.09589,35.37179],[-115.10096,35.37568],[-115.16106,35.42396],[-115.1649,35.42787],[-115.21951,35.4711],[-115.25972,35.50354],[-115.26946,35.51117],[-115.28397,35.5222],[-115.32957,35.55851],[-115.39055,35.60655],[-115.40485,35.61802],[-115.40597,35.61858],[-115.40593,35.61877],[-115.41809,35.62839],[-115.55703,35.73768],[-115.64836,35.80921],[-115.66383,35.80924],[-115.69034,35.8088],[-115.73575,35.8091],[-115.73589,35.79362],[-115.84294,35.79363],[-115.85087,35.79378],[-115.86318,35.79354],[-115.89516,35.79381],[-116.0365,35.79356],[-116.05763,35.79397],[-116.05916,35.79371],[-116.06716,35.79369],[-116.07031,35.79347],[-116.15072,35.79361],[-116.20109,35.79347],[-116.21123,35.79329],[-116.25349,35.79355],[-116.27726,35.79339],[-116.34011,35.79399],[-116.42792,35.79438],[-116.4873,35.79474],[-116.50082,35.79496],[-116.6511,35.79543],[-116.7173,35.79536],[-116.80553,35.79553],[-116.95816,35.7954],[-116.98032,35.79554],[-117.11799,35.79524],[-117.12588,35.79566],[-117.21011,35.79518],[-117.23693,35.79522],[-117.25102,35.795],[-117.33474,35.79525],[-117.37589,35.79515],[-117.44509,35.79584],[-117.48974,35.79594],[-117.50089,35.7957],[-117.54229,35.79582],[-117.63428,35.79726],[-117.63446,35.75382],[-117.63431,35.70983],[-117.65214,35.70986],[-117.65218,35.68077],[-117.61652,35.68069],[-117.61652,35.65161],[-117.63435,35.65157],[-117.63439,35.62251],[-117.63425,35.60814],[-117.6346,35.59702],[-117.63472,35.59702],[-117.63483,35.59391],[-117.63474,35.58598],[-117.63447,35.5807],[-117.63461,35.56426],[-117.63008,35.56425],[-117.63004,35.52586],[-117.63032,35.48091],[-117.62969,35.46616],[-117.63022,35.45141],[-117.63366,35.45141],[-117.63373,35.43454],[-117.6313,35.41957],[-117.63247,35.40558],[-117.63186,35.39062],[-117.63113,35.36172],[-117.63137,35.33241],[-117.63137,35.28867],[-117.63086,35.22286],[-117.63121,35.20246],[-117.63129,35.15804],[-117.63119,35.12369],[-117.63088,35.0976],[-117.63329,35.09756],[-117.63291,35.08006],[-117.63284,35.03607],[-117.63223,34.99342],[-117.63262,34.98324],[-117.63234,34.95448],[-117.63183,34.85141],[-117.6318,34.83674],[-117.63215,34.82227],[-117.66746,34.82253],[-117.66716,34.75949],[-117.66728,34.73135],[-117.66692,34.63165],[-117.66712,34.55791],[-117.6604,34.55789],[-117.66014,34.51938],[-117.66025,34.51651],[-117.66011,34.51533],[-117.65976,34.45277],[-117.64637,34.28917],[-117.65894,34.23948],[-117.65911,34.23947],[-117.65901,34.23922],[-117.65926,34.23823],[-117.65947,34.23803],[-117.65936,34.23796],[-117.6602,34.2345],[-117.6785,34.16199],[-117.68171,34.15583],[-117.6868,34.13812],[-117.7049,34.09395],[-117.71648,34.06758],[-117.72736,34.03739],[-117.73012,34.02137],[-117.73585,34.01855],[-117.76766,34.02351],[-117.76765,34.01939],[-117.76705,34.01119],[-117.76753,34.00469],[-117.78503,34.00485],[-117.80254,33.97555],[-117.80244,33.96831],[-117.79367,33.96814],[-117.79355,33.95382],[-117.73809,33.91374],[-117.6793,33.87762],[-117.67305,33.87107],[-117.67313,33.871],[-117.67161,33.86937],[-117.67213,33.86917],[-117.6725,33.86943],[-117.67505,33.86872],[-117.67428,33.85796],[-117.66212,33.8575],[-117.63736,33.83077],[-117.60764,33.79773],[-117.58079,33.76948],[-117.58014,33.76799],[-117.57463,33.76646],[-117.56907,33.76457],[-117.5395,33.75819],[-117.53645,33.75767],[-117.53621,33.75312],[-117.53581,33.75002],[-117.53493,33.72434],[-117.53433,33.71484],[-117.5344,33.71282],[-117.53409,33.71255],[-117.534,33.71036],[-117.49712,33.70551],[-117.47457,33.70381],[-117.45798,33.69029],[-117.41903,33.66357],[-117.41299,33.65905],[-117.4139,33.65765],[-117.41866,33.65162],[-117.45811,33.60197],[-117.46121,33.59759],[-117.47555,33.57922],[-117.48766,33.56431],[-117.4967,33.55262],[-117.50116,33.54581],[-117.50624,33.5395],[-117.51021,33.534],[-117.50991,33.52055],[-117.50318,33.5204],[-117.50376,33.50895],[-117.50973,33.50906],[-117.50972,33.50518],[-117.4859,33.50505],[-117.45964,33.50534],[-117.4327,33.50538],[-117.39811,33.50527],[-117.36427,33.5049],[-117.3708,33.49066],[-117.35072,33.48406],[-117.24147,33.44882],[-117.24135,33.43193],[-117.1915,33.43223],[-117.16587,33.43257],[-117.13878,33.43259],[-117.1044,33.43026],[-117.06971,33.43021],[-117.06111,33.43037],[-117.05389,33.43009],[-117.03085,33.4299],[-117.03088,33.42687],[-116.99882,33.42696],[-116.98202,33.42742],[-116.86755,33.42683],[-116.79332,33.42695],[-116.75468,33.42716],[-116.71976,33.42757],[-116.70294,33.42754],[-116.68534,33.42729],[-116.63399,33.42713],[-116.61769,33.42744],[-116.5161,33.4271],[-116.4024,33.42751],[-116.37132,33.42731],[-116.29853,33.42745],[-116.26375,33.42815],[-116.1977,33.42891],[-116.12986,33.42611],[-116.11946,33.42628],[-116.08489,33.42632],[-116.0849,33.42593],[-116.05975,33.42598],[-116.05942,33.42612],[-116.04822,33.42605],[-116.04142,33.42621],[-115.99794,33.42627],[-115.99041,33.42653],[-115.87583,33.42646],[-115.83884,33.42705],[-115.71715,33.42692],[-115.68601,33.42719],[-115.68292,33.4274],[-115.62582,33.42711],[-115.60966,33.42687],[-115.46837,33.42699],[-115.46751,33.42699],[-115.46751,33.4284],[-115.36539,33.42802],[-115.25167,33.42821],[-115.24134,33.42856],[-115.22324,33.42847],[-115.12581,33.42905],[-115.10166,33.42827],[-115.0632,33.4281],[-115.05773,33.42863],[-115.03005,33.42861],[-115.0008,33.42942],[-114.8758,33.43028],[-114.83083,33.43009],[-114.83087,33.43371],[-114.74754,33.43381],[-114.71116,33.43357],[-114.69053,33.43374],[-114.62713,33.43355],[-114.62312,33.44475],[-114.62228,33.44756],[-114.62252,33.45088],[-114.6234,33.45449],[-114.62337,33.45526],[-114.62292,33.45656],[-114.61835,33.46271],[-114.61433,33.46732],[-114.61378,33.46905],[-114.61247,33.47077],[-114.60784,33.47483],[-114.6049,33.47843],[-114.6034,33.48063],[-114.60169,33.4814],[-114.59971,33.48432],[-114.59728,33.49065],[-114.59453,33.49506],[-114.59372,33.49593],[-114.59237,33.49868],[-114.58925,33.50181],[-114.58375,33.5049],[-114.58047,33.50647],[-114.57376,33.50754],[-114.57182,33.50817],[-114.56953,33.50922],[-114.56539,33.51298],[-114.56197,33.5156],[-114.56096,33.51674],[-114.56055,33.51827],[-114.56052,33.52114],[-114.56084,33.52433],[-114.5601,33.52666],[-114.55951,33.53072],[-114.5589,33.53182],[-114.55802,33.53259],[-114.54201,33.54248],[-114.5318,33.54786],[-114.5304,33.5501],[-114.52903,33.55071],[-114.526,33.55146],[-114.5246,33.55223],[-114.52422,33.55307],[-114.52439,33.55368],[-114.52676,33.55692],[-114.52683,33.55747],[-114.52822,33.55932],[-114.52887,33.55992],[-114.52941,33.56004],[-114.53161,33.5617],[-114.53233,33.56288],[-114.53319,33.56582],[-114.53429,33.56735],[-114.53596,33.56915],[-114.53678,33.57096],[-114.53722,33.57382],[-114.5378,33.57556],[-114.53898,33.57679],[-114.53976,33.57851],[-114.5403,33.58062],[-114.54065,33.58287],[-114.54047,33.58592],[-114.54011,33.58835],[-114.54066,33.58979],[-114.54062,33.59141],[-114.53749,33.5949],[-114.53678,33.59639],[-114.53471,33.5991],[-114.53105,33.60448],[-114.52919,33.60665],[-114.52678,33.60883],[-114.52399,33.60999],[-114.52207,33.61128],[-114.52184,33.61254],[-114.52237,33.61417],[-114.52738,33.61783],[-114.52858,33.61999],[-114.52908,33.62171],[-114.53121,33.62391],[-114.53103,33.62821],[-114.53031,33.62904],[-114.52906,33.62955],[-114.52637,33.63026],[-114.5238,33.6347],[-114.52539,33.64067],[-114.52955,33.64386],[-114.53321,33.64844],[-114.53319,33.65166],[-114.53216,33.65319],[-114.53058,33.65446],[-114.52516,33.65594],[-114.51834,33.65593],[-114.51456,33.65801],[-114.51406,33.66018],[-114.51534,33.66203],[-114.51711,33.66288],[-114.52067,33.66268],[-114.52644,33.66388],[-114.53027,33.66682],[-114.53212,33.6697],[-114.53152,33.67511],[-114.53035,33.67924],[-114.52778,33.68268],[-114.52396,33.68588],[-114.51911,33.68847],[-114.51241,33.69128],[-114.508,33.69202],[-114.50499,33.69302],[-114.5029,33.69426],[-114.49868,33.69587],[-114.49649,33.6969],[-114.49572,33.69845],[-114.49554,33.70151],[-114.49441,33.70539],[-114.4942,33.70792],[-114.49433,33.71063],[-114.4949,33.71443],[-114.49539,33.71639],[-114.49657,33.71915],[-114.49813,33.72063],[-114.50079,33.7222],[-114.50266,33.72458],[-114.50418,33.72805],[-114.5068,33.73052],[-114.5098,33.7318],[-114.51026,33.73215],[-114.51235,33.73421],[-114.51078,33.73757],[-114.50821,33.74159],[-114.506,33.74634],[-114.50448,33.751],[-114.50434,33.75638],[-114.50486,33.76047],[-114.50552,33.76319],[-114.50709,33.76793],[-114.50989,33.77376],[-114.512,33.77876],[-114.51429,33.78337],[-114.51522,33.78494],[-114.51673,33.78835],[-114.51894,33.7973],[-114.52156,33.80198],[-114.52281,33.80524],[-114.52468,33.80896],[-114.52719,33.81264],[-114.52766,33.81362],[-114.52805,33.81496],[-114.52789,33.81562],[-114.52716,33.81619],[-114.52463,33.81756],[-114.52271,33.81898],[-114.52073,33.82203],[-114.52015,33.82384],[-114.51997,33.82538],[-114.52046,33.82778],[-114.52341,33.83532],[-114.52554,33.83861],[-114.5296,33.84806],[-114.53011,33.8504],[-114.53021,33.85134],[-114.5301,33.85266],[-114.53061,33.85544],[-114.52988,33.85756],[-114.52707,33.85943],[-114.52567,33.86],[-114.52429,33.86013],[-114.52287,33.85996],[-114.519,33.85856],[-114.51681,33.85812],[-114.51563,33.85827],[-114.51467,33.85864],[-114.51398,33.859],[-114.51246,33.86069],[-114.51135,33.86157],[-114.50664,33.86348],[-114.50564,33.86428],[-114.50389,33.86575],[-114.5031,33.86717],[-114.50302,33.868],[-114.50307,33.86878],[-114.50386,33.87123],[-114.50382,33.87252],[-114.50339,33.87502],[-114.5038,33.87607],[-114.50434,33.87688],[-114.50807,33.87963],[-114.51014,33.88078],[-114.51377,33.8842],[-114.51866,33.88826],[-114.52277,33.89258],[-114.52363,33.89364],[-114.52481,33.89568],[-114.52525,33.89699],[-114.52575,33.8994],[-114.52587,33.90101],[-114.52569,33.90143],[-114.52505,33.90164],[-114.52429,33.90159],[-114.52294,33.90113],[-114.51932,33.89923],[-114.51634,33.89792],[-114.51499,33.89781],[-114.51371,33.89796],[-114.51238,33.89838],[-114.51094,33.8991],[-114.50968,33.89979],[-114.50871,33.90064],[-114.50799,33.90181],[-114.50785,33.90281],[-114.50792,33.90381],[-114.50856,33.9061],[-114.51151,33.91109],[-114.5145,33.91421],[-114.51843,33.91752],[-114.52339,33.92122],[-114.52536,33.92227],[-114.52839,33.92367],[-114.53111,33.92463],[-114.53415,33.92519],[-114.53495,33.9257],[-114.53575,33.92753],[-114.53585,33.9281],[-114.53568,33.93355],[-114.53548,33.93465],[-114.53446,33.93689],[-114.53367,33.93795],[-114.53057,33.94363],[-114.52868,33.94782],[-114.52635,33.95092],[-114.52273,33.95504],[-114.522,33.95562],[-114.5211,33.95606],[-114.51898,33.95681],[-114.51767,33.95759],[-114.51586,33.95811],[-114.51497,33.95815],[-114.51123,33.95704],[-114.51043,33.95704],[-114.50875,33.9575],[-114.50338,33.96012],[-114.50079,33.96157],[-114.49988,33.96179],[-114.49604,33.96589],[-114.49211,33.96937],[-114.4904,33.97062],[-114.48846,33.97283],[-114.48645,33.9744],[-114.48535,33.97493],[-114.48478,33.97552],[-114.4831,33.97775],[-114.48233,33.98018],[-114.48146,33.98126],[-114.4802,33.9822],[-114.47591,33.98442],[-114.47114,33.98804],[-114.47036,33.98897],[-114.46992,33.99006],[-114.46879,33.99188],[-114.46793,33.99288],[-114.46734,33.99323],[-114.46619,33.99346],[-114.46113,33.99354],[-114.46012,33.99389],[-114.45926,33.99471],[-114.45863,33.99556],[-114.45803,33.99716],[-114.45803,33.99782],[-114.45918,34.00002],[-114.46069,34.00113],[-114.46628,34.00388],[-114.46731,34.00519],[-114.4674,34.00745],[-114.4667,34.00944],[-114.46587,34.01099],[-114.46453,34.01198],[-114.46334,34.01226],[-114.45986,34.01184],[-114.45481,34.01097],[-114.45021,34.01257],[-114.44681,34.01421],[-114.44382,34.01618],[-114.44054,34.01933],[-114.43827,34.02261],[-114.43685,34.02602],[-114.43617,34.02808],[-114.43541,34.03302],[-114.43495,34.03778],[-114.4355,34.04257],[-114.43582,34.04373],[-114.4373,34.04755],[-114.4386,34.0502],[-114.43941,34.05381],[-114.43934,34.05789],[-114.43842,34.06702],[-114.43768,34.07194],[-114.43591,34.07749],[-114.43543,34.07973]]]},"properties":{"GEOID":"40140","NAME":"Riverside-San Bernardino-Ontario, CA Metro Area"}},{"type":"Feature","geometry":{"type":"MultiPolygon","coordinates":[[[[-106.24885,35.44328],[-106.24883,35.44574],[-106.24859,35.44569],[-106.24866,35.6529],[-106.25025,35.6529],[-106.25003,35.73931],[-106.25058,35.75631],[-106.25278,35.75515],[-106.25316,35.75454],[-106.25407,35.75427],[-106.25447,35.75723],[-106.25556,35.75885],[-106.25778,35.76966],[-106.25988,35.76976],[-106.26604,35.7795],[-106.28261,35.7919],[-106.29543,35.79625],[-106.29605,35.79725],[-106.29936,35.79726],[-106.32491,35.8071],[-106.33271,35.80697],[-106.33868,35.80797],[-106.34524,35.81219],[-106.35132,35.8138],[-106.35703,35.81637],[-106.35702,35.80697],[-106.35773,35.80719],[-106.35937,35.80947],[-106.35979,35.80981],[-106.3604,35.81002],[-106.36126,35.811],[-106.36199,35.81146],[-106.36247,35.81131],[-106.36291,35.81086],[-106.36382,35.81098],[-106.36452,35.8108],[-106.36519,35.81087],[-106.36596,35.81137],[-106.36633,35.81206],[-106.36758,35.81229],[-106.36813,35.81283],[-106.36992,35.8129],[-106.37037,35.81307],[-106.37263,35.81274],[-106.37407,35.81235],[-106.37506,35.81291],[-106.37523,35.81261],[-106.37532,35.81141],[-106.37558,35.81103],[-106.37629,35.81078],[-106.37657,35.81019],[-106.37701,35.80974],[-106.37882,35.80908],[-106.38007,35.80885],[-106.38236,35.80798],[-106.38446,35.80814],[-106.38643,35.80896],[-106.38735,35.80875],[-106.38861,35.80793],[-106.38912,35.80789],[-106.38978,35.80786],[-106.39119,35.80815],[-106.39168,35.80844],[-106.39239,35.8086],[-106.39411,35.80832],[-106.39513,35.80831],[-106.39625,35.80855],[-106.39832,35.80797],[-106.4007,35.80757],[-106.40301,35.808],[-106.40609,35.80927],[-106.40657,35.81029],[-106.40677,35.81042],[-106.40841,35.8101],[-106.41115,35.81086],[-106.41146,35.81117],[-106.41159,35.8123],[-106.41193,35.81268],[-106.41402,35.81335],[-106.41458,35.8148],[-106.41448,35.8154],[-106.41379,35.81649],[-106.41374,35.81718],[-106.41798,35.81843],[-106.41865,35.81922],[-106.41878,35.81999],[-106.41855,35.82074],[-106.4173,35.82183],[-106.41794,35.82246],[-106.4176,35.82361],[-106.41852,35.82425],[-106.41885,35.82548],[-106.41875,35.8256],[-106.41758,35.8254],[-106.4173,35.82551],[-106.41745,35.82589],[-106.41732,35.826],[-106.41759,35.82644],[-106.41728,35.82777],[-106.39963,35.82779],[-106.39971,35.94908],[-106.39947,35.95257],[-106.39947,35.96009],[-106.38582,35.95993],[-106.38612,35.95271],[-106.35003,35.95259],[-106.33395,35.95176],[-106.31544,35.95242],[-106.31682,35.95854],[-106.30016,35.95845],[-106.30036,35.96472],[-106.30037,35.97339],[-106.28242,35.97281],[-106.26424,35.97275],[-106.26422,35.96547],[-106.24816,35.96633],[-106.24663,35.9732],[-106.24716,35.9803],[-106.24716,36.00143],[-106.29533,36.00114],[-106.33467,36.00121],[-106.35143,36.00104],[-106.38156,36.0004],[-106.39084,36.00135],[-106.45346,36.00116],[-106.56103,36.00001],[-106.66939,35.9998],[-106.75938,35.99907],[-106.8413,35.99863],[-106.87559,35.9986],[-106.88532,35.99897],[-106.88533,36.07479],[-106.88597,36.10064],[-106.88583,36.11516],[-106.8861,36.12927],[-106.8859,36.15857],[-106.88499,36.17304],[-106.88505,36.21657],[-107.25341,36.21658],[-107.27131,36.2161],[-107.30462,36.21463],[-107.32256,36.21559],[-107.34042,36.2163],[-107.39331,36.21785],[-107.41106,36.21803],[-107.48262,36.21761],[-107.50049,36.21803],[-107.51849,36.2182],[-107.55375,36.21886],[-107.57139,36.2199],[-107.62428,36.21981],[-107.62437,36.17785],[-107.6247,36.1326],[-107.62616,36.0884],[-107.62651,36.00029],[-107.5374,36.00019],[-107.30867,35.99856],[-107.30862,35.87502],[-107.30846,35.87432],[-107.30858,35.86752],[-107.30871,35.74061],[-107.30842,35.68284],[-107.30835,35.58347],[-107.30786,35.58348],[-107.3078,35.52571],[-107.30803,35.52571],[-107.30802,35.52078],[-107.30781,35.50663],[-107.3069,35.47666],[-107.30612,35.41906],[-107.31034,35.41953],[-107.30939,35.30569],[-107.23889,35.30551],[-107.19724,35.21946],[-107.17446,35.17398],[-107.17085,35.1671],[-107.16926,35.16361],[-107.15154,35.12802],[-107.1499,35.12505],[-107.14397,35.11319],[-107.11953,35.0641],[-107.11054,35.04547],[-107.0842,34.99301],[-107.0762,34.97649],[-107.06656,34.95719],[-107.13297,34.95719],[-107.1515,34.95747],[-107.20288,34.95757],[-107.20268,34.90002],[-107.20282,34.87515],[-107.20301,34.86962],[-107.20304,34.81152],[-107.20331,34.79678],[-107.20397,34.70518],[-107.20438,34.6088],[-107.20197,34.60879],[-107.20174,34.57876],[-107.14938,34.57848],[-107.08091,34.57857],[-107.04459,34.57892],[-107.02673,34.57934],[-107.00881,34.57998],[-106.9743,34.58029],[-106.95752,34.58017],[-106.92137,34.58047],[-106.90442,34.58045],[-106.88687,34.57963],[-106.88281,34.57963],[-106.87557,34.57633],[-106.86684,34.57283],[-106.82875,34.55692],[-106.76828,34.53126],[-106.69298,34.51016],[-106.66088,34.50076],[-106.62566,34.49129],[-106.56171,34.47306],[-106.50462,34.457],[-106.45631,34.43705],[-106.43875,34.43748],[-106.41692,34.43969],[-106.41674,34.42375],[-106.41654,34.34753],[-106.41629,34.34676],[-106.41613,34.32865],[-106.41625,34.32552],[-106.41597,34.25982],[-106.27805,34.25998],[-106.0931,34.25993],[-106.05061,34.26012],[-105.95508,34.25988],[-105.85582,34.26008],[-105.79892,34.25993],[-105.57656,34.26006],[-105.4984,34.26001],[-105.49182,34.25977],[-105.48806,34.26005],[-105.47706,34.25993],[-105.45506,34.26011],[-105.36591,34.26],[-105.34915,34.26017],[-105.34832,34.26002],[-105.31322,34.26003],[-105.31311,34.29983],[-105.31298,34.30292],[-105.31307,34.3472],[-105.31271,34.35405],[-105.31301,34.36177],[-105.3127,34.50709],[-105.31276,34.60695],[-105.2904,34.60677],[-105.29013,34.72512],[-105.29048,34.75263],[-105.29036,34.79713],[-105.29057,34.88083],[-105.29131,34.95507],[-105.29085,34.95507],[-105.29079,35.04203],[-105.32619,35.04182],[-105.43544,35.04193],[-105.71442,35.0416],[-105.8003,35.04123],[-105.97765,35.04107],[-106.01478,35.04072],[-106.13855,35.04052],[-106.24397,35.04001],[-106.24384,35.04572],[-106.24383,35.10912],[-106.24359,35.12719],[-106.24362,35.15075],[-106.24377,35.15774],[-106.24368,35.17037],[-106.24348,35.1725],[-106.24422,35.21566],[-106.24566,35.25074],[-106.24563,35.30433],[-106.24895,35.30432],[-106.24885,35.44328]]],[[[-106.27698,35.85555],[-106.27703,35.85521],[-106.27094,35.85264],[-106.26574,35.85192],[-106.26532,35.85239],[-106.2632,35.8505],[-106.26346,35.84926],[-106.26342,35.84872],[-106.26289,35.84788],[-106.26101,35.84673],[-106.25683,35.84645],[-106.25578,35.8451],[-106.24929,35.8428],[-106.25058,35.84176],[-106.25058,35.84109],[-106.24826,35.83918],[-106.24834,35.85565],[-106.27698,35.85555]]]]},"properties":{"GEOID":"10740","NAME":"Albuquerque, NM Metro Area"}},{"type":"Feature","geometry":{"type":"Polygon","coordinates":[[[-76.67546,38.53588],[-76.6757,38.53651],[-76.6756,38.53732],[-76.67542,38.53799],[-76.67444,38.53992],[-76.67355,38.54289],[-76.67264,38.54682],[-76.67241,38.54889],[-76.67227,38.55285],[-76.6729,38.55465],[-76.67547,38.55882],[-76.67654,38.56258],[-76.67701,38.56345],[-76.67867,38.56555],[-76.67914,38.56673],[-76.67889,38.56795],[-76.67769,38.5699],[-76.67759,38.57104],[-76.6778,38.57237],[-76.67944,38.57604],[-76.68027,38.57853],[-76.6807,38.5805],[-76.67989,38.58363],[-76.67958,38.58417],[-76.67948,38.58521],[-76.67728,38.58957],[-76.67517,38.59211],[-76.67469,38.5933],[-76.67468,38.59438],[-76.67441,38.59573],[-76.6739,38.59691],[-76.67256,38.59927],[-76.67241,38.60063],[-76.6729,38.60191],[-76.67317,38.60331],[-76.67348,38.60725],[-76.67276,38.61246],[-76.67222,38.6144],[-76.67233,38.61753],[-76.67456,38.62137],[-76.67591,38.62306],[-76.67756,38.62623],[-76.67847,38.62732],[-76.67936,38.62795],[-76.68122,38.62873],[-76.68346,38.62913],[-76.68614,38.63018],[-76.69018,38.63304],[-76.69202,38.63493],[-76.69285,38.63644],[-76.69208,38.64405],[-76.69212,38.6466],[-76.69163,38.64851],[-76.68913,38.65125],[-76.68683,38.65303],[-76.68513,38.65477],[-76.68319,38.65881],[-76.68333,38.66118],[-76.68387,38.66217],[-76.68492,38.66303],[-76.68737,38.66379],[-76.69095,38.66403],[-76.69424,38.66384],[-76.69717,38.66466],[-76.69926,38.66577],[-76.70038,38.66702],[-76.701,38.66836],[-76.70067,38.67013],[-76.69926,38.67111],[-76.69296,38.67235],[-76.69046,38.67368],[-76.68742,38.67875],[-76.68698,38.68063],[-76.68715,38.68137],[-76.69332,38.68446],[-76.69549,38.68578],[-76.69743,38.6878],[-76.69843,38.69044],[-76.69853,38.69224],[-76.69793,38.69478],[-76.69601,38.69778],[-76.69498,38.70031],[-76.69495,38.70247],[-76.69599,38.70499],[-76.69774,38.70703],[-76.70093,38.70917],[-76.70179,38.71009],[-76.70196,38.71086],[-76.70121,38.71276],[-76.69915,38.71568],[-76.69359,38.72476],[-76.6937,38.72707],[-76.69555,38.73154],[-76.69571,38.73317],[-76.695,38.73507],[-76.69384,38.73591],[-76.68701,38.7359],[-76.68484,38.73675],[-76.68402,38.73835],[-76.68484,38.74376],[-76.68459,38.74586],[-76.68487,38.74693],[-76.68575,38.74801],[-76.68648,38.74857],[-76.69022,38.74891],[-76.69438,38.74888],[-76.69637,38.74943],[-76.69727,38.75012],[-76.69927,38.75341],[-76.6995,38.75412],[-76.69964,38.7572],[-76.69955,38.75934],[-76.70008,38.76619],[-76.70095,38.76875],[-76.70285,38.77007],[-76.70819,38.77316],[-76.71255,38.77491],[-76.71337,38.77571],[-76.71402,38.7769],[-76.7144,38.77909],[-76.71439,38.78076],[-76.71415,38.78166],[-76.71321,38.78338],[-76.71225,38.78436],[-76.71022,38.78493],[-76.70797,38.78521],[-76.70614,38.78566],[-76.70371,38.78684],[-76.70309,38.7873],[-76.7024,38.78794],[-76.70202,38.78875],[-76.70206,38.78973],[-76.70254,38.7904],[-76.70458,38.79144],[-76.70659,38.79271],[-76.70942,38.79513],[-76.71012,38.796],[-76.71071,38.79764],[-76.71068,38.79843],[-76.7098,38.80055],[-76.7084,38.80311],[-76.70806,38.80487],[-76.70833,38.8056],[-76.70891,38.80647],[-76.71087,38.80829],[-76.71146,38.80902],[-76.71197,38.81015],[-76.71235,38.81168],[-76.71231,38.81292],[-76.71207,38.814],[-76.71165,38.81478],[-76.71064,38.81569],[-76.70886,38.81639],[-76.70812,38.81642],[-76.70687,38.81573],[-76.70502,38.81523],[-76.70384,38.81513],[-76.70177,38.81554],[-76.69783,38.81795],[-76.69697,38.81878],[-76.69688,38.82061],[-76.69637,38.82272],[-76.69752,38.82569],[-76.69781,38.82878],[-76.69817,38.82987],[-76.69917,38.83171],[-76.69936,38.83278],[-76.69896,38.83456],[-76.69972,38.83678],[-76.69957,38.83827],[-76.69909,38.83991],[-76.69846,38.84139],[-76.69827,38.84303],[-76.69655,38.84716],[-76.69365,38.84972],[-76.69235,38.8515],[-76.69117,38.8544],[-76.69096,38.85498],[-76.69103,38.85551],[-76.69212,38.85713],[-76.69221,38.85764],[-76.69187,38.85921],[-76.69153,38.8598],[-76.68841,38.86435],[-76.68316,38.86672],[-76.68252,38.86734],[-76.68222,38.86844],[-76.68185,38.86909],[-76.68065,38.87057],[-76.68082,38.87175],[-76.68066,38.87228],[-76.67993,38.87287],[-76.67826,38.87351],[-76.67678,38.87549],[-76.67634,38.87695],[-76.67615,38.88001],[-76.67541,38.88173],[-76.67538,38.88228],[-76.67582,38.88261],[-76.67594,38.88296],[-76.6759,38.88367],[-76.67536,38.88457],[-76.6755,38.88543],[-76.67524,38.88566],[-76.67367,38.88582],[-76.67257,38.88632],[-76.67214,38.88663],[-76.67179,38.88757],[-76.67215,38.88804],[-76.67322,38.8885],[-76.67498,38.89023],[-76.6763,38.89191],[-76.67615,38.89289],[-76.67626,38.89595],[-76.67588,38.89654],[-76.67511,38.89713],[-76.67428,38.89745],[-76.67302,38.8988],[-76.67151,38.89942],[-76.67158,38.90044],[-76.67108,38.90068],[-76.67138,38.90107],[-76.67137,38.90153],[-76.67075,38.90191],[-76.67021,38.90248],[-76.66957,38.90368],[-76.66964,38.90524],[-76.66997,38.90652],[-76.67033,38.90727],[-76.67061,38.90738],[-76.67161,38.90695],[-76.67258,38.90712],[-76.67472,38.90895],[-76.67682,38.90931],[-76.67852,38.91054],[-76.67861,38.91175],[-76.67805,38.91228],[-76.67794,38.91371],[-76.67806,38.91419],[-76.67889,38.91537],[-76.67901,38.91608],[-76.67937,38.91651],[-76.68059,38.91669],[-76.68235,38.91863],[-76.6832,38.91908],[-76.684,38.9191],[-76.68438,38.91895],[-76.6847,38.91874],[-76.68535,38.91782],[-76.6862,38.91796],[-76.68651,38.91816],[-76.68718,38.91946],[-76.68923,38.92156],[-76.69059,38.92346],[-76.69072,38.92447],[-76.69033,38.92488],[-76.6893,38.92519],[-76.68776,38.92519],[-76.68563,38.92556],[-76.68312,38.9263],[-76.68283,38.92652],[-76.68138,38.92935],[-76.68142,38.93127],[-76.68161,38.93182],[-76.6818,38.93192],[-76.68369,38.93196],[-76.68603,38.93306],[-76.6886,38.93347],[-76.68994,38.93395],[-76.69116,38.93486],[-76.69216,38.93628],[-76.69241,38.93759],[-76.69109,38.93987],[-76.69102,38.94084],[-76.69117,38.94158],[-76.69294,38.94383],[-76.69348,38.94422],[-76.69543,38.94822],[-76.69509,38.94894],[-76.69442,38.94947],[-76.694,38.95005],[-76.69333,38.95193],[-76.69335,38.95294],[-76.69392,38.95503],[-76.69398,38.95637],[-76.69418,38.9568],[-76.69528,38.95804],[-76.69538,38.95874],[-76.69518,38.95945],[-76.69595,38.95963],[-76.6963,38.96059],[-76.69847,38.96202],[-76.69898,38.96268],[-76.69907,38.9637],[-76.69876,38.96624],[-76.69885,38.96666],[-76.69915,38.96698],[-76.69907,38.96849],[-76.69926,38.96891],[-76.69942,38.96906],[-76.70073,38.96928],[-76.7014,38.96988],[-76.70229,38.97013],[-76.70374,38.97152],[-76.70397,38.97227],[-76.70396,38.97298],[-76.70375,38.97315],[-76.70233,38.97338],[-76.70176,38.97368],[-76.70146,38.97491],[-76.70103,38.97572],[-76.70113,38.97635],[-76.7021,38.97664],[-76.70245,38.97696],[-76.70257,38.9776],[-76.70246,38.97947],[-76.70218,38.97983],[-76.69887,38.98121],[-76.69807,38.98237],[-76.69799,38.98284],[-76.69817,38.98349],[-76.70011,38.98486],[-76.70114,38.98535],[-76.70226,38.98648],[-76.7026,38.98718],[-76.70426,38.98772],[-76.70484,38.98842],[-76.70573,38.98892],[-76.7061,38.98952],[-76.70612,38.99039],[-76.70669,38.99041],[-76.70757,38.99123],[-76.70839,38.99146],[-76.70869,38.99199],[-76.7089,38.99341],[-76.7116,38.99543],[-76.71194,38.99543],[-76.71243,38.99487],[-76.71313,38.99484],[-76.71484,38.996],[-76.71607,38.9973],[-76.7178,38.99766],[-76.71913,38.99878],[-76.72103,38.99966],[-76.72183,38.99969],[-76.72351,38.99917],[-76.72561,38.99895],[-76.72591,38.99922],[-76.72596,39.00011],[-76.72458,39.00329],[-76.724,39.00417],[-76.72401,39.0044],[-76.72507,39.00501],[-76.72546,39.00592],[-76.72775,39.00725],[-76.7283,39.00736],[-76.72882,39.00735],[-76.7291,39.00683],[-76.7304,39.00647],[-76.73199,39.00705],[-76.73261,39.00709],[-76.73287,39.00686],[-76.73328,39.00682],[-76.7336,39.00706],[-76.73379,39.00754],[-76.73458,39.00785],[-76.73469,39.00846],[-76.73495,39.0086],[-76.73532,39.00919],[-76.73601,39.01062],[-76.73644,39.01086],[-76.73645,39.01122],[-76.73753,39.01229],[-76.73811,39.01254],[-76.73985,39.01261],[-76.74038,39.01287],[-76.74079,39.01349],[-76.74085,39.0146],[-76.74147,39.01479],[-76.74279,39.0157],[-76.74306,39.0166],[-76.74452,39.01712],[-76.74463,39.01739],[-76.74418,39.01829],[-76.7436,39.01887],[-76.74278,39.02047],[-76.74303,39.02326],[-76.74313,39.0237],[-76.74362,39.02429],[-76.74375,39.02514],[-76.74404,39.02559],[-76.74477,39.02617],[-76.74554,39.02768],[-76.7463,39.02858],[-76.74702,39.02889],[-76.74806,39.02892],[-76.74969,39.02978],[-76.74992,39.03],[-76.74995,39.03054],[-76.75026,39.0308],[-76.75001,39.03136],[-76.74888,39.03203],[-76.74787,39.03316],[-76.74765,39.03342],[-76.74773,39.03365],[-76.74954,39.03442],[-76.75188,39.03492],[-76.75253,39.03614],[-76.75349,39.0363],[-76.75369,39.03693],[-76.75402,39.03711],[-76.75531,39.03718],[-76.75557,39.0376],[-76.75583,39.03772],[-76.75727,39.03776],[-76.75783,39.03757],[-76.76089,39.03557],[-76.76222,39.03517],[-76.76235,39.03526],[-76.76231,39.03562],[-76.76274,39.03593],[-76.76297,39.03639],[-76.76382,39.03682],[-76.76445,39.03762],[-76.764,39.03814],[-76.76404,39.03878],[-76.76539,39.04043],[-76.76601,39.04037],[-76.76711,39.03907],[-76.76814,39.0389],[-76.769,39.03895],[-76.76915,39.03896],[-76.76945,39.03964],[-76.77009,39.03997],[-76.77002,39.04056],[-76.77029,39.04087],[-76.77158,39.04105],[-76.77319,39.04071],[-76.77405,39.041],[-76.77496,39.04206],[-76.77504,39.04234],[-76.77374,39.04382],[-76.77412,39.04437],[-76.77487,39.04487],[-76.77558,39.04455],[-76.77662,39.04454],[-76.77692,39.04478],[-76.77651,39.04509],[-76.77653,39.04531],[-76.77771,39.04537],[-76.77879,39.04522],[-76.78006,39.04585],[-76.78127,39.04604],[-76.78247,39.04599],[-76.78393,39.04625],[-76.78422,39.04611],[-76.78454,39.04525],[-76.78493,39.04497],[-76.78647,39.0449],[-76.78699,39.04466],[-76.78759,39.04463],[-76.78827,39.04506],[-76.78949,39.045],[-76.79078,39.04574],[-76.79235,39.046],[-76.79262,39.04618],[-76.79312,39.04702],[-76.79312,39.04749],[-76.7936,39.04904],[-76.79356,39.04949],[-76.79326,39.05015],[-76.79371,39.05122],[-76.79385,39.05207],[-76.79449,39.05272],[-76.79451,39.05325],[-76.79505,39.05336],[-76.79504,39.05368],[-76.79571,39.05457],[-76.79652,39.05483],[-76.79721,39.05476],[-76.80046,39.05527],[-76.80139,39.05588],[-76.80169,39.0564],[-76.80192,39.05732],[-76.80203,39.05935],[-76.80228,39.06004],[-76.80356,39.06142],[-76.80374,39.06217],[-76.80423,39.06263],[-76.80452,39.06267],[-76.80605,39.06189],[-76.80705,39.06179],[-76.80807,39.06123],[-76.81005,39.06093],[-76.81136,39.06105],[-76.8124,39.06162],[-76.81317,39.06228],[-76.81353,39.06235],[-76.81499,39.06177],[-76.81539,39.06176],[-76.81566,39.06186],[-76.81568,39.06243],[-76.81599,39.06264],[-76.81621,39.06262],[-76.81726,39.06177],[-76.81787,39.06176],[-76.81861,39.0623],[-76.81959,39.06247],[-76.81987,39.06285],[-76.8212,39.06354],[-76.82262,39.06335],[-76.82297,39.06395],[-76.82397,39.06414],[-76.82505,39.06496],[-76.82594,39.06508],[-76.82666,39.0658],[-76.82739,39.06582],[-76.82833,39.06456],[-76.8287,39.06445],[-76.82918,39.06453],[-76.82934,39.06496],[-76.82918,39.06598],[-76.82942,39.06629],[-76.83005,39.06658],[-76.83032,39.06784],[-76.83111,39.06828],[-76.83155,39.06917],[-76.8333,39.06938],[-76.83362,39.06927],[-76.83342,39.06834],[-76.83459,39.06797],[-76.83584,39.06797],[-76.83646,39.06844],[-76.83661,39.0691],[-76.83739,39.07015],[-76.83735,39.07133],[-76.83775,39.07183],[-76.83767,39.07246],[-76.83804,39.07303],[-76.83808,39.07359],[-76.83792,39.07385],[-76.83729,39.0741],[-76.83654,39.07358],[-76.83594,39.0744],[-76.83504,39.0744],[-76.83438,39.07488],[-76.8344,39.07539],[-76.83366,39.07576],[-76.83272,39.07594],[-76.83234,39.0763],[-76.83259,39.07694],[-76.83341,39.07779],[-76.83491,39.08287],[-76.83178,39.08637],[-76.83137,39.08662],[-76.83065,39.08666],[-76.82998,39.08707],[-76.82978,39.08735],[-76.82986,39.08798],[-76.82871,39.08842],[-76.8284,39.08896],[-76.82725,39.08963],[-76.8271,39.09015],[-76.82747,39.09174],[-76.82784,39.09225],[-76.82739,39.09327],[-76.82784,39.09463],[-76.82933,39.09564],[-76.82962,39.09555],[-76.83025,39.09484],[-76.83098,39.09544],[-76.83219,39.0951],[-76.83252,39.09532],[-76.83265,39.09615],[-76.8332,39.09611],[-76.83363,39.09581],[-76.83421,39.09583],[-76.83561,39.09664],[-76.83721,39.09674],[-76.83769,39.09693],[-76.83811,39.09866],[-76.83743,39.09957],[-76.83765,39.10072],[-76.83798,39.10104],[-76.83894,39.10129],[-76.83977,39.10259],[-76.84083,39.10352],[-76.84112,39.10417],[-76.84087,39.10469],[-76.84114,39.10547],[-76.84159,39.10586],[-76.84269,39.10628],[-76.84344,39.10699],[-76.84578,39.10788],[-76.84759,39.10804],[-76.84825,39.10869],[-76.84908,39.1091],[-76.84966,39.10917],[-76.85106,39.10892],[-76.8518,39.10916],[-76.85258,39.10964],[-76.8537,39.10997],[-76.85527,39.11009],[-76.85582,39.1105],[-76.8564,39.11069],[-76.85896,39.11059],[-76.86107,39.11073],[-76.86171,39.11038],[-76.86288,39.11033],[-76.86385,39.11092],[-76.869,39.11221],[-76.87011,39.11271],[-76.8705,39.11309],[-76.8708,39.11405],[-76.87267,39.1145],[-76.87328,39.11502],[-76.87425,39.11626],[-76.87522,39.11669],[-76.8779,39.12051],[-76.8798,39.12281],[-76.8819,39.12491],[-76.88295,39.12555],[-76.88432,39.12688],[-76.88548,39.12938],[-76.88566,39.13129],[-76.88826,39.13131],[-76.88851,39.13097],[-76.88914,39.13115],[-76.89366,39.12838],[-76.89502,39.12773],[-76.89872,39.1265],[-76.90283,39.12556],[-76.90673,39.1254],[-76.90783,39.12557],[-76.91002,39.12646],[-76.91145,39.12669],[-76.91545,39.1268],[-76.91575,39.12724],[-76.91604,39.12839],[-76.91631,39.12885],[-76.91764,39.13013],[-76.91847,39.13172],[-76.9191,39.13223],[-76.92475,39.1343],[-76.92644,39.13531],[-76.92716,39.1365],[-76.92776,39.13807],[-76.92821,39.13825],[-76.9291,39.13839],[-76.93342,39.1366],[-76.93438,39.13587],[-76.93498,39.13485],[-76.93569,39.13427],[-76.93828,39.13278],[-76.9395,39.13248],[-76.94193,39.13266],[-76.94369,39.13211],[-76.94522,39.13022],[-76.94599,39.12958],[-76.94675,39.12941],[-76.94858,39.1296],[-76.95852,39.13402],[-76.95873,39.13432],[-76.95807,39.13545],[-76.95547,39.13809],[-76.95307,39.13897],[-76.95243,39.14043],[-76.95248,39.14155],[-76.95288,39.14276],[-76.95261,39.14298],[-76.95015,39.14351],[-76.94994,39.14396],[-76.95001,39.14436],[-76.95075,39.14532],[-76.95169,39.14621],[-76.95212,39.14629],[-76.95248,39.14627],[-76.95554,39.14487],[-76.9561,39.1448],[-76.96222,39.14566],[-76.96297,39.14584],[-76.96319,39.14606],[-76.96407,39.14819],[-76.96505,39.1486],[-76.96691,39.14876],[-76.96884,39.14854],[-76.97039,39.14872],[-76.9729,39.14947],[-76.97543,39.14958],[-76.9767,39.15199],[-76.97674,39.15402],[-76.97392,39.15856],[-76.9736,39.16044],[-76.97297,39.16147],[-76.97334,39.16207],[-76.97557,39.1632],[-76.97738,39.16283],[-76.97798,39.16291],[-76.97862,39.16365],[-76.97986,39.16363],[-76.98084,39.16429],[-76.98198,39.16425],[-76.98335,39.16531],[-76.98616,39.16574],[-76.98691,39.1662],[-76.98754,39.16638],[-76.99028,39.16661],[-76.99303,39.16646],[-76.99427,39.16682],[-76.99634,39.1664],[-76.99717,39.1664],[-76.99898,39.16814],[-77.00098,39.16954],[-77.00145,39.17014],[-77.00153,39.17053],[-77.0014,39.17088],[-76.99763,39.17386],[-76.99741,39.17422],[-76.99753,39.17447],[-76.99835,39.17509],[-76.99874,39.17513],[-77.00253,39.17424],[-77.00434,39.17428],[-77.00553,39.17614],[-77.00509,39.17632],[-77.00262,39.17617],[-77.00167,39.17658],[-76.99958,39.17709],[-76.99892,39.17754],[-76.99888,39.1778],[-76.99933,39.17838],[-76.99991,39.17863],[-77.00491,39.17922],[-77.00615,39.17998],[-77.00742,39.1804],[-77.00796,39.18093],[-77.00846,39.18174],[-77.00834,39.18225],[-77.00771,39.18268],[-77.00783,39.18308],[-77.00754,39.18348],[-77.00759,39.18486],[-77.00697,39.1851],[-77.00646,39.18552],[-77.00627,39.18608],[-77.00569,39.18664],[-77.00544,39.18766],[-77.00433,39.18926],[-77.00445,39.1903],[-77.00402,39.19102],[-77.00425,39.19164],[-77.00417,39.19233],[-77.00497,39.19332],[-77.01217,39.19518],[-77.00942,39.20673],[-77.01757,39.20975],[-77.01929,39.21292],[-77.02229,39.21399],[-77.03232,39.22032],[-77.03207,39.22441],[-77.03452,39.22614],[-77.03588,39.22967],[-77.03849,39.23145],[-77.04119,39.2344],[-77.0432,39.23557],[-77.04481,39.23767],[-77.05025,39.23758],[-77.0518,39.23806],[-77.05274,39.23869],[-77.05353,39.23882],[-77.05436,39.23875],[-77.0558,39.2383],[-77.05725,39.23916],[-77.05748,39.24002],[-77.05773,39.24024],[-77.05911,39.24067],[-77.05977,39.24017],[-77.06004,39.24019],[-77.06173,39.24154],[-77.06093,39.24239],[-77.0607,39.24297],[-77.06113,39.24389],[-77.0611,39.24497],[-77.06201,39.24648],[-77.06248,39.24671],[-77.06214,39.24723],[-77.06438,39.24881],[-77.06526,39.25017],[-77.06557,39.25096],[-77.06611,39.2512],[-77.06642,39.25158],[-77.0673,39.25157],[-77.06742,39.25185],[-77.0684,39.25228],[-77.06829,39.2526],[-77.06867,39.25293],[-77.069,39.25286],[-77.06926,39.25249],[-77.06969,39.25262],[-77.07008,39.25319],[-77.06974,39.25364],[-77.0699,39.25401],[-77.07055,39.25412],[-77.07146,39.25501],[-77.07263,39.25495],[-77.0731,39.25544],[-77.07433,39.25601],[-77.07639,39.25601],[-77.07741,39.25627],[-77.07844,39.2572],[-77.07881,39.2583],[-77.08058,39.25936],[-77.0821,39.26003],[-77.08357,39.2604],[-77.08592,39.26049],[-77.08778,39.26149],[-77.08824,39.26159],[-77.08908,39.26228],[-77.08992,39.26218],[-77.09189,39.26251],[-77.0932,39.26247],[-77.09369,39.2629],[-77.0952,39.26343],[-77.09596,39.2635],[-77.09635,39.26419],[-77.09726,39.26476],[-77.0987,39.26497],[-77.0999,39.26496],[-77.1008,39.26526],[-77.1016,39.26524],[-77.10263,39.26576],[-77.1031,39.26571],[-77.10362,39.266],[-77.10423,39.26586],[-77.10491,39.26536],[-77.10507,39.26466],[-77.10575,39.26431],[-77.10684,39.26429],[-77.1078,39.26446],[-77.11081,39.26414],[-77.11242,39.26485],[-77.11379,39.26454],[-77.11502,39.26517],[-77.11539,39.2663],[-77.11637,39.26731],[-77.11699,39.26754],[-77.1192,39.26735],[-77.11993,39.26705],[-77.12061,39.26703],[-77.12308,39.26768],[-77.1235,39.26809],[-77.12463,39.26817],[-77.12502,39.26842],[-77.12618,39.26863],[-77.12767,39.26868],[-77.12849,39.26842],[-77.12939,39.2686],[-77.13012,39.26827],[-77.13059,39.26841],[-77.13152,39.27013],[-77.13258,39.27039],[-77.13324,39.27036],[-77.13421,39.27105],[-77.13464,39.27244],[-77.13459,39.27307],[-77.13413,39.27385],[-77.1343,39.27471],[-77.13403,39.27517],[-77.13406,39.27657],[-77.13503,39.2771],[-77.13556,39.27787],[-77.13641,39.2782],[-77.1365,39.27929],[-77.13721,39.27966],[-77.13753,39.28042],[-77.13835,39.28097],[-77.13942,39.2826],[-77.13997,39.2831],[-77.14001,39.28344],[-77.13954,39.28431],[-77.13983,39.28478],[-77.13976,39.28562],[-77.1394,39.28611],[-77.13845,39.28676],[-77.1381,39.28722],[-77.13788,39.28809],[-77.13875,39.2887],[-77.13996,39.28901],[-77.1402,39.28928],[-77.14035,39.29002],[-77.14006,39.2921],[-77.14266,39.29263],[-77.14301,39.29295],[-77.14359,39.29303],[-77.14396,39.29389],[-77.14482,39.29483],[-77.14503,39.29544],[-77.14543,39.29596],[-77.14826,39.29812],[-77.14912,39.29929],[-77.1499,39.299],[-77.15147,39.29999],[-77.15341,39.30203],[-77.15545,39.30297],[-77.15741,39.30416],[-77.15893,39.30477],[-77.15977,39.3049],[-77.16094,39.30672],[-77.16233,39.30792],[-77.16302,39.3079],[-77.16419,39.30738],[-77.16459,39.30744],[-77.165,39.30822],[-77.16488,39.30889],[-77.16566,39.30969],[-77.16579,39.31091],[-77.16636,39.31176],[-77.16678,39.31214],[-77.16886,39.31239],[-77.16951,39.31268],[-77.17006,39.31319],[-77.17035,39.31311],[-77.1713,39.31433],[-77.17173,39.31498],[-77.17159,39.31519],[-77.17192,39.31528],[-77.17171,39.31556],[-77.17225,39.31629],[-77.17286,39.31948],[-77.17328,39.32048],[-77.17371,39.32072],[-77.17396,39.32106],[-77.17398,39.32143],[-77.17439,39.32163],[-77.17477,39.32225],[-77.17552,39.32258],[-77.17855,39.32546],[-77.1802,39.32824],[-77.18149,39.32929],[-77.18202,39.33035],[-77.18262,39.33221],[-77.18355,39.33348],[-77.18377,39.33424],[-77.18463,39.3353],[-77.18459,39.33614],[-77.18573,39.33673],[-77.1868,39.3382],[-77.18711,39.3406],[-77.18381,39.34546],[-77.18336,39.34568],[-77.18249,39.34574],[-77.18022,39.34655],[-77.16808,39.35396],[-77.16926,39.35462],[-77.16973,39.3551],[-77.1671,39.3586],[-77.16746,39.35976],[-77.16601,39.36496],[-77.16472,39.36767],[-77.16438,39.36814],[-77.15818,39.37345],[-77.15919,39.37409],[-77.15762,39.3761],[-77.1564,39.37797],[-77.15581,39.3802],[-77.15591,39.3819],[-77.1562,39.3829],[-77.15383,39.38849],[-77.15381,39.38968],[-77.15438,39.3913],[-77.14854,39.40478],[-77.1474,39.40914],[-77.14698,39.41237],[-77.14761,39.41401],[-77.14815,39.41643],[-77.14804,39.41776],[-77.14699,39.41918],[-77.14566,39.41997],[-77.14538,39.42035],[-77.14481,39.42045],[-77.14323,39.4221],[-77.14045,39.42414],[-77.13785,39.42718],[-77.13594,39.43022],[-77.13345,39.4324],[-77.13021,39.43918],[-77.12674,39.44375],[-77.12647,39.44534],[-77.125,39.44817],[-77.12396,39.4513],[-77.12132,39.45391],[-77.11955,39.45604],[-77.11756,39.45771],[-77.11602,39.45984],[-77.11595,39.46016],[-77.11619,39.4605],[-77.11874,39.46281],[-77.11997,39.46526],[-77.11934,39.46798],[-77.11926,39.47071],[-77.11891,39.47304],[-77.11868,39.47369],[-77.11817,39.47439],[-77.11707,39.47547],[-77.11769,39.47862],[-77.11296,39.48305],[-77.1102,39.486],[-77.10874,39.48845],[-77.10849,39.48948],[-77.10675,39.49186],[-77.10677,39.49219],[-77.10746,39.49323],[-77.10739,39.4942],[-77.10893,39.49535],[-77.10965,39.49704],[-77.11,39.49748],[-77.11166,39.49769],[-77.11243,39.49749],[-77.11327,39.49776],[-77.1135,39.49811],[-77.11404,39.4983],[-77.1151,39.49907],[-77.11546,39.49952],[-77.11595,39.49972],[-77.11816,39.50128],[-77.1191,39.50266],[-77.1196,39.5028],[-77.1196,39.50316],[-77.12035,39.50373],[-77.12042,39.50402],[-77.12084,39.50418],[-77.12115,39.50407],[-77.12134,39.50446],[-77.1218,39.50437],[-77.12223,39.50465],[-77.12296,39.50467],[-77.12362,39.50505],[-77.12417,39.50512],[-77.12432,39.50541],[-77.1249,39.50537],[-77.12543,39.50562],[-77.12559,39.5061],[-77.12645,39.50692],[-77.12683,39.50771],[-77.12773,39.50855],[-77.1283,39.50841],[-77.12892,39.50905],[-77.12975,39.50956],[-77.13072,39.50929],[-77.13121,39.50873],[-77.13215,39.50834],[-77.13354,39.50854],[-77.13353,39.50908],[-77.13427,39.50949],[-77.13467,39.51018],[-77.13467,39.51085],[-77.13442,39.51136],[-77.13468,39.5119],[-77.13623,39.51274],[-77.13624,39.51311],[-77.13709,39.5138],[-77.13782,39.51516],[-77.13778,39.51559],[-77.13806,39.51604],[-77.13769,39.51737],[-77.1374,39.51751],[-77.13717,39.51723],[-77.13695,39.5174],[-77.13705,39.51794],[-77.13773,39.51891],[-77.13762,39.51962],[-77.13849,39.52016],[-77.1384,39.52049],[-77.13883,39.52055],[-77.13926,39.52093],[-77.14007,39.521],[-77.14067,39.52133],[-77.14223,39.52142],[-77.14382,39.52179],[-77.1446,39.52163],[-77.14525,39.52187],[-77.14588,39.52187],[-77.1464,39.5216],[-77.14663,39.52173],[-77.14672,39.52204],[-77.14743,39.5222],[-77.14773,39.52191],[-77.14904,39.52216],[-77.15003,39.52199],[-77.15069,39.52275],[-77.15065,39.52285],[-77.15022,39.52265],[-77.15013,39.52298],[-77.15093,39.52328],[-77.15076,39.52402],[-77.15097,39.52445],[-77.15027,39.52433],[-77.1503,39.52456],[-77.15054,39.52474],[-77.15044,39.52511],[-77.15059,39.52536],[-77.1502,39.52575],[-77.15032,39.52627],[-77.15115,39.52728],[-77.1513,39.52786],[-77.1511,39.52859],[-77.15139,39.52883],[-77.15136,39.52918],[-77.15167,39.52942],[-77.15114,39.53077],[-77.15164,39.53183],[-77.15234,39.5325],[-77.15388,39.53332],[-77.15494,39.53361],[-77.15596,39.53369],[-77.15669,39.53346],[-77.1571,39.53306],[-77.15806,39.53319],[-77.16048,39.5326],[-77.16191,39.53245],[-77.16281,39.53263],[-77.16321,39.53254],[-77.16456,39.53289],[-77.16518,39.53288],[-77.16525,39.53301],[-77.165,39.53331],[-77.1651,39.53352],[-77.16586,39.53329],[-77.166,39.53363],[-77.16534,39.53393],[-77.16546,39.53417],[-77.16607,39.53392],[-77.16656,39.53405],[-77.1671,39.53366],[-77.16761,39.53398],[-77.16826,39.53392],[-77.16863,39.53407],[-77.16867,39.53374],[-77.1688,39.53371],[-77.16915,39.5341],[-77.16966,39.53403],[-77.17058,39.5344],[-77.17072,39.53511],[-77.17133,39.53584],[-77.17041,39.53659],[-77.17096,39.53704],[-77.17079,39.53732],[-77.17107,39.53812],[-77.17065,39.53832],[-77.17146,39.53923],[-77.17122,39.5396],[-77.17076,39.5398],[-77.17089,39.54017],[-77.17041,39.54039],[-77.17005,39.54099],[-77.16944,39.54128],[-77.16953,39.54156],[-77.16919,39.54179],[-77.169,39.54229],[-77.16962,39.54353],[-77.17024,39.54345],[-77.17042,39.54368],[-77.17097,39.54379],[-77.17146,39.54369],[-77.1716,39.54382],[-77.17175,39.54665],[-77.16962,39.54985],[-77.16915,39.55175],[-77.16956,39.55365],[-77.16939,39.55394],[-77.16945,39.55412],[-77.17024,39.5548],[-77.17062,39.55475],[-77.17054,39.5545],[-77.17068,39.5544],[-77.17113,39.5544],[-77.17149,39.55464],[-77.1714,39.55492],[-77.17174,39.55524],[-77.17168,39.55552],[-77.17226,39.55571],[-77.17263,39.55603],[-77.17275,39.55636],[-77.17327,39.55655],[-77.17361,39.5573],[-77.17314,39.5575],[-77.17317,39.55781],[-77.17379,39.55808],[-77.17453,39.55942],[-77.17524,39.55998],[-77.17801,39.56089],[-77.17961,39.56044],[-77.17986,39.56014],[-77.18129,39.56014],[-77.18207,39.55945],[-77.18273,39.55934],[-77.1829,39.55972],[-77.1835,39.5598],[-77.18332,39.56043],[-77.18347,39.5607],[-77.18533,39.56188],[-77.18554,39.56217],[-77.18701,39.56248],[-77.1877,39.56375],[-77.18759,39.56385],[-77.18687,39.56372],[-77.18649,39.56447],[-77.18648,39.56474],[-77.18662,39.56479],[-77.18715,39.56449],[-77.18701,39.56506],[-77.18727,39.56525],[-77.18711,39.56572],[-77.18731,39.56609],[-77.18697,39.56667],[-77.18936,39.5686],[-77.1897,39.56915],[-77.19057,39.56988],[-77.19075,39.57052],[-77.19113,39.57099],[-77.19252,39.57197],[-77.19353,39.57194],[-77.19447,39.57224],[-77.19683,39.57431],[-77.19732,39.57523],[-77.19799,39.5754],[-77.19937,39.5764],[-77.19981,39.57717],[-77.19989,39.57781],[-77.19973,39.57815],[-77.19993,39.57847],[-77.20254,39.57909],[-77.20699,39.57946],[-77.21004,39.5791],[-77.21109,39.57887],[-77.21235,39.5781],[-77.21449,39.57534],[-77.21511,39.5748],[-77.21587,39.57443],[-77.21753,39.57455],[-77.22071,39.57562],[-77.2221,39.5764],[-77.2226,39.57686],[-77.22292,39.57746],[-77.22289,39.57777],[-77.2226,39.57793],[-77.22078,39.57813],[-77.21918,39.57969],[-77.21913,39.5801],[-77.21937,39.58075],[-77.22026,39.58211],[-77.22251,39.5831],[-77.22999,39.58343],[-77.23208,39.58424],[-77.23252,39.58463],[-77.23263,39.58553],[-77.23212,39.58615],[-77.22995,39.5869],[-77.22776,39.58697],[-77.22726,39.58734],[-77.22744,39.58807],[-77.22784,39.58832],[-77.23073,39.58902],[-77.23331,39.58845],[-77.23507,39.58769],[-77.23762,39.58465],[-77.23818,39.58435],[-77.23871,39.58441],[-77.23905,39.58492],[-77.23909,39.58689],[-77.23849,39.58829],[-77.23878,39.58897],[-77.24043,39.59016],[-77.24136,39.59032],[-77.24255,39.59117],[-77.2457,39.59273],[-77.24716,39.59371],[-77.2484,39.59507],[-77.25003,39.59809],[-77.25023,39.59878],[-77.2499,39.59955],[-77.25,39.60027],[-77.25085,39.60159],[-77.25166,39.6021],[-77.25468,39.60328],[-77.25651,39.60377],[-77.25846,39.60364],[-77.26028,39.6024],[-77.26166,39.60048],[-77.26204,39.59936],[-77.26128,39.59694],[-77.26025,39.59589],[-77.25955,39.59481],[-77.25976,39.59419],[-77.26059,39.59396],[-77.26263,39.59404],[-77.26315,39.59424],[-77.2637,39.59477],[-77.26598,39.5984],[-77.26749,39.59928],[-77.26997,39.60003],[-77.27036,39.60032],[-77.27093,39.60138],[-77.27013,39.60246],[-77.26979,39.60387],[-77.27003,39.60487],[-77.27035,39.60546],[-77.27072,39.60587],[-77.2713,39.60616],[-77.27605,39.60623],[-77.27918,39.60696],[-77.28321,39.60724],[-77.28568,39.60776],[-77.2862,39.60761],[-77.2872,39.60694],[-77.28738,39.60596],[-77.28719,39.60523],[-77.28735,39.60486],[-77.28775,39.60452],[-77.28927,39.60411],[-77.29042,39.60444],[-77.29065,39.60472],[-77.29037,39.60503],[-77.29018,39.60563],[-77.2903,39.60664],[-77.29207,39.60855],[-77.29401,39.61033],[-77.29487,39.61098],[-77.29573,39.6114],[-77.29887,39.61198],[-77.30026,39.61256],[-77.30163,39.61355],[-77.30355,39.61587],[-77.30518,39.61685],[-77.30648,39.61797],[-77.30738,39.61896],[-77.30723,39.61961],[-77.30667,39.62017],[-77.30168,39.62126],[-77.29956,39.62337],[-77.29952,39.62386],[-77.29979,39.62439],[-77.30067,39.62522],[-77.30205,39.62582],[-77.30441,39.6261],[-77.30535,39.62642],[-77.30629,39.62728],[-77.30726,39.62778],[-77.30791,39.62833],[-77.30953,39.6307],[-77.30967,39.63111],[-77.3096,39.63342],[-77.3099,39.63663],[-77.31019,39.63711],[-77.31135,39.63803],[-77.31155,39.63861],[-77.31144,39.63938],[-77.31116,39.63973],[-77.30968,39.64054],[-77.30717,39.64111],[-77.30601,39.64104],[-77.3033,39.64042],[-77.30006,39.63933],[-77.29913,39.6388],[-77.29843,39.63814],[-77.29821,39.63763],[-77.29836,39.63636],[-77.29808,39.63565],[-77.29729,39.63473],[-77.29548,39.6336],[-77.29494,39.63278],[-77.29493,39.63236],[-77.29465,39.63188],[-77.2934,39.6311],[-77.2915,39.63058],[-77.28422,39.63092],[-77.27997,39.63078],[-77.2772,39.63129],[-77.27597,39.63193],[-77.27575,39.63232],[-77.27587,39.63269],[-77.27795,39.63489],[-77.27905,39.63581],[-77.27917,39.63642],[-77.2778,39.63831],[-77.27673,39.63929],[-77.27608,39.63963],[-77.27422,39.64006],[-77.27203,39.64094],[-77.27138,39.64166],[-77.27127,39.64211],[-77.27153,39.6426],[-77.27237,39.64354],[-77.27545,39.6463],[-77.27561,39.6472],[-77.27241,39.6516],[-77.26981,39.65359],[-77.26677,39.6546],[-77.26615,39.65507],[-77.26547,39.65592],[-77.26517,39.65674],[-77.26514,39.65773],[-77.26588,39.66004],[-77.26658,39.66123],[-77.26654,39.66176],[-77.26624,39.66227],[-77.26469,39.66376],[-77.26201,39.66519],[-77.25769,39.66359],[-77.25584,39.66321],[-77.25529,39.66365],[-77.25514,39.66402],[-77.25504,39.66684],[-77.25491,39.66728],[-77.25461,39.6676],[-77.25407,39.66788],[-77.25319,39.668],[-77.25199,39.66789],[-77.25049,39.66744],[-77.24928,39.66748],[-77.2478,39.66827],[-77.24698,39.66839],[-77.24503,39.6696],[-77.24306,39.66998],[-77.23973,39.67285],[-77.23909,39.6732],[-77.23834,39.67338],[-77.23787,39.6739],[-77.23684,39.67451],[-77.23601,39.67598],[-77.23454,39.67743],[-77.23431,39.6782],[-77.23447,39.67923],[-77.23476,39.67959],[-77.23591,39.68032],[-77.23635,39.6809],[-77.23586,39.68354],[-77.23596,39.68521],[-77.23615,39.68565],[-77.23681,39.68625],[-77.23906,39.68718],[-77.24024,39.68833],[-77.24118,39.68958],[-77.24242,39.6904],[-77.24389,39.6908],[-77.24434,39.69137],[-77.24444,39.69228],[-77.2437,39.69358],[-77.24327,39.69473],[-77.24238,39.69531],[-77.24003,39.6957],[-77.23904,39.69551],[-77.23702,39.69472],[-77.23223,39.69457],[-77.22936,39.69432],[-77.22768,39.69382],[-77.22597,39.69384],[-77.2177,39.69637],[-77.21711,39.69663],[-77.21626,39.69741],[-77.21517,39.69936],[-77.21542,39.70037],[-77.21616,39.70135],[-77.2172,39.70217],[-77.21884,39.70306],[-77.22326,39.70407],[-77.22432,39.70453],[-77.22555,39.70582],[-77.22648,39.70638],[-77.22677,39.70731],[-77.22656,39.70847],[-77.22608,39.70944],[-77.22497,39.71036],[-77.2237,39.71073],[-77.2184,39.71142],[-77.21638,39.71221],[-77.2156,39.71271],[-77.21544,39.71301],[-77.21544,39.71467],[-77.21485,39.71567],[-77.21461,39.71722],[-77.21537,39.71889],[-77.21606,39.71948],[-77.21702,39.71986],[-77.39181,39.71982],[-77.46915,39.72002],[-77.46907,39.71965],[-77.46966,39.71936],[-77.46992,39.71855],[-77.47097,39.71751],[-77.47232,39.71581],[-77.4727,39.71563],[-77.47427,39.71331],[-77.47717,39.71175],[-77.47796,39.71088],[-77.4787,39.7105],[-77.47929,39.70951],[-77.48037,39.70841],[-77.48356,39.70661],[-77.48465,39.70573],[-77.48532,39.70545],[-77.48624,39.70462],[-77.48624,39.70417],[-77.4876,39.70124],[-77.48885,39.69945],[-77.48966,39.69879],[-77.49016,39.6973],[-77.49036,39.69584],[-77.49054,39.69557],[-77.49167,39.69492],[-77.49189,39.69445],[-77.49352,39.69259],[-77.49406,39.69219],[-77.49553,39.69167],[-77.49721,39.69018],[-77.49864,39.68996],[-77.49966,39.68951],[-77.50026,39.68969],[-77.50316,39.68923],[-77.50559,39.68746],[-77.50669,39.68588],[-77.50836,39.68407],[-77.49971,39.68406],[-77.49743,39.68352],[-77.49306,39.67755],[-77.49284,39.67699],[-77.49287,39.67642],[-77.49376,39.67509],[-77.49466,39.67463],[-77.49588,39.6732],[-77.49678,39.67169],[-77.49705,39.66947],[-77.49737,39.66868],[-77.49781,39.66813],[-77.49975,39.66661],[-77.50222,39.66567],[-77.50457,39.66431],[-77.50478,39.66283],[-77.50451,39.66169],[-77.50826,39.65887],[-77.51097,39.65586],[-77.51278,39.65288],[-77.51323,39.65134],[-77.51336,39.64954],[-77.51611,39.647],[-77.51768,39.64398],[-77.51973,39.64151],[-77.52,39.64082],[-77.52289,39.63924],[-77.52399,39.63832],[-77.52576,39.63753],[-77.52655,39.6367],[-77.52652,39.63599],[-77.52614,39.63523],[-77.52626,39.635],[-77.52754,39.63404],[-77.5291,39.63246],[-77.53097,39.63148],[-77.53276,39.63118],[-77.53445,39.63136],[-77.53627,39.63197],[-77.53835,39.63307],[-77.54068,39.63356],[-77.54359,39.63364],[-77.54419,39.63343],[-77.54541,39.63335],[-77.54682,39.63274],[-77.54751,39.63231],[-77.54845,39.63122],[-77.55002,39.62663],[-77.55076,39.62531],[-77.55441,39.62428],[-77.5562,39.62402],[-77.55997,39.6227],[-77.57018,39.62],[-77.57156,39.61743],[-77.57231,39.61557],[-77.57372,39.61304],[-77.57503,39.61127],[-77.57571,39.60971],[-77.57652,39.60673],[-77.57724,39.6049],[-77.57738,39.60358],[-77.57764,39.60305],[-77.57792,39.59879],[-77.57818,39.59801],[-77.57903,39.5963],[-77.57981,39.59418],[-77.58105,39.59174],[-77.58113,39.59105],[-77.58259,39.58744],[-77.58359,39.58617],[-77.5853,39.5833],[-77.58524,39.5828],[-77.58451,39.58161],[-77.58571,39.57536],[-77.58624,39.5741],[-77.58676,39.57136],[-77.58782,39.57038],[-77.58931,39.56709],[-77.59016,39.56647],[-77.59141,39.56521],[-77.59216,39.56472],[-77.59397,39.56392],[-77.59444,39.56345],[-77.59457,39.56282],[-77.59447,39.56229],[-77.59383,39.5613],[-77.59391,39.56066],[-77.59452,39.55905],[-77.59434,39.5557],[-77.59445,39.5545],[-77.59486,39.55299],[-77.59545,39.5518],[-77.59591,39.55111],[-77.59736,39.55028],[-77.59767,39.55025],[-77.59833,39.5507],[-77.59873,39.55072],[-77.59913,39.55052],[-77.59937,39.55019],[-77.59942,39.54971],[-77.59923,39.54907],[-77.59842,39.5475],[-77.59866,39.54677],[-77.59822,39.54537],[-77.59821,39.54404],[-77.59715,39.54272],[-77.59707,39.54198],[-77.5977,39.54078],[-77.59978,39.53989],[-77.60155,39.53977],[-77.60265,39.53932],[-77.60468,39.53748],[-77.60607,39.53672],[-77.60647,39.53556],[-77.60739,39.53535],[-77.6078,39.5348],[-77.60879,39.53416],[-77.61035,39.53157],[-77.61046,39.53048],[-77.61067,39.53026],[-77.61253,39.52993],[-77.6129,39.52967],[-77.61348,39.52867],[-77.61307,39.52766],[-77.61317,39.5274],[-77.6148,39.52599],[-77.61483,39.52541],[-77.61435,39.52425],[-77.61444,39.5228],[-77.61482,39.52215],[-77.61623,39.52077],[-77.61668,39.52007],[-77.61771,39.51927],[-77.61812,39.51858],[-77.61845,39.51714],[-77.61903,39.51618],[-77.61967,39.51458],[-77.6202,39.5138],[-77.62038,39.51312],[-77.61978,39.51179],[-77.62126,39.51045],[-77.6219,39.50947],[-77.6226,39.50781],[-77.62245,39.50741],[-77.62117,39.50655],[-77.62086,39.50581],[-77.62122,39.50428],[-77.6217,39.50337],[-77.62283,39.50187],[-77.62316,39.50115],[-77.62301,39.4999],[-77.61562,39.49289],[-77.61441,39.49155],[-77.615,39.49024],[-77.61854,39.486],[-77.61951,39.48506],[-77.62108,39.48432],[-77.62189,39.48272],[-77.62202,39.48175],[-77.62067,39.47789],[-77.61869,39.47604],[-77.61801,39.47482],[-77.61765,39.47302],[-77.61598,39.46877],[-77.61616,39.46837],[-77.61845,39.4662],[-77.62057,39.46544],[-77.62173,39.46396],[-77.62195,39.46332],[-77.62173,39.46148],[-77.62186,39.45967],[-77.62218,39.45939],[-77.62355,39.45893],[-77.62443,39.45844],[-77.62482,39.45789],[-77.62607,39.45761],[-77.62681,39.45711],[-77.6271,39.45654],[-77.6271,39.45566],[-77.62833,39.45272],[-77.62855,39.45155],[-77.62831,39.45084],[-77.62768,39.4502],[-77.62652,39.44846],[-77.62926,39.4486],[-77.63016,39.44837],[-77.63085,39.44813],[-77.63171,39.44751],[-77.63384,39.44682],[-77.63469,39.44555],[-77.63483,39.44392],[-77.63463,39.44302],[-77.63554,39.44152],[-77.63624,39.4396],[-77.63701,39.43853],[-77.63792,39.43533],[-77.63772,39.43209],[-77.63781,39.43145],[-77.63831,39.43032],[-77.63817,39.42832],[-77.63793,39.42792],[-77.63776,39.42684],[-77.63791,39.42585],[-77.63774,39.42482],[-77.63854,39.42371],[-77.63808,39.42278],[-77.63872,39.42114],[-77.6391,39.41872],[-77.63979,39.41688],[-77.6404,39.41679],[-77.64056,39.4166],[-77.64088,39.41539],[-77.64069,39.41214],[-77.64004,39.40843],[-77.63932,39.40736],[-77.6402,39.40531],[-77.64,39.40477],[-77.64041,39.40254],[-77.64131,39.40089],[-77.64162,39.40007],[-77.64155,39.39965],[-77.64222,39.39812],[-77.64304,39.39682],[-77.6438,39.39469],[-77.64533,39.39139],[-77.64609,39.39031],[-77.64649,39.38868],[-77.64708,39.38723],[-77.64699,39.38657],[-77.6478,39.38406],[-77.64786,39.38325],[-77.64969,39.38063],[-77.65028,39.37934],[-77.65073,39.37735],[-77.65155,39.37511],[-77.65279,39.37309],[-77.65433,39.37142],[-77.65531,39.36936],[-77.6577,39.36695],[-77.66035,39.36368],[-77.66187,39.36012],[-77.66459,39.35562],[-77.66524,39.35382],[-77.66689,39.35073],[-77.6707,39.34673],[-77.67152,39.34561],[-77.67253,39.34513],[-77.67344,39.34423],[-77.67396,39.34306],[-77.674,39.34237],[-77.67525,39.33802],[-77.67675,39.3283],[-77.67716,39.32453],[-77.68114,39.32399],[-77.68208,39.32373],[-77.6865,39.3202],[-77.68844,39.31951],[-77.6902,39.31931],[-77.69254,39.3185],[-77.69608,39.31845],[-77.69933,39.31907],[-77.70767,39.32173],[-77.7104,39.32135],[-77.71159,39.32153],[-77.71372,39.32121],[-77.7148,39.32129],[-77.71555,39.32118],[-77.71557,39.32092],[-77.71579,39.32082],[-77.71688,39.3208],[-77.7196,39.32132],[-77.72367,39.32132],[-77.72607,39.32165],[-77.72639,39.3219],[-77.72768,39.32211],[-77.72861,39.32309],[-77.72873,39.32345],[-77.72918,39.32377],[-77.7326,39.32604],[-77.73366,39.3264],[-77.73469,39.32707],[-77.73869,39.32796],[-77.74012,39.3286],[-77.74161,39.32894],[-77.74794,39.3317],[-77.74859,39.33219],[-77.74928,39.33233],[-77.75108,39.33312],[-77.75253,39.33337],[-77.75423,39.33336],[-77.75573,39.33394],[-77.75785,39.33556],[-77.75819,39.33553],[-77.75841,39.33603],[-77.75966,39.33753],[-77.76053,39.33918],[-77.76093,39.34031],[-77.76101,39.34158],[-77.76075,39.34275],[-77.75963,39.34478],[-77.75739,39.34641],[-77.75546,39.34727],[-77.75273,39.34816],[-77.75046,39.34911],[-77.74827,39.35071],[-77.74609,39.35315],[-77.74433,39.35676],[-77.74366,39.35919],[-77.74328,39.36208],[-77.74364,39.36466],[-77.74491,39.36672],[-77.74654,39.36893],[-77.74713,39.37005],[-77.7477,39.37056],[-77.74884,39.37217],[-77.74931,39.3734],[-77.75044,39.37542],[-77.75231,39.3774],[-77.75303,39.37926],[-77.75317,39.38022],[-77.75287,39.38142],[-77.753,39.38153],[-77.75252,39.38247],[-77.75206,39.38295],[-77.75129,39.38349],[-77.74918,39.38435],[-77.74701,39.38473],[-77.7414,39.38522],[-77.7393,39.38556],[-77.73759,39.38631],[-77.73661,39.38715],[-77.73618,39.3877],[-77.73586,39.3886],[-77.73573,39.38962],[-77.73587,39.39117],[-77.73841,39.39898],[-77.741,39.40359],[-77.74169,39.40445],[-77.74247,39.40494],[-77.74582,39.40892],[-77.7464,39.40937],[-77.75284,39.42288],[-77.75419,39.42424],[-77.75903,39.42707],[-77.76145,39.42794],[-77.76364,39.42809],[-77.76374,39.42817],[-77.76353,39.42824],[-77.76368,39.42835],[-77.76395,39.42823],[-77.7679,39.42821],[-77.76815,39.42835],[-77.7701,39.42805],[-77.77065,39.42814],[-77.77141,39.42795],[-77.7744,39.4278],[-77.77574,39.42806],[-77.77755,39.42874],[-77.77958,39.42884],[-77.77941,39.42901],[-77.77985,39.42906],[-77.78135,39.42904],[-77.78143,39.42921],[-77.78169,39.42908],[-77.78408,39.42914],[-77.78633,39.42888],[-77.78901,39.4295],[-77.79213,39.43048],[-77.79432,39.43093],[-77.79679,39.43179],[-77.80008,39.43382],[-77.80157,39.43494],[-77.80283,39.43634],[-77.80321,39.43711],[-77.80327,39.43799],[-77.80288,39.43883],[-77.80192,39.43997],[-77.80091,39.44067],[-77.79867,39.44141],[-77.79128,39.44222],[-77.78824,39.44295],[-77.78649,39.44387],[-77.7858,39.44448],[-77.78526,39.4454],[-77.78524,39.44623],[-77.78612,39.44744],[-77.78689,39.44807],[-77.79376,39.45201],[-77.79557,39.4535],[-77.79827,39.45613],[-77.79872,39.45712],[-77.7991,39.45878],[-77.79889,39.45962],[-77.79801,39.46077],[-77.79651,39.46158],[-77.79507,39.46193],[-77.79267,39.46206],[-77.78755,39.46118],[-77.78236,39.45986],[-77.7806,39.45984],[-77.77946,39.46016],[-77.77833,39.46094],[-77.77777,39.46157],[-77.7776,39.46225],[-77.77766,39.46258],[-77.77828,39.46343],[-77.7803,39.46466],[-77.78485,39.46584],[-77.78848,39.46726],[-77.79269,39.46931],[-77.79258,39.46937],[-77.79395,39.47017],[-77.79538,39.47125],[-77.79697,39.473],[-77.798,39.47523],[-77.79815,39.47752],[-77.79776,39.47917],[-77.7972,39.48014],[-77.79655,39.48086],[-77.79395,39.48257],[-77.78781,39.48546],[-77.78122,39.48738],[-77.77201,39.4893],[-77.77059,39.48975],[-77.76728,39.49127],[-77.76655,39.49182],[-77.76565,39.49306],[-77.76554,39.49343],[-77.76551,39.49467],[-77.7658,39.49499],[-77.76575,39.49522],[-77.76638,39.49629],[-77.76772,39.49734],[-77.76963,39.49852],[-77.77091,39.49894],[-77.77257,39.49886],[-77.77427,39.49933],[-77.7766,39.49938],[-77.77933,39.49932],[-77.78215,39.49904],[-77.78442,39.49809],[-77.78554,39.49736],[-77.78733,39.49552],[-77.78959,39.49238],[-77.79124,39.49112],[-77.79278,39.49051],[-77.79569,39.48969],[-77.79725,39.48947],[-77.80289,39.48946],[-77.80735,39.49013],[-77.81191,39.49133],[-77.81482,39.49252],[-77.81936,39.49355],[-77.82398,39.4938],[-77.82557,39.49329],[-77.8251,39.49324],[-77.8264,39.49104],[-77.82648,39.49046],[-77.82692,39.49008],[-77.82714,39.48939],[-77.82771,39.48888],[-77.8281,39.48777],[-77.82875,39.4866],[-77.82878,39.48601],[-77.82929,39.48561],[-77.82963,39.48554],[-77.83091,39.48401],[-77.83169,39.48349],[-77.8319,39.48298],[-77.83199,39.48142],[-77.83223,39.48092],[-77.83203,39.47968],[-77.83226,39.47874],[-77.83316,39.47742],[-77.83371,39.47693],[-77.83359,39.4768],[-77.83388,39.4766],[-77.83384,39.47625],[-77.83497,39.47551],[-77.83546,39.47459],[-77.83575,39.47461],[-77.83551,39.47434],[-77.83595,39.47401],[-77.83587,39.47376],[-77.83621,39.47362],[-77.83657,39.47304],[-77.83689,39.47314],[-77.83753,39.47289],[-77.83754,39.47263],[-77.83721,39.47258],[-77.83745,39.4723],[-77.83724,39.47204],[-77.83744,39.47129],[-77.8381,39.47096],[-77.83859,39.47092],[-77.83831,39.47029],[-77.83843,39.46993],[-77.83831,39.4697],[-77.83884,39.46747],[-77.83944,39.46683],[-77.83974,39.46588],[-77.84068,39.46462],[-77.84095,39.46365],[-77.84056,39.46304],[-77.84053,39.46245],[-77.83974,39.46184],[-77.83957,39.46152],[-77.83944,39.46071],[-77.84029,39.46053],[-77.84065,39.46061],[-77.84107,39.45987],[-77.84283,39.45957],[-77.84368,39.45878],[-77.84366,39.45842],[-77.84429,39.45679],[-77.84481,39.45597],[-77.8455,39.45398],[-77.84653,39.45212],[-77.84674,39.45115],[-77.84706,39.45073],[-77.84731,39.44908],[-77.84757,39.44841],[-77.84734,39.44683],[-77.84714,39.44656],[-77.85044,39.44547],[-77.85669,39.44082],[-77.857,39.44073],[-77.85743,39.43971],[-77.85838,39.43846],[-77.85888,39.43733],[-77.85919,39.43707],[-77.86089,39.43596],[-77.87472,39.42486],[-77.88533,39.41689],[-77.93076,39.38126],[-77.93112,39.38025],[-77.93181,39.3796],[-77.93314,39.37931],[-77.93432,39.37937],[-77.93552,39.3798],[-77.93738,39.37958],[-77.94027,39.38043],[-77.94358,39.3809],[-77.94568,39.38088],[-77.94681,39.38059],[-77.94756,39.38012],[-77.94822,39.37924],[-77.94849,39.37863],[-77.94849,39.37796],[-77.94769,39.3772],[-77.94546,39.37628],[-77.94283,39.37479],[-77.9427,39.37441],[-77.94276,39.37387],[-77.94389,39.37268],[-77.94636,39.37204],[-77.94777,39.37238],[-77.95013,39.37247],[-77.95129,39.37231],[-77.95466,39.37004],[-77.95691,39.368],[-77.95827,39.36709],[-77.96,39.36732],[-77.963,39.36724],[-77.96532,39.36748],[-77.96615,39.36741],[-77.96711,39.36697],[-77.96743,39.36626],[-77.96737,39.36594],[-77.9667,39.36541],[-77.96482,39.36453],[-77.96435,39.36414],[-77.9638,39.36331],[-77.96285,39.3611],[-77.96195,39.35959],[-77.96227,39.35927],[-77.96761,39.35817],[-77.96851,39.35744],[-77.96852,39.35711],[-77.96823,39.35664],[-77.96651,39.35452],[-77.96604,39.3534],[-77.96525,39.35235],[-77.96515,39.34978],[-77.9661,39.3488],[-77.9662,39.34808],[-77.96673,39.34709],[-77.96656,39.34606],[-77.96665,39.34587],[-77.96704,39.34553],[-77.96776,39.34541],[-77.96894,39.34552],[-77.96982,39.34586],[-77.97075,39.34652],[-77.97229,39.34886],[-77.97278,39.34934],[-77.97392,39.34974],[-77.9777,39.35008],[-77.98021,39.34998],[-77.98084,39.34989],[-77.98163,39.34932],[-77.98234,39.34831],[-77.98247,39.34764],[-77.98114,39.34646],[-77.97904,39.34495],[-77.97798,39.34452],[-77.97693,39.34368],[-77.97665,39.34224],[-77.97688,39.34009],[-77.97731,39.3398],[-77.97914,39.33944],[-77.98055,39.33897],[-77.98109,39.33855],[-77.98318,39.33595],[-77.98416,39.33436],[-77.9847,39.33297],[-77.98541,39.33261],[-77.98755,39.33228],[-77.98816,39.33189],[-77.98809,39.33111],[-77.9874,39.32939],[-77.9875,39.32777],[-77.9874,39.3269],[-77.98727,39.32679],[-77.98792,39.32563],[-77.9884,39.32552],[-77.98909,39.3257],[-77.99312,39.32745],[-77.99419,39.32748],[-77.99529,39.32719],[-77.99583,39.32663],[-77.996,39.32604],[-77.99602,39.3255],[-77.99577,39.32479],[-77.99477,39.32379],[-77.99293,39.32367],[-77.99019,39.32278],[-77.98813,39.32111],[-77.98802,39.32057],[-77.98818,39.32008],[-77.9919,39.3161],[-77.99274,39.31588],[-77.99368,39.31525],[-77.99452,39.31425],[-77.99589,39.31312],[-77.99743,39.31051],[-77.99803,39.31026],[-77.99925,39.31029],[-78.00037,39.31003],[-78.00274,39.30835],[-78.0059,39.30682],[-78.00609,39.30636],[-78.00693,39.30569],[-78.00781,39.30462],[-78.00971,39.30146],[-78.0105,39.30085],[-78.01063,39.30022],[-78.0113,39.29969],[-78.01288,39.29729],[-78.01324,39.29701],[-78.01536,39.2962],[-78.01651,39.29531],[-78.01684,39.29477],[-78.01811,39.29354],[-78.01842,39.29287],[-78.0186,39.2919],[-78.01944,39.29106],[-78.01966,39.2906],[-78.01966,39.28982],[-78.02011,39.28824],[-78.02033,39.28805],[-78.02071,39.28798],[-78.02164,39.28833],[-78.02402,39.28877],[-78.02544,39.28881],[-78.02674,39.28865],[-78.02723,39.28842],[-78.02695,39.28779],[-78.02618,39.28699],[-78.02611,39.28542],[-78.02524,39.28461],[-78.02533,39.28421],[-78.02565,39.28384],[-78.02543,39.28251],[-78.0255,39.28184],[-78.02619,39.2802],[-78.02669,39.27984],[-78.02739,39.27988],[-78.02782,39.2796],[-78.02838,39.2795],[-78.02924,39.27953],[-78.03048,39.27983],[-78.03174,39.27972],[-78.03305,39.28005],[-78.03526,39.27868],[-78.03545,39.27822],[-78.03545,39.27755],[-78.03494,39.2764],[-78.03454,39.27604],[-78.03267,39.27555],[-78.03049,39.27442],[-78.02854,39.27381],[-78.0269,39.27365],[-78.02618,39.27294],[-78.02602,39.27258],[-78.02615,39.27194],[-78.02703,39.27061],[-78.02796,39.26974],[-78.03132,39.2689],[-78.03349,39.26808],[-78.03351,39.26773],[-78.03315,39.2671],[-78.03309,39.26652],[-78.03257,39.26577],[-78.03259,39.26545],[-78.03309,39.26484],[-78.03391,39.26275],[-78.03512,39.26229],[-78.03552,39.26162],[-78.03669,39.26127],[-78.0377,39.26043],[-78.03808,39.25889],[-78.03757,39.25825],[-78.03749,39.25766],[-78.03814,39.25556],[-78.03854,39.25478],[-78.03833,39.25381],[-78.03878,39.2525],[-78.03881,39.2519],[-78.03927,39.25148],[-78.03951,39.2508],[-78.03941,39.25011],[-78.0398,39.24917],[-78.04005,39.24618],[-78.04068,39.24527],[-78.04086,39.24456],[-78.04108,39.24428],[-78.04171,39.24438],[-78.04209,39.24423],[-78.04241,39.2437],[-78.04378,39.24248],[-78.04424,39.2425],[-78.04467,39.24286],[-78.04507,39.24264],[-78.04535,39.24214],[-78.04526,39.24151],[-78.04465,39.24072],[-78.04324,39.24002],[-78.04295,39.24003],[-78.04255,39.23957],[-78.04186,39.23816],[-78.04189,39.23722],[-78.04203,39.2369],[-78.04254,39.23663],[-78.0437,39.23675],[-78.04565,39.23654],[-78.04608,39.23642],[-78.04729,39.23554],[-78.04804,39.23518],[-78.0494,39.23242],[-78.04964,39.23098],[-78.04947,39.23001],[-78.04998,39.22886],[-78.05054,39.22832],[-78.05118,39.22823],[-78.05324,39.22897],[-78.05584,39.22858],[-78.05792,39.22773],[-78.0587,39.22695],[-78.05874,39.22679],[-78.05824,39.22615],[-78.05871,39.22566],[-78.05931,39.22554],[-78.05998,39.22507],[-78.06043,39.22419],[-78.06062,39.22341],[-78.0606,39.22308],[-78.05982,39.22181],[-78.0594,39.22044],[-78.05925,39.21887],[-78.05946,39.21823],[-78.05959,39.21807],[-78.06151,39.21779],[-78.06345,39.2172],[-78.06429,39.21675],[-78.06473,39.2163],[-78.06473,39.21508],[-78.06379,39.21452],[-78.06278,39.21356],[-78.06258,39.21285],[-78.06187,39.21281],[-78.06144,39.21255],[-78.06201,39.21124],[-78.06176,39.21067],[-78.06183,39.21036],[-78.06215,39.21013],[-78.0629,39.21008],[-78.06399,39.21088],[-78.06587,39.2111],[-78.06779,39.21183],[-78.06984,39.2114],[-78.07008,39.2109],[-78.06927,39.20941],[-78.06701,39.20673],[-78.06771,39.20611],[-78.06789,39.2052],[-78.06813,39.20499],[-78.06867,39.20495],[-78.07062,39.20546],[-78.07263,39.20567],[-78.07411,39.20553],[-78.07465,39.20508],[-78.07457,39.20463],[-78.07294,39.20336],[-78.07272,39.20278],[-78.06996,39.20107],[-78.06979,39.20079],[-78.06968,39.19971],[-78.06971,39.19914],[-78.06987,39.19888],[-78.07084,39.19861],[-78.07171,39.19872],[-78.07254,39.19913],[-78.07467,39.19933],[-78.0752,39.19886],[-78.0755,39.19809],[-78.07548,39.19762],[-78.07524,39.19727],[-78.07319,39.19628],[-78.07153,39.19519],[-78.07096,39.19385],[-78.07108,39.19352],[-78.07258,39.19325],[-78.07455,39.19356],[-78.0757,39.1935],[-78.07626,39.19318],[-78.07736,39.19209],[-78.0772,39.19163],[-78.07509,39.19009],[-78.07513,39.18978],[-78.07584,39.18874],[-78.0758,39.18816],[-78.07604,39.18761],[-78.07555,39.18643],[-78.07563,39.18566],[-78.07477,39.18304],[-78.07479,39.18182],[-78.07417,39.18095],[-78.07344,39.18049],[-78.07301,39.18],[-78.07289,39.17913],[-78.073,39.17808],[-78.07448,39.17615],[-78.07583,39.17512],[-78.0763,39.1749],[-78.07968,39.17424],[-78.08045,39.17372],[-78.08049,39.1727],[-78.08067,39.17229],[-78.08177,39.17192],[-78.08186,39.17148],[-78.08103,39.16961],[-78.08,39.16905],[-78.07866,39.1679],[-78.07849,39.1674],[-78.07872,39.16681],[-78.07937,39.16658],[-78.07969,39.16617],[-78.08141,39.16592],[-78.08209,39.16592],[-78.08255,39.16631],[-78.08305,39.1663],[-78.08598,39.16501],[-78.08693,39.16415],[-78.08699,39.16353],[-78.08654,39.16253],[-78.08644,39.16194],[-78.08548,39.16071],[-78.08363,39.16061],[-78.0827,39.16005],[-78.08201,39.1594],[-78.08193,39.15883],[-78.08208,39.15835],[-78.08266,39.15824],[-78.08424,39.15851],[-78.08561,39.15851],[-78.0864,39.15905],[-78.0869,39.15914],[-78.08726,39.15853],[-78.08797,39.15832],[-78.08832,39.15788],[-78.0884,39.15682],[-78.08883,39.15645],[-78.08879,39.15612],[-78.08731,39.15505],[-78.08727,39.15427],[-78.08627,39.15387],[-78.08514,39.1527],[-78.0855,39.15198],[-78.08578,39.15173],[-78.08681,39.15167],[-78.08752,39.15181],[-78.08866,39.15166],[-78.08872,39.15082],[-78.08831,39.15035],[-78.08846,39.149],[-78.08974,39.14788],[-78.09062,39.14755],[-78.09076,39.14736],[-78.09057,39.1466],[-78.09085,39.14622],[-78.09058,39.14575],[-78.0897,39.14502],[-78.08974,39.14397],[-78.08994,39.14347],[-78.09181,39.14182],[-78.09234,39.14159],[-78.09325,39.14176],[-78.09384,39.1414],[-78.09454,39.14134],[-78.09538,39.14048],[-78.09533,39.1402],[-78.0949,39.13973],[-78.09321,39.13905],[-78.09274,39.13871],[-78.09329,39.13764],[-78.09424,39.13674],[-78.09432,39.13618],[-78.0941,39.13553],[-78.09504,39.13488],[-78.09486,39.13439],[-78.09419,39.13392],[-78.09401,39.13355],[-78.09428,39.13302],[-78.09432,39.13226],[-78.0947,39.13124],[-78.09502,39.13096],[-78.09611,39.13101],[-78.09736,39.13079],[-78.09834,39.12969],[-78.09887,39.12944],[-78.09956,39.12862],[-78.1,39.12835],[-78.09991,39.12742],[-78.10067,39.12647],[-78.10059,39.12609],[-78.10084,39.12565],[-78.10181,39.12545],[-78.10306,39.12409],[-78.10273,39.12282],[-78.10217,39.12233],[-78.10172,39.12129],[-78.10176,39.12102],[-78.1022,39.12043],[-78.10291,39.12017],[-78.1036,39.1202],[-78.10588,39.12075],[-78.107,39.1208],[-78.10753,39.12045],[-78.10766,39.11996],[-78.10827,39.11928],[-78.10811,39.1181],[-78.10755,39.1173],[-78.10645,39.11691],[-78.10621,39.11668],[-78.10439,39.11621],[-78.10394,39.11579],[-78.10383,39.11541],[-78.10399,39.11393],[-78.1035,39.11309],[-78.10348,39.11221],[-78.10399,39.1112],[-78.1049,39.11077],[-78.10504,39.1104],[-78.10497,39.10974],[-78.10448,39.10908],[-78.10434,39.1084],[-78.10353,39.10777],[-78.10261,39.10764],[-78.10261,39.10718],[-78.10213,39.10681],[-78.10203,39.10609],[-78.10235,39.10564],[-78.1031,39.10528],[-78.10369,39.10469],[-78.10435,39.10449],[-78.10654,39.10431],[-78.10741,39.10405],[-78.10908,39.10425],[-78.11023,39.10406],[-78.1106,39.10428],[-78.11078,39.10414],[-78.1112,39.10322],[-78.11151,39.10291],[-78.11143,39.10271],[-78.11065,39.10221],[-78.10899,39.10176],[-78.10766,39.10117],[-78.10718,39.10074],[-78.10706,39.10031],[-78.1073,39.10002],[-78.10758,39.09878],[-78.1092,39.09693],[-78.10922,39.09661],[-78.10971,39.09587],[-78.1106,39.09589],[-78.11111,39.09484],[-78.11208,39.09386],[-78.11264,39.09217],[-78.11313,39.09173],[-78.11491,39.09151],[-78.11592,39.09206],[-78.11603,39.09249],[-78.11653,39.09274],[-78.11659,39.09309],[-78.11679,39.09324],[-78.11737,39.09324],[-78.11777,39.09343],[-78.11839,39.09327],[-78.11867,39.09335],[-78.12114,39.0916],[-78.12114,39.09128],[-78.12141,39.09098],[-78.12231,39.09059],[-78.12317,39.09066],[-78.12451,39.08949],[-78.12542,39.08919],[-78.12635,39.08756],[-78.12704,39.08717],[-78.127,39.08689],[-78.12782,39.08572],[-78.12773,39.08518],[-78.12805,39.08433],[-78.12887,39.08368],[-78.12903,39.0833],[-78.12964,39.08307],[-78.12919,39.08209],[-78.12958,39.08126],[-78.12943,39.081],[-78.1302,39.0803],[-78.13039,39.07992],[-78.13102,39.07971],[-78.1311,39.07925],[-78.13146,39.07869],[-78.13149,39.07782],[-78.13224,39.07728],[-78.13248,39.07674],[-78.13308,39.07655],[-78.13321,39.07611],[-78.13441,39.07592],[-78.13454,39.07579],[-78.13445,39.07561],[-78.13543,39.07466],[-78.13701,39.07463],[-78.13699,39.07437],[-78.1424,39.06106],[-78.15161,39.03663],[-78.15316,39.03381],[-78.15356,39.03159],[-78.1565,39.02916],[-78.16238,39.02169],[-78.16298,39.01983],[-78.16387,39.01793],[-78.1769,39.01709],[-78.1856,39.02018],[-78.18648,39.01865],[-78.18541,39.0181],[-78.18594,39.01683],[-78.18583,39.01654],[-78.20416,39.0154],[-78.26152,39.0113],[-78.31408,39.00799],[-78.3161,39.00694],[-78.31755,39.00646],[-78.31924,39.00613],[-78.32018,39.00561],[-78.32179,39.004],[-78.32217,39.00297],[-78.32407,39.00068],[-78.32532,38.99995],[-78.32713,38.99993],[-78.32939,39.00114],[-78.33067,39.00145],[-78.33165,39.00146],[-78.33317,39.00053],[-78.3335,39.00003],[-78.33347,38.99955],[-78.33313,38.99899],[-78.33216,38.99824],[-78.33137,38.99728],[-78.32892,38.99538],[-78.32848,38.99475],[-78.32846,38.99422],[-78.32964,38.99379],[-78.32992,38.99355],[-78.32989,38.99316],[-78.3295,38.99246],[-78.32851,38.9913],[-78.32762,38.99071],[-78.32503,38.98978],[-78.32326,38.98852],[-78.32199,38.98722],[-78.31883,38.98561],[-78.31635,38.98332],[-78.31921,38.98126],[-78.31929,38.98019],[-78.31889,38.97894],[-78.31899,38.9778],[-78.31932,38.97723],[-78.32055,38.97602],[-78.32105,38.97447],[-78.32192,38.97399],[-78.3231,38.97396],[-78.32374,38.97417],[-78.32752,38.97744],[-78.33117,38.98034],[-78.3335,38.98152],[-78.3353,38.98187],[-78.33609,38.98185],[-78.33732,38.98141],[-78.33849,38.98065],[-78.33886,38.98017],[-78.33896,38.97968],[-78.33874,38.97899],[-78.33672,38.97702],[-78.33632,38.97645],[-78.33091,38.96154],[-78.33168,38.95895],[-78.33262,38.95667],[-78.3344,38.95314],[-78.3348,38.95179],[-78.33477,38.95064],[-78.33507,38.95012],[-78.33515,38.94934],[-78.33492,38.94925],[-78.33469,38.94938],[-78.33421,38.95003],[-78.33357,38.95036],[-78.33056,38.95122],[-78.3288,38.95228],[-78.32823,38.95204],[-78.32381,38.95161],[-78.32014,38.95213],[-78.3181,38.95213],[-78.31505,38.95024],[-78.31238,38.94971],[-78.30935,38.95136],[-78.30851,38.95208],[-78.30725,38.95263],[-78.30041,38.94359],[-78.3014,38.94243],[-78.30281,38.94021],[-78.30433,38.93847],[-78.30464,38.93771],[-78.30545,38.93645],[-78.30576,38.93467],[-78.30721,38.93251],[-78.30725,38.93136],[-78.3077,38.9307],[-78.30793,38.92994],[-78.30846,38.929],[-78.30851,38.92709],[-78.30875,38.92653],[-78.30977,38.92578],[-78.31061,38.92454],[-78.31165,38.92377],[-78.31315,38.92308],[-78.31375,38.92236],[-78.31508,38.92142],[-78.31694,38.92043],[-78.32009,38.91931],[-78.32088,38.91885],[-78.32144,38.9183],[-78.32184,38.91713],[-78.32315,38.91504],[-78.32385,38.91341],[-78.32407,38.9132],[-78.32433,38.91167],[-78.32585,38.90876],[-78.32617,38.90705],[-78.32675,38.90617],[-78.32724,38.90503],[-78.32737,38.90427],[-78.32861,38.90258],[-78.32879,38.90197],[-78.32943,38.90167],[-78.33036,38.90082],[-78.33085,38.90018],[-78.33114,38.89944],[-78.33245,38.89844],[-78.33257,38.89743],[-78.33379,38.89613],[-78.33438,38.8951],[-78.33626,38.89376],[-78.33835,38.89095],[-78.33852,38.89027],[-78.33858,38.88864],[-78.33574,38.88846],[-78.33225,38.88888],[-78.33187,38.88835],[-78.33178,38.8875],[-78.33258,38.88496],[-78.3335,38.88359],[-78.33371,38.88272],[-78.33411,38.88224],[-78.33437,38.88144],[-78.33513,38.88062],[-78.33609,38.87893],[-78.3369,38.8784],[-78.33744,38.87774],[-78.33835,38.87641],[-78.33857,38.87555],[-78.34019,38.87432],[-78.34105,38.87274],[-78.34252,38.87189],[-78.34377,38.87044],[-78.34489,38.86956],[-78.34589,38.86792],[-78.34743,38.86717],[-78.34993,38.86637],[-78.3505,38.86552],[-78.35166,38.86438],[-78.35331,38.86369],[-78.35623,38.86137],[-78.35721,38.86035],[-78.35813,38.85976],[-78.35877,38.85876],[-78.35969,38.85786],[-78.36077,38.85742],[-78.36158,38.85688],[-78.36254,38.85536],[-78.36483,38.85353],[-78.36722,38.85057],[-78.36805,38.84987],[-78.36903,38.84947],[-78.37067,38.84732],[-78.37296,38.84524],[-78.37385,38.84472],[-78.37431,38.84381],[-78.37597,38.8417],[-78.37754,38.8405],[-78.37911,38.83835],[-78.38124,38.83642],[-78.38207,38.83502],[-78.38318,38.83408],[-78.38415,38.83266],[-78.3847,38.8323],[-78.38598,38.83079],[-78.38744,38.82968],[-78.38882,38.82826],[-78.39124,38.82678],[-78.3927,38.82484],[-78.3947,38.82279],[-78.34926,38.80651],[-78.34802,38.80578],[-78.34609,38.80579],[-78.34452,38.806],[-78.34326,38.80557],[-78.33993,38.80316],[-78.3392,38.80202],[-78.3385,38.80155],[-78.33841,38.80112],[-78.33778,38.80005],[-78.33665,38.79925],[-78.33677,38.79827],[-78.33663,38.79784],[-78.33523,38.79702],[-78.33408,38.79596],[-78.33221,38.79531],[-78.33093,38.79373],[-78.32959,38.79288],[-78.32782,38.79238],[-78.32698,38.79165],[-78.32629,38.79191],[-78.32588,38.79173],[-78.32455,38.79177],[-78.32361,38.79155],[-78.32312,38.791],[-78.32098,38.78944],[-78.31984,38.78939],[-78.31862,38.78965],[-78.31759,38.78956],[-78.31683,38.78925],[-78.3163,38.78869],[-78.31531,38.78841],[-78.3148,38.78801],[-78.31259,38.78757],[-78.31052,38.78674],[-78.30972,38.78675],[-78.30873,38.786],[-78.30723,38.78575],[-78.30553,38.78572],[-78.30464,38.78505],[-78.30202,38.78397],[-78.30101,38.78408],[-78.29979,38.78484],[-78.29638,38.78384],[-78.29582,38.78391],[-78.29514,38.78431],[-78.2947,38.78401],[-78.29436,38.78321],[-78.29334,38.78213],[-78.29171,38.78139],[-78.2904,38.78037],[-78.28999,38.77981],[-78.28922,38.77598],[-78.29055,38.77352],[-78.29149,38.77241],[-78.29167,38.77117],[-78.29155,38.77064],[-78.29099,38.76972],[-78.29106,38.76863],[-78.29072,38.76824],[-78.29059,38.76776],[-78.28481,38.75931],[-78.28512,38.75875],[-78.28591,38.75745],[-78.28847,38.75474],[-78.28966,38.75324],[-78.2898,38.75228],[-78.29044,38.75146],[-78.29054,38.75037],[-78.29102,38.75036],[-78.29158,38.75085],[-78.29258,38.75102],[-78.29334,38.75079],[-78.29421,38.75086],[-78.29471,38.75108],[-78.29602,38.75113],[-78.29679,38.75068],[-78.29948,38.74837],[-78.29978,38.74449],[-78.30198,38.74241],[-78.30276,38.74147],[-78.30348,38.73891],[-78.3049,38.73817],[-78.30874,38.73809],[-78.31263,38.73752],[-78.31366,38.73718],[-78.31878,38.73787],[-78.32025,38.73494],[-78.32194,38.72929],[-78.32148,38.7272],[-78.3235,38.72353],[-78.32373,38.72126],[-78.32527,38.72009],[-78.32524,38.71924],[-78.32708,38.71682],[-78.32972,38.71148],[-78.33014,38.70867],[-78.33072,38.70705],[-78.33222,38.70564],[-78.33171,38.70264],[-78.3288,38.70268],[-78.32375,38.70082],[-78.3219,38.69992],[-78.32061,38.69867],[-78.31999,38.69835],[-78.31997,38.69778],[-78.32019,38.69718],[-78.31995,38.69615],[-78.31935,38.69565],[-78.31878,38.69554],[-78.31833,38.69487],[-78.31767,38.69312],[-78.31636,38.69056],[-78.31559,38.68756],[-78.31587,38.68582],[-78.31452,38.68324],[-78.31439,38.68251],[-78.31496,38.68177],[-78.31659,38.68051],[-78.31856,38.6796],[-78.32081,38.67816],[-78.32148,38.67704],[-78.32276,38.67574],[-78.32367,38.67388],[-78.32397,38.6727],[-78.32384,38.67209],[-78.32228,38.67196],[-78.32006,38.67114],[-78.31755,38.6695],[-78.31745,38.66723],[-78.31791,38.6654],[-78.31893,38.66324],[-78.32014,38.65953],[-78.31986,38.65778],[-78.318,38.65645],[-78.31692,38.65393],[-78.31558,38.65156],[-78.31813,38.64885],[-78.31962,38.64643],[-78.32014,38.64453],[-78.31966,38.64321],[-78.32128,38.64159],[-78.32213,38.64021],[-78.32205,38.63858],[-78.32295,38.63694],[-78.32392,38.63451],[-78.32537,38.63221],[-78.32587,38.63072],[-78.32762,38.62878],[-78.32947,38.628],[-78.33127,38.62798],[-78.33518,38.62875],[-78.33619,38.62838],[-78.33712,38.6277],[-78.33818,38.62731],[-78.28522,38.58012],[-78.26653,38.56369],[-78.26344,38.56194],[-78.26023,38.55905],[-78.25274,38.55162],[-78.24614,38.54549],[-78.20448,38.50776],[-78.15623,38.46439],[-78.15317,38.46172],[-78.15265,38.46159],[-78.15176,38.46056],[-78.15024,38.45962],[-78.14936,38.45964],[-78.14913,38.4593],[-78.14887,38.45931],[-78.14881,38.45914],[-78.14745,38.45842],[-78.14731,38.45806],[-78.14691,38.45778],[-78.14701,38.45763],[-78.14675,38.45768],[-78.14648,38.45749],[-78.14628,38.45712],[-78.14436,38.45566],[-78.14437,38.45542],[-78.1436,38.45446],[-78.14365,38.45407],[-78.14278,38.45362],[-78.14196,38.45351],[-78.14124,38.45361],[-78.13946,38.453],[-78.13916,38.45257],[-78.13916,38.45229],[-78.13874,38.45191],[-78.14008,38.45021],[-78.13976,38.44908],[-78.13916,38.4486],[-78.13827,38.4483],[-78.13758,38.44731],[-78.13558,38.44678],[-78.13559,38.4462],[-78.13536,38.44559],[-78.13487,38.44514],[-78.13327,38.4447],[-78.13253,38.44502],[-78.13187,38.44462],[-78.13149,38.4438],[-78.13098,38.44321],[-78.13123,38.44276],[-78.13105,38.44189],[-78.13043,38.44141],[-78.13043,38.44118],[-78.12983,38.44099],[-78.12942,38.44063],[-78.12914,38.44061],[-78.12884,38.44081],[-78.12848,38.44067],[-78.12662,38.44064],[-78.12643,38.4408],[-78.12435,38.44094],[-78.12275,38.4401],[-78.12248,38.43981],[-78.12153,38.43774],[-78.11905,38.4349],[-78.11882,38.43438],[-78.11949,38.4332],[-78.11981,38.43308],[-78.12039,38.43247],[-78.12122,38.43204],[-78.12192,38.43236],[-78.12262,38.43175],[-78.12368,38.43134],[-78.12332,38.43086],[-78.12345,38.43048],[-78.12459,38.42963],[-78.12412,38.42913],[-78.12425,38.42877],[-78.12416,38.42843],[-78.12456,38.42835],[-78.12461,38.42807],[-78.12494,38.42804],[-78.12598,38.42722],[-78.12623,38.4267],[-78.12683,38.42621],[-78.12694,38.42594],[-78.12602,38.42564],[-78.12509,38.42564],[-78.12364,38.42601],[-78.12272,38.42573],[-78.12221,38.42521],[-78.12179,38.42386],[-78.12109,38.4231],[-78.1206,38.42289],[-78.12037,38.42296],[-78.12024,38.42267],[-78.11963,38.42279],[-78.11925,38.42265],[-78.11858,38.42286],[-78.11779,38.42262],[-78.11712,38.42293],[-78.11536,38.42271],[-78.11477,38.42216],[-78.11493,38.42176],[-78.11556,38.42135],[-78.11746,38.42075],[-78.11788,38.42039],[-78.11794,38.41992],[-78.11772,38.41962],[-78.11632,38.41938],[-78.11592,38.41921],[-78.11589,38.41902],[-78.11654,38.41871],[-78.1167,38.41815],[-78.11762,38.41745],[-78.11787,38.41761],[-78.11775,38.41822],[-78.11823,38.41844],[-78.11859,38.41841],[-78.11842,38.41763],[-78.11858,38.41689],[-78.11831,38.41611],[-78.11788,38.41593],[-78.11717,38.41657],[-78.11685,38.41663],[-78.11579,38.41629],[-78.11501,38.41517],[-78.1141,38.41474],[-78.11358,38.41479],[-78.11306,38.41461],[-78.11274,38.41361],[-78.11232,38.41312],[-78.10928,38.41412],[-78.10911,38.41319],[-78.10854,38.41209],[-78.10826,38.41193],[-78.10765,38.41196],[-78.10707,38.41229],[-78.10734,38.41392],[-78.10697,38.41398],[-78.10631,38.41343],[-78.10546,38.41348],[-78.10416,38.41249],[-78.10378,38.41175],[-78.10394,38.4115],[-78.1056,38.4108],[-78.10684,38.40996],[-78.10741,38.40939],[-78.10734,38.40889],[-78.1063,38.40907],[-78.10567,38.4089],[-78.10471,38.40832],[-78.10281,38.40757],[-78.10089,38.40649],[-78.096,38.40426],[-78.09582,38.40394],[-78.09598,38.40364],[-78.09573,38.40278],[-78.09521,38.40203],[-78.09525,38.40177],[-78.09555,38.40154],[-78.09539,38.40106],[-78.09562,38.40013],[-78.09504,38.39989],[-78.09496,38.39961],[-78.09433,38.39908],[-78.09461,38.39869],[-78.09462,38.39835],[-78.09514,38.39765],[-78.09491,38.39716],[-78.09455,38.39693],[-78.09497,38.39672],[-78.09512,38.39603],[-78.09546,38.39613],[-78.09536,38.39574],[-78.09595,38.39513],[-78.09567,38.39466],[-78.09564,38.39395],[-78.09594,38.39315],[-78.09545,38.39297],[-78.0954,38.39264],[-78.09496,38.39228],[-78.09463,38.39224],[-78.09464,38.39178],[-78.0936,38.39105],[-78.09246,38.39095],[-78.09217,38.3904],[-78.09188,38.39057],[-78.09174,38.38994],[-78.09228,38.38997],[-78.09372,38.38803],[-78.09534,38.38677],[-78.09568,38.38626],[-78.09654,38.38597],[-78.09814,38.38734],[-78.09848,38.38727],[-78.09878,38.38748],[-78.09919,38.38746],[-78.09935,38.38722],[-78.09964,38.38714],[-78.09988,38.3866],[-78.1003,38.38637],[-78.10046,38.3855],[-78.10091,38.38504],[-78.10175,38.3848],[-78.10173,38.38455],[-78.10218,38.38442],[-78.10245,38.38452],[-78.10274,38.38438],[-78.10322,38.38474],[-78.1039,38.38474],[-78.10571,38.38276],[-78.10612,38.38287],[-78.10703,38.38256],[-78.10775,38.38258],[-78.10784,38.38238],[-78.10815,38.3825],[-78.10881,38.38232],[-78.10906,38.38257],[-78.10991,38.38261],[-78.11003,38.38287],[-78.11036,38.38276],[-78.11114,38.3831],[-78.11132,38.38335],[-78.11248,38.38397],[-78.11361,38.38385],[-78.11386,38.38362],[-78.11493,38.38334],[-78.11488,38.38306],[-78.11442,38.3829],[-78.11439,38.3826],[-78.11396,38.3826],[-78.11377,38.38276],[-78.11356,38.38239],[-78.11324,38.38222],[-78.11141,38.38193],[-78.11101,38.38118],[-78.11188,38.37999],[-78.11169,38.37959],[-78.11187,38.37827],[-78.11166,38.3776],[-78.11172,38.37721],[-78.11198,38.377],[-78.11355,38.37678],[-78.11393,38.37657],[-78.11409,38.37611],[-78.11392,38.37479],[-78.1141,38.37423],[-78.11475,38.37353],[-78.11481,38.3731],[-78.1151,38.37289],[-78.11512,38.37255],[-78.11573,38.3716],[-78.11722,38.36968],[-78.11741,38.36937],[-78.11739,38.36892],[-78.11796,38.36882],[-78.11791,38.36845],[-78.11816,38.36813],[-78.11835,38.36714],[-78.11808,38.36684],[-78.11741,38.36656],[-78.11797,38.36563],[-78.11721,38.36484],[-78.11748,38.36445],[-78.1174,38.36386],[-78.11768,38.36315],[-78.11749,38.363],[-78.11704,38.36302],[-78.11678,38.3627],[-78.11634,38.3628],[-78.11606,38.3627],[-78.11571,38.36148],[-78.11585,38.36049],[-78.11606,38.36023],[-78.11635,38.35917],[-78.1163,38.35886],[-78.11492,38.35688],[-78.11437,38.35661],[-78.11448,38.35544],[-78.1139,38.35419],[-78.11202,38.35227],[-78.11016,38.34998],[-78.10634,38.34817],[-78.10609,38.34793],[-78.10696,38.34691],[-78.1076,38.34563],[-78.10779,38.3443],[-78.10766,38.34334],[-78.10704,38.34307],[-78.10601,38.34296],[-78.10563,38.34308],[-78.10489,38.34376],[-78.10352,38.34395],[-78.10035,38.34357],[-78.09819,38.34268],[-78.09576,38.34091],[-78.09352,38.33959],[-78.09118,38.33883],[-78.09091,38.33856],[-78.091,38.33712],[-78.09082,38.33644],[-78.09,38.33572],[-78.08865,38.33514],[-78.08746,38.33436],[-78.08715,38.3336],[-78.08723,38.33231],[-78.087,38.33175],[-78.08387,38.32907],[-78.08276,38.32793],[-78.08269,38.32763],[-78.08321,38.32711],[-78.08449,38.32688],[-78.08548,38.32702],[-78.08669,38.32744],[-78.09108,38.32744],[-78.09194,38.32694],[-78.09225,38.32649],[-78.09426,38.32569],[-78.09461,38.32531],[-78.09546,38.32359],[-78.09643,38.32249],[-78.09713,38.32103],[-78.09791,38.3201],[-78.0996,38.31932],[-78.10075,38.31842],[-78.10137,38.31719],[-78.10189,38.31528],[-78.10451,38.31357],[-78.1051,38.31291],[-78.10522,38.31228],[-78.10495,38.31188],[-78.10301,38.31146],[-78.10106,38.31154],[-78.0993,38.31097],[-78.09798,38.31121],[-78.096,38.31229],[-78.09554,38.31232],[-78.0949,38.31203],[-78.0945,38.31124],[-78.09384,38.3107],[-78.09313,38.31033],[-78.09241,38.31028],[-78.09061,38.31085],[-78.08832,38.31122],[-78.08719,38.31276],[-78.08641,38.31354],[-78.08439,38.31504],[-78.08278,38.31585],[-78.07737,38.31629],[-78.07649,38.31606],[-78.07524,38.31531],[-78.07194,38.31278],[-78.07117,38.31192],[-78.07015,38.3093],[-78.06914,38.30844],[-78.06859,38.30839],[-78.06798,38.30863],[-78.06726,38.30922],[-78.06605,38.31133],[-78.06471,38.31244],[-78.06258,38.31344],[-78.06052,38.31353],[-78.05932,38.31384],[-78.05755,38.31487],[-78.0552,38.31719],[-78.05448,38.31756],[-78.05365,38.31772],[-78.05236,38.31748],[-78.05131,38.31688],[-78.04962,38.31443],[-78.04865,38.31328],[-78.04806,38.31295],[-78.04451,38.31282],[-78.0413,38.31179],[-78.0397,38.31156],[-78.0377,38.31174],[-78.03535,38.31252],[-78.03402,38.31336],[-78.03353,38.31404],[-78.03337,38.31468],[-78.03354,38.31518],[-78.03419,38.3157],[-78.03551,38.31774],[-78.03593,38.32045],[-78.03507,38.32155],[-78.03352,38.32261],[-78.03271,38.32337],[-78.03108,38.32534],[-78.03103,38.32727],[-78.03065,38.32795],[-78.02971,38.32841],[-78.027,38.32838],[-78.02432,38.32889],[-78.02211,38.3296],[-78.01884,38.33093],[-78.01642,38.33168],[-78.01436,38.3345],[-78.01324,38.33561],[-78.00946,38.33869],[-78.00712,38.33989],[-78.00525,38.34175],[-78.00309,38.34319],[-77.99982,38.34467],[-77.99745,38.347],[-77.99471,38.34897],[-77.99387,38.34935],[-77.99306,38.34946],[-77.99068,38.34928],[-77.98905,38.34869],[-77.98643,38.34704],[-77.98578,38.34685],[-77.9802,38.34759],[-77.97866,38.34747],[-77.97697,38.34703],[-77.97573,38.34709],[-77.97505,38.34757],[-77.97459,38.34821],[-77.97426,38.34898],[-77.97418,38.34964],[-77.97459,38.35057],[-77.9756,38.3514],[-77.97622,38.35238],[-77.97644,38.3539],[-77.97628,38.3552],[-77.97581,38.35647],[-77.97521,38.35732],[-77.97361,38.35856],[-77.97265,38.35907],[-77.97187,38.3591],[-77.96595,38.35729],[-77.96401,38.35628],[-77.96091,38.35424],[-77.95963,38.35376],[-77.95844,38.35367],[-77.95756,38.35401],[-77.95577,38.35559],[-77.95505,38.35704],[-77.95441,38.35783],[-77.95225,38.35953],[-77.95026,38.36042],[-77.94669,38.36104],[-77.94516,38.36187],[-77.94376,38.36234],[-77.93458,38.36273],[-77.92835,38.36365],[-77.92361,38.36411],[-77.92153,38.36483],[-77.91958,38.3656],[-77.91583,38.36818],[-77.91262,38.36982],[-77.91194,38.37053],[-77.9098,38.37527],[-77.90936,38.37989],[-77.90898,38.3815],[-77.90847,38.38217],[-77.90609,38.38379],[-77.90512,38.38401],[-77.90332,38.38407],[-77.90233,38.38433],[-77.90116,38.38502],[-77.9003,38.3853],[-77.89888,38.38492],[-77.89803,38.38513],[-77.89722,38.3855],[-77.89567,38.3867],[-77.89206,38.38894],[-77.89052,38.38903],[-77.88966,38.38889],[-77.88676,38.38804],[-77.88525,38.38557],[-77.88573,38.38238],[-77.88534,38.38037],[-77.88465,38.37914],[-77.88348,38.37867],[-77.88156,38.37848],[-77.87865,38.37881],[-77.87549,38.37877],[-77.87409,38.37944],[-77.87084,38.3805],[-77.86887,38.38063],[-77.86704,38.38048],[-77.86514,38.38066],[-77.86113,38.3814],[-77.85802,38.38149],[-77.85684,38.38188],[-77.85438,38.38228],[-77.84912,38.38202],[-77.8486,38.3817],[-77.84725,38.38032],[-77.84427,38.37844],[-77.84202,38.37755],[-77.8402,38.37752],[-77.83954,38.37762],[-77.83894,38.37792],[-77.8376,38.37906],[-77.83674,38.38005],[-77.83688,38.38088],[-77.83675,38.38134],[-77.83598,38.38201],[-77.83438,38.3822],[-77.83067,38.38179],[-77.82728,38.38216],[-77.82348,38.38106],[-77.82081,38.37995],[-77.81629,38.37858],[-77.81563,38.37854],[-77.81375,38.37927],[-77.81239,38.37923],[-77.80606,38.3778],[-77.80373,38.37697],[-77.80182,38.37596],[-77.79862,38.37332],[-77.79409,38.37047],[-77.79017,38.36908],[-77.7893,38.36898],[-77.78814,38.36909],[-77.78731,38.36886],[-77.7849,38.36626],[-77.78249,38.36446],[-77.7811,38.36404],[-77.77949,38.36456],[-77.77727,38.36466],[-77.77608,38.36488],[-77.77468,38.3654],[-77.77436,38.36572],[-77.77416,38.36652],[-77.77476,38.36901],[-77.77557,38.37008],[-77.77624,38.37043],[-77.77687,38.37053],[-77.77839,38.37029],[-77.77941,38.3705],[-77.78057,38.37135],[-77.78652,38.37485],[-77.78763,38.37594],[-77.78777,38.37662],[-77.78765,38.3771],[-77.78685,38.3785],[-77.78618,38.37893],[-77.78508,38.37928],[-77.78445,38.37987],[-77.78375,38.38155],[-77.78296,38.38469],[-77.78205,38.38603],[-77.77746,38.38953],[-77.77556,38.39122],[-77.77453,38.39186],[-77.77296,38.39264],[-77.77205,38.39288],[-77.77119,38.39303],[-77.77006,38.39299],[-77.76688,38.39225],[-77.76432,38.39139],[-77.76353,38.39095],[-77.76274,38.39032],[-77.75969,38.38688],[-77.75838,38.38603],[-77.75594,38.38565],[-77.75188,38.38422],[-77.75089,38.38421],[-77.74948,38.38475],[-77.74844,38.38483],[-77.74669,38.38441],[-77.74549,38.3837],[-77.74479,38.38291],[-77.74454,38.38218],[-77.74464,38.38126],[-77.74505,38.38048],[-77.74575,38.37994],[-77.74763,38.37917],[-77.74975,38.37906],[-77.75051,38.37882],[-77.75099,38.37813],[-77.751,38.37776],[-77.75075,38.37745],[-77.74976,38.37723],[-77.74617,38.37547],[-77.74545,38.37527],[-77.74439,38.37544],[-77.74341,38.37622],[-77.74242,38.3767],[-77.74075,38.37702],[-77.73872,38.37673],[-77.73796,38.3764],[-77.73725,38.3758],[-77.73627,38.37549],[-77.73565,38.37552],[-77.7344,38.37598],[-77.73333,38.37587],[-77.73277,38.37556],[-77.7319,38.37452],[-77.73121,38.374],[-77.72981,38.37348],[-77.72613,38.37158],[-77.72274,38.37118],[-77.72033,38.37029],[-77.71677,38.36932],[-77.71295,38.36767],[-77.711,38.36657],[-77.70739,38.3634],[-77.70525,38.3619],[-77.70284,38.36084],[-77.7031,38.36052],[-77.70389,38.36007],[-77.7043,38.35956],[-77.70415,38.35927],[-77.70339,38.3587],[-77.70338,38.35845],[-77.70464,38.35872],[-77.70559,38.35834],[-77.70746,38.35891],[-77.70806,38.35864],[-77.7069,38.35731],[-77.70645,38.35715],[-77.70536,38.3573],[-77.70536,38.35702],[-77.70572,38.35649],[-77.70507,38.35576],[-77.70525,38.3549],[-77.70572,38.35488],[-77.70677,38.3552],[-77.70735,38.35516],[-77.70809,38.35541],[-77.70916,38.35771],[-77.71109,38.35266],[-77.71058,38.35171],[-77.7107,38.35068],[-77.71172,38.35093],[-77.71285,38.35143],[-77.71289,38.35104],[-77.71321,38.35069],[-77.71311,38.35012],[-77.71383,38.34995],[-77.71488,38.34916],[-77.71484,38.34861],[-77.71454,38.3483],[-77.71466,38.34814],[-77.71336,38.34759],[-77.71255,38.34645],[-77.71243,38.34647],[-77.71236,38.34617],[-77.71208,38.34607],[-77.71261,38.34481],[-77.71321,38.34453],[-77.71357,38.34376],[-77.71481,38.34429],[-77.71539,38.3443],[-77.71568,38.34366],[-77.71681,38.34332],[-77.71734,38.34235],[-77.71856,38.34189],[-77.71889,38.3416],[-77.71873,38.34116],[-77.71914,38.3408],[-77.71923,38.34025],[-77.71901,38.33974],[-77.71834,38.3392],[-77.71793,38.33927],[-77.71719,38.33908],[-77.71617,38.33837],[-77.71603,38.33822],[-77.71589,38.3371],[-77.71502,38.33723],[-77.71439,38.33689],[-77.71459,38.33633],[-77.71449,38.33601],[-77.71524,38.3358],[-77.71529,38.33571],[-77.71505,38.33564],[-77.71546,38.33556],[-77.71657,38.3355],[-77.71663,38.33565],[-77.71861,38.33547],[-77.7198,38.33559],[-77.71993,38.33514],[-77.71932,38.33457],[-77.7197,38.33418],[-77.72001,38.33429],[-77.7211,38.3341],[-77.72134,38.33387],[-77.72103,38.33359],[-77.72118,38.33341],[-77.7215,38.33318],[-77.72196,38.33334],[-77.72193,38.33319],[-77.72257,38.33273],[-77.72273,38.33142],[-77.7231,38.33045],[-77.7248,38.32814],[-77.72532,38.32698],[-77.72602,38.32609],[-77.72623,38.3253],[-77.72641,38.32533],[-77.72682,38.32422],[-77.72733,38.3237],[-77.73003,38.32303],[-77.7299,38.32257],[-77.73093,38.32238],[-77.7311,38.32287],[-77.73195,38.32269],[-77.73212,38.32279],[-77.73417,38.32209],[-77.73933,38.32095],[-77.73931,38.31602],[-77.73997,38.31559],[-77.74043,38.31246],[-77.74198,38.31042],[-77.74271,38.31061],[-77.74345,38.31052],[-77.74304,38.30937],[-77.74472,38.30874],[-77.74536,38.30794],[-77.74561,38.30676],[-77.74808,38.30653],[-77.74779,38.30529],[-77.74804,38.30492],[-77.75945,38.29527],[-77.76319,38.2918],[-77.76296,38.29148],[-77.76695,38.28753],[-77.77142,38.28808],[-77.77106,38.28317],[-77.77209,38.2822],[-77.77101,38.28113],[-77.77078,38.28013],[-77.77417,38.27954],[-77.77426,38.27931],[-77.77788,38.27914],[-77.77788,38.27903],[-77.78106,38.27772],[-77.78263,38.27604],[-77.78533,38.27347],[-77.78554,38.27348],[-77.78657,38.27248],[-77.78656,38.27228],[-77.79109,38.26796],[-77.78885,38.26607],[-77.78722,38.26645],[-77.7879,38.26372],[-77.78874,38.26389],[-77.79423,38.26188],[-77.79292,38.25959],[-77.80552,38.2535],[-77.80679,38.25564],[-77.80742,38.25558],[-77.80631,38.25345],[-77.81125,38.24896],[-77.81137,38.24467],[-77.81447,38.24575],[-77.81813,38.24222],[-77.81981,38.24162],[-77.824,38.23568],[-77.82774,38.23],[-77.83442,38.23164],[-77.8377,38.2285],[-77.83691,38.22769],[-77.83778,38.22402],[-77.83857,38.22353],[-77.8385,38.22489],[-77.83894,38.22454],[-77.83963,38.22341],[-77.83914,38.22318],[-77.84035,38.2224],[-77.84111,38.22162],[-77.84278,38.22224],[-77.84464,38.22021],[-77.84297,38.21954],[-77.84439,38.21811],[-77.84559,38.21731],[-77.84749,38.21644],[-77.84909,38.21583],[-77.85003,38.21578],[-77.84977,38.2128],[-77.85155,38.20903],[-77.85388,38.20931],[-77.85457,38.20698],[-77.8577,38.20648],[-77.8566,38.20319],[-77.85986,38.2006],[-77.87263,38.20213],[-77.87742,38.20219],[-77.87731,38.20142],[-77.87754,38.20076],[-77.87313,38.19981],[-77.8726,38.19859],[-77.87103,38.19828],[-77.87377,38.19269],[-77.8715,38.19103],[-77.87481,38.18936],[-77.8771,38.18921],[-77.87704,38.18866],[-77.87478,38.18881],[-77.87493,38.18798],[-77.87482,38.18774],[-77.87989,38.18579],[-77.87971,38.18379],[-77.88152,38.18299],[-77.88365,38.18093],[-77.88607,38.17816],[-77.88762,38.17707],[-77.88896,38.17556],[-77.89082,38.17581],[-77.8916,38.17573],[-77.89678,38.17092],[-77.89766,38.17114],[-77.89796,38.17046],[-77.89924,38.16918],[-77.89942,38.1685],[-77.90211,38.166],[-77.90175,38.16519],[-77.90122,38.16512],[-77.90214,38.16453],[-77.90211,38.16374],[-77.90184,38.16347],[-77.90201,38.16333],[-77.90196,38.16298],[-77.90123,38.16207],[-77.9004,38.16174],[-77.90038,38.16129],[-77.90007,38.16102],[-77.90065,38.15982],[-77.90225,38.16042],[-77.90392,38.16027],[-77.90685,38.16048],[-77.90726,38.15979],[-77.90778,38.16026],[-77.90822,38.16035],[-77.916,38.15333],[-77.91856,38.15436],[-77.9203,38.15467],[-77.92108,38.15318],[-77.91898,38.1525],[-77.91917,38.15165],[-77.92212,38.15176],[-77.9235,38.1484],[-77.92284,38.14823],[-77.92325,38.14724],[-77.92391,38.14741],[-77.92523,38.14431],[-77.92563,38.14376],[-77.92574,38.14333],[-77.92554,38.14226],[-77.92606,38.14177],[-77.9276,38.14137],[-77.92771,38.14105],[-77.92734,38.14059],[-77.92768,38.14042],[-77.9275,38.13992],[-77.92765,38.1396],[-77.92735,38.1392],[-77.92728,38.13878],[-77.92745,38.13824],[-77.92781,38.13789],[-77.92885,38.13748],[-77.92892,38.13695],[-77.92855,38.1367],[-77.92891,38.13678],[-77.92904,38.13586],[-77.92909,38.13639],[-77.92982,38.13604],[-77.93052,38.13613],[-77.93098,38.13639],[-77.93145,38.13622],[-77.93154,38.13584],[-77.93165,38.13621],[-77.93195,38.13619],[-77.93154,38.13637],[-77.93159,38.13686],[-77.93194,38.13715],[-77.93305,38.13736],[-77.93316,38.13766],[-77.93803,38.13322],[-77.9386,38.1334],[-77.94075,38.13056],[-77.94116,38.129],[-77.94268,38.12928],[-77.94304,38.12835],[-77.94395,38.1284],[-77.94655,38.12106],[-77.94705,38.12004],[-77.94586,38.11914],[-77.94437,38.11955],[-77.94347,38.11896],[-77.94228,38.11866],[-77.94058,38.11887],[-77.93999,38.11837],[-77.93979,38.11767],[-77.93949,38.11748],[-77.9389,38.11748],[-77.9379,38.11679],[-77.9369,38.11649],[-77.93651,38.11589],[-77.93601,38.1159],[-77.93601,38.1152],[-77.93432,38.11401],[-77.93352,38.11411],[-77.93243,38.11391],[-77.93093,38.11402],[-77.92934,38.11373],[-77.92845,38.11444],[-77.92755,38.11454],[-77.92606,38.11505],[-77.92486,38.11505],[-77.92447,38.11446],[-77.92372,38.11454],[-77.92342,38.11474],[-77.92272,38.11484],[-77.92262,38.11514],[-77.92192,38.11524],[-77.92152,38.11584],[-77.92042,38.11634],[-77.92022,38.11704],[-77.91922,38.11744],[-77.91862,38.11734],[-77.91822,38.11744],[-77.91792,38.11784],[-77.91692,38.11834],[-77.91592,38.11814],[-77.91402,38.11704],[-77.91362,38.11604],[-77.91372,38.11564],[-77.91362,38.11534],[-77.91312,38.11454],[-77.91332,38.11394],[-77.91302,38.11214],[-77.91252,38.11154],[-77.91182,38.11164],[-77.91072,38.11224],[-77.90772,38.11184],[-77.90712,38.11114],[-77.90502,38.11064],[-77.90352,38.10974],[-77.90302,38.10844],[-77.90242,38.10814],[-77.90112,38.10834],[-77.90082,38.10854],[-77.90022,38.10944],[-77.89872,38.10944],[-77.89832,38.11004],[-77.89832,38.11124],[-77.89802,38.11144],[-77.89742,38.11164],[-77.89692,38.11154],[-77.89682,38.11044],[-77.89652,38.11014],[-77.89562,38.11004],[-77.89532,38.11014],[-77.89482,38.11074],[-77.89342,38.11104],[-77.89302,38.11134],[-77.89192,38.11154],[-77.89052,38.11144],[-77.89042,38.11224],[-77.88932,38.11304],[-77.88842,38.11314],[-77.88772,38.11254],[-77.88632,38.11224],[-77.88582,38.11104],[-77.88502,38.11044],[-77.88412,38.11054],[-77.88312,38.11014],[-77.88272,38.10964],[-77.88272,38.10924],[-77.88212,38.10884],[-77.87812,38.10824],[-77.87632,38.10744],[-77.87512,38.10744],[-77.87472,38.10719],[-77.87422,38.10644],[-77.87392,38.10634],[-77.87172,38.10654],[-77.86912,38.10564],[-77.86662,38.10624],[-77.86572,38.10624],[-77.86452,38.10614],[-77.86232,38.10554],[-77.86062,38.10554],[-77.85982,38.10524],[-77.85942,38.10474],[-77.85912,38.10394],[-77.85822,38.10304],[-77.85852,38.10254],[-77.85882,38.10134],[-77.85872,38.10084],[-77.85812,38.10034],[-77.85722,38.10004],[-77.85612,38.09984],[-77.85512,38.10074],[-77.85442,38.10094],[-77.85422,38.10174],[-77.85442,38.10244],[-77.85482,38.10264],[-77.85482,38.10324],[-77.85452,38.10394],[-77.85412,38.10424],[-77.85262,38.10454],[-77.85122,38.10434],[-77.85152,38.10344],[-77.85102,38.10294],[-77.84972,38.10214],[-77.84842,38.10184],[-77.84782,38.10044],[-77.84782,38.09944],[-77.84742,38.09874],[-77.84702,38.09844],[-77.84622,38.09834],[-77.84542,38.09854],[-77.84332,38.10034],[-77.84302,38.10104],[-77.84292,38.10144],[-77.84322,38.10194],[-77.84412,38.10284],[-77.84492,38.10334],[-77.84552,38.10434],[-77.84492,38.10474],[-77.84212,38.10514],[-77.84092,38.10574],[-77.83972,38.10604],[-77.83922,38.10584],[-77.83854,38.10592],[-77.83822,38.10624],[-77.83772,38.10604],[-77.83742,38.10574],[-77.83742,38.10504],[-77.83722,38.10464],[-77.83632,38.10444],[-77.83612,38.10384],[-77.83642,38.10364],[-77.83612,38.10244],[-77.83652,38.10174],[-77.83622,38.10114],[-77.83322,38.10044],[-77.83092,38.09924],[-77.83062,38.09894],[-77.83032,38.09774],[-77.83002,38.09754],[-77.82892,38.09724],[-77.82652,38.09714],[-77.82502,38.09654],[-77.82424,38.09581],[-77.82362,38.09464],[-77.82342,38.09354],[-77.82202,38.09334],[-77.81972,38.09244],[-77.81952,38.09184],[-77.81992,38.09134],[-77.82012,38.09074],[-77.82031,38.08923],[-77.81972,38.08784],[-77.81762,38.08564],[-77.81692,38.08544],[-77.81652,38.08554],[-77.81582,38.08654],[-77.81522,38.08684],[-77.81352,38.08584],[-77.81272,38.08514],[-77.81242,38.08434],[-77.81272,38.08284],[-77.81262,38.08124],[-77.81202,38.08034],[-77.81092,38.07954],[-77.80761,38.07894],[-77.80602,38.07844],[-77.80382,38.07854],[-77.80271,38.07834],[-77.80012,38.07824],[-77.79881,38.07874],[-77.79641,38.07854],[-77.79542,38.07874],[-77.79371,38.07854],[-77.79071,38.07694],[-77.79001,38.07614],[-77.78931,38.07594],[-77.78741,38.07634],[-77.78661,38.07634],[-77.78631,38.07544],[-77.78581,38.07484],[-77.78561,38.07384],[-77.78471,38.07244],[-77.78451,38.07184],[-77.78451,38.07094],[-77.78291,38.06944],[-77.78261,38.06854],[-77.78251,38.06754],[-77.78311,38.06634],[-77.78461,38.06564],[-77.78491,38.06514],[-77.78451,38.06334],[-77.78421,38.06314],[-77.78261,38.06324],[-77.78171,38.06264],[-77.78021,38.06034],[-77.77851,38.05874],[-77.77781,38.05844],[-77.77691,38.05844],[-77.77191,38.05744],[-77.77101,38.05674],[-77.77091,38.05634],[-77.77171,38.05474],[-77.77171,38.05424],[-77.77141,38.05374],[-77.77071,38.05314],[-77.76851,38.05174],[-77.76811,38.05174],[-77.76731,38.05264],[-77.76611,38.05334],[-77.76511,38.05344],[-77.76391,38.05314],[-77.76331,38.05264],[-77.76331,38.05124],[-77.76251,38.05054],[-77.75971,38.04954],[-77.75911,38.04914],[-77.75761,38.04884],[-77.75611,38.04824],[-77.75491,38.04944],[-77.75361,38.05034],[-77.75161,38.05134],[-77.75141,38.05194],[-77.75061,38.05244],[-77.74981,38.05254],[-77.74951,38.05284],[-77.74861,38.05284],[-77.74781,38.05254],[-77.74661,38.05184],[-77.74621,38.05144],[-77.74551,38.05134],[-77.74521,38.05114],[-77.74521,38.05084],[-77.74591,38.05004],[-77.74721,38.04914],[-77.74761,38.04864],[-77.74781,38.04794],[-77.74751,38.04554],[-77.74811,38.04444],[-77.74841,38.04344],[-77.74821,38.04214],[-77.74741,38.04164],[-77.74571,38.04094],[-77.74381,38.04094],[-77.74291,38.04074],[-77.74161,38.03964],[-77.74091,38.03824],[-77.74091,38.03774],[-77.74131,38.03724],[-77.74191,38.03704],[-77.74231,38.03714],[-77.74271,38.03744],[-77.74291,38.03794],[-77.74291,38.03884],[-77.74311,38.03924],[-77.74341,38.03924],[-77.74551,38.03844],[-77.74661,38.03824],[-77.74791,38.03764],[-77.74861,38.03714],[-77.74881,38.03674],[-77.74881,38.03514],[-77.74771,38.03334],[-77.74761,38.03294],[-77.74781,38.03174],[-77.74841,38.03014],[-77.74851,38.02874],[-77.74781,38.02724],[-77.74761,38.02634],[-77.74771,38.02434],[-77.74691,38.02364],[-77.74621,38.02354],[-77.74541,38.02364],[-77.74461,38.02394],[-77.74441,38.02434],[-77.74451,38.02514],[-77.74351,38.02634],[-77.74231,38.02744],[-77.74091,38.02924],[-77.74071,38.02964],[-77.74071,38.03124],[-77.74051,38.03204],[-77.74021,38.03264],[-77.73981,38.03294],[-77.73951,38.03304],[-77.73891,38.03294],[-77.73631,38.03204],[-77.73231,38.03164],[-77.73101,38.03104],[-77.73061,38.03044],[-77.73021,38.02924],[-77.72981,38.02874],[-77.72831,38.02774],[-77.72811,38.02714],[-77.72811,38.02644],[-77.72831,38.02604],[-77.72981,38.02564],[-77.73101,38.02484],[-77.73151,38.02154],[-77.73131,38.02124],[-77.73061,38.02084],[-77.72971,38.02104],[-77.72711,38.02264],[-77.72561,38.02314],[-77.72341,38.02344],[-77.72221,38.02324],[-77.72121,38.02244],[-77.72041,38.02124],[-77.71931,38.02064],[-77.71911,38.02024],[-77.71921,38.01974],[-77.72001,38.01814],[-77.72001,38.01734],[-77.71981,38.01704],[-77.71931,38.01664],[-77.71861,38.01644],[-77.71701,38.01644],[-77.71395,38.01524],[-77.71286,38.01459],[-77.71203,38.01301],[-77.71188,38.01297],[-77.71189,38.01272],[-77.71029,38.0126],[-77.7086,38.01336],[-77.70561,38.01357],[-77.70366,38.01273],[-77.7004,38.0127],[-77.7,38.01255],[-77.69936,38.012],[-77.6982,38.00995],[-77.69603,38.00751],[-77.69457,38.00712],[-77.69389,38.00718],[-77.69206,38.00794],[-77.68864,38.00813],[-77.68729,38.00801],[-77.68747,38.00781],[-77.6857,38.0077],[-77.68412,38.00817],[-77.6819,38.00765],[-77.68075,38.00754],[-77.67837,38.00672],[-77.6773,38.00652],[-77.67692,38.00623],[-77.67133,38.00389],[-77.67064,38.00338],[-77.66822,38.00064],[-77.66802,38.00006],[-77.66806,37.99785],[-77.66721,37.997],[-77.66642,37.99675],[-77.66526,37.99674],[-77.66234,37.99767],[-77.66111,37.99764],[-77.66081,37.9975],[-77.66066,37.99714],[-77.66078,37.99614],[-77.66053,37.9948],[-77.66052,37.993],[-77.65997,37.99224],[-77.65913,37.99181],[-77.65797,37.99171],[-77.65685,37.99242],[-77.65384,37.99353],[-77.64938,37.99409],[-77.64794,37.99409],[-77.6436,37.99291],[-77.64276,37.99255],[-77.64238,37.99223],[-77.64226,37.99187],[-77.64252,37.99069],[-77.63993,37.99258],[-77.62987,38.00079],[-77.62622,38.00343],[-77.62019,38.00951],[-77.61265,38.0161],[-77.59618,38.0317],[-77.59394,38.0336],[-77.59078,38.03687],[-77.58601,38.04106],[-77.57449,38.05168],[-77.54874,38.07633],[-77.54109,38.08325],[-77.49468,38.12695],[-77.47306,38.14773],[-77.459,38.16072],[-77.44023,38.17732],[-77.42849,38.18918],[-77.42433,38.19357],[-77.41931,38.19928],[-77.41674,38.20143],[-77.40235,38.21531],[-77.3844,38.23378],[-77.37933,38.23878],[-77.37467,38.2431],[-77.3703,38.24658],[-77.36775,38.24398],[-77.36543,38.24267],[-77.36288,38.24226],[-77.3604,38.24242],[-77.35799,38.24387],[-77.35424,38.24692],[-77.35103,38.24888],[-77.35019,38.24968],[-77.35,38.25013],[-77.34929,38.25067],[-77.34593,38.25223],[-77.34343,38.25269],[-77.342,38.25274],[-77.34062,38.25262],[-77.33886,38.25209],[-77.33837,38.25173],[-77.33665,38.25013],[-77.33549,38.24839],[-77.33542,38.24799],[-77.33353,38.24625],[-77.33206,38.24565],[-77.32689,38.24444],[-77.32667,38.2452],[-77.32726,38.24662],[-77.32735,38.24773],[-77.3272,38.24826],[-77.32769,38.24913],[-77.32762,38.25013],[-77.32803,38.25103],[-77.32804,38.25131],[-77.32767,38.25173],[-77.32769,38.25196],[-77.32827,38.25247],[-77.32821,38.25293],[-77.32839,38.25327],[-77.32995,38.25435],[-77.33119,38.25419],[-77.33288,38.25442],[-77.33318,38.25466],[-77.33327,38.25527],[-77.33418,38.25556],[-77.33493,38.25603],[-77.33591,38.2562],[-77.33669,38.25664],[-77.33678,38.25717],[-77.33705,38.2575],[-77.33695,38.25796],[-77.33948,38.25839],[-77.34003,38.25919],[-77.34065,38.25958],[-77.34057,38.26029],[-77.34084,38.26051],[-77.34194,38.26074],[-77.34218,38.261],[-77.34414,38.26052],[-77.34467,38.26061],[-77.3451,38.26147],[-77.34464,38.26283],[-77.34398,38.26356],[-77.34397,38.26375],[-77.34429,38.26399],[-77.34404,38.26431],[-77.34441,38.26455],[-77.34392,38.26482],[-77.3437,38.26519],[-77.34334,38.26526],[-77.34316,38.26564],[-77.34325,38.26615],[-77.34308,38.26652],[-77.34329,38.26704],[-77.34309,38.26734],[-77.34311,38.26795],[-77.34327,38.26849],[-77.34404,38.26914],[-77.34611,38.26966],[-77.34617,38.27006],[-77.34669,38.27023],[-77.34696,38.2706],[-77.34727,38.27073],[-77.34727,38.27197],[-77.34744,38.27224],[-77.34731,38.27298],[-77.34691,38.27333],[-77.34697,38.27374],[-77.34669,38.27434],[-77.34629,38.27462],[-77.34586,38.27544],[-77.34488,38.27583],[-77.34465,38.27614],[-77.34465,38.27641],[-77.34353,38.27778],[-77.34322,38.27852],[-77.34383,38.27897],[-77.3439,38.27947],[-77.34354,38.28012],[-77.34227,38.28085],[-77.34134,38.28221],[-77.34078,38.28258],[-77.34087,38.28292],[-77.34058,38.28297],[-77.34002,38.28497],[-77.34009,38.28516],[-77.33977,38.28526],[-77.33989,38.28555],[-77.33925,38.28725],[-77.33894,38.29031],[-77.33957,38.29197],[-77.34034,38.2928],[-77.34043,38.29334],[-77.33991,38.29457],[-77.33895,38.29793],[-77.33925,38.29882],[-77.3401,38.2999],[-77.33961,38.30171],[-77.33947,38.30302],[-77.33834,38.30337],[-77.33617,38.30247],[-77.33538,38.30386],[-77.33495,38.30581],[-77.3331,38.30776],[-77.3336,38.31052],[-77.33426,38.31206],[-77.33396,38.31304],[-77.3325,38.31437],[-77.33165,38.31477],[-77.33129,38.31518],[-77.32988,38.31576],[-77.3297,38.31613],[-77.32828,38.31679],[-77.3271,38.31792],[-77.32668,38.31874],[-77.32719,38.32056],[-77.32707,38.32278],[-77.32676,38.32304],[-77.32676,38.32349],[-77.32705,38.32434],[-77.32729,38.32445],[-77.32713,38.32527],[-77.32743,38.32584],[-77.3279,38.3262],[-77.32763,38.32721],[-77.32774,38.32758],[-77.32731,38.32866],[-77.32795,38.32938],[-77.32807,38.32973],[-77.32762,38.33046],[-77.32766,38.33085],[-77.32813,38.33136],[-77.32807,38.33168],[-77.32829,38.33201],[-77.32924,38.33277],[-77.33026,38.33387],[-77.32973,38.33442],[-77.32904,38.33466],[-77.32887,38.33496],[-77.32886,38.3355],[-77.32785,38.33634],[-77.32703,38.33651],[-77.32631,38.33645],[-77.32572,38.33689],[-77.32325,38.33743],[-77.32222,38.3379],[-77.32175,38.33796],[-77.32158,38.33814],[-77.32145,38.34558],[-77.3211,38.34597],[-77.32027,38.34632],[-77.31918,38.34647],[-77.31844,38.3464],[-77.31687,38.34579],[-77.3163,38.34573],[-77.31578,38.34528],[-77.31541,38.34522],[-77.31419,38.34532],[-77.30945,38.34508],[-77.30677,38.34605],[-77.3059,38.34672],[-77.305,38.34692],[-77.30075,38.34649],[-77.29723,38.347],[-77.29362,38.34822],[-77.2913,38.34862],[-77.28965,38.34857],[-77.2871,38.3488],[-77.2838,38.34286],[-77.28303,38.3428],[-77.27705,38.33847],[-77.27658,38.33788],[-77.27141,38.33592],[-77.2653,38.33316],[-77.2497,38.33162],[-77.24715,38.33152],[-77.24007,38.3316],[-77.23521,38.33254],[-77.22172,38.33677],[-77.21857,38.33724],[-77.21467,38.33879],[-77.20929,38.34016],[-77.20702,38.34013],[-77.20469,38.3411],[-77.20247,38.34124],[-77.19986,38.34087],[-77.19449,38.34114],[-77.1905,38.34104],[-77.18273,38.34201],[-77.17934,38.34191],[-77.17045,38.34479],[-77.16322,38.34582],[-77.16159,38.34651],[-77.15837,38.3485],[-77.15519,38.35105],[-77.15138,38.35448],[-77.14926,38.35686],[-77.14577,38.36146],[-77.14032,38.36661],[-77.13918,38.36757],[-77.13822,38.36792],[-77.13773,38.36802],[-77.13328,38.36784],[-77.12886,38.36724],[-77.1271,38.36722],[-77.1247,38.36676],[-77.1244,38.367],[-77.12082,38.36729],[-77.11775,38.36782],[-77.11668,38.36831],[-77.11183,38.36913],[-77.10799,38.36966],[-77.10487,38.36975],[-77.10172,38.36953],[-77.09812,38.36883],[-77.09444,38.36775],[-77.09353,38.3673],[-77.09009,38.36728],[-77.08668,38.36793],[-77.08424,38.36874],[-77.08406,38.3691],[-77.08137,38.37018],[-77.07689,38.37276],[-77.07465,38.37439],[-77.074,38.37512],[-77.07055,38.37815],[-77.06123,38.38886],[-77.05871,38.39399],[-77.05678,38.3962],[-77.05342,38.39881],[-77.05162,38.39921],[-77.05063,38.3993],[-77.04982,38.39915],[-77.04846,38.39943],[-77.04369,38.40102],[-77.04228,38.40094],[-77.0415,38.40069],[-77.03656,38.39673],[-77.03154,38.39204],[-77.02898,38.38989],[-77.02593,38.38823],[-77.0226,38.3845],[-77.02196,38.38415],[-77.0211,38.38322],[-77.01802,38.3816],[-77.01765,38.38105],[-77.01501,38.37846],[-77.01464,38.37783],[-77.01335,38.3764],[-77.01233,38.37548],[-77.0121,38.37512],[-77.01214,38.37485],[-77.01146,38.37442],[-77.01305,38.37373],[-77.01458,38.37274],[-77.01527,38.37204],[-77.01591,38.37102],[-77.01583,38.36928],[-77.01517,38.36767],[-77.01479,38.36385],[-77.01447,38.36222],[-77.01484,38.35713],[-77.01465,38.35404],[-77.01545,38.35188],[-77.0159,38.34556],[-77.01645,38.34461],[-77.01681,38.34169],[-77.01638,38.34],[-77.01612,38.33954],[-77.01547,38.33871],[-77.01435,38.33772],[-77.01437,38.33652],[-77.01505,38.33524],[-77.01506,38.33417],[-77.0144,38.33317],[-77.01453,38.33263],[-77.03068,38.31162],[-77.02971,38.31127],[-77.02949,38.31152],[-77.02906,38.31156],[-77.02876,38.31138],[-77.02871,38.31039],[-77.02833,38.30929],[-77.02851,38.30669],[-77.02813,38.30532],[-77.027,38.30461],[-77.02535,38.30281],[-77.02351,38.30146],[-77.02103,38.30118],[-77.01829,38.3003],[-77.01645,38.29884],[-77.01459,38.29608],[-77.01284,38.29437],[-77.01066,38.29277],[-77.0095,38.29086],[-77.00871,38.28896],[-77.00618,38.28668],[-77.00453,38.28491],[-77.00278,38.28244],[-77.0016,38.28174],[-77.0015,38.28071],[-77.0009,38.28],[-76.99087,38.27364],[-76.98991,38.27428],[-76.98897,38.27441],[-76.98588,38.27427],[-76.98262,38.27469],[-76.98135,38.27454],[-76.97995,38.27308],[-76.97844,38.27226],[-76.97769,38.27095],[-76.97622,38.26999],[-76.97522,38.26902],[-76.9742,38.26835],[-76.97306,38.26695],[-76.97081,38.26565],[-76.96943,38.26366],[-76.96845,38.26277],[-76.96769,38.26174],[-76.96571,38.26057],[-76.96386,38.25903],[-76.96209,38.25696],[-76.96165,38.25567],[-76.96161,38.25508],[-76.96117,38.25494],[-76.96156,38.25477],[-76.96149,38.25389],[-76.96088,38.25342],[-76.96086,38.2531],[-76.96137,38.25309],[-76.96065,38.24947],[-76.96028,38.24853],[-76.95841,38.24526],[-76.95739,38.2423],[-76.95702,38.2402],[-76.95692,38.23747],[-76.957,38.23633],[-76.95723,38.23565],[-76.9581,38.23406],[-76.96033,38.23165],[-76.96101,38.23123],[-76.96225,38.22989],[-76.94902,38.20842],[-76.94819,38.20828],[-76.94392,38.20632],[-76.93992,38.20429],[-76.93818,38.20298],[-76.93684,38.20238],[-76.93067,38.20122],[-76.9274,38.20095],[-76.92231,38.20089],[-76.92016,38.20023],[-76.91599,38.19967],[-76.91501,38.1986],[-76.91437,38.19816],[-76.91195,38.19771],[-76.9107,38.19712],[-76.90983,38.19625],[-76.90746,38.19483],[-76.90612,38.19349],[-76.90487,38.19287],[-76.90521,38.19278],[-76.90417,38.1924],[-76.90285,38.1908],[-76.90136,38.18962],[-76.9003,38.18906],[-76.89794,38.18736],[-76.89488,38.18587],[-76.89119,38.18373],[-76.88843,38.18158],[-76.88652,38.17984],[-76.88456,38.17855],[-76.88448,38.17815],[-76.88277,38.17646],[-76.88101,38.1752],[-76.87849,38.17376],[-76.87412,38.1721],[-76.87272,38.17169],[-76.87115,38.17145],[-76.86888,38.17133],[-76.85266,38.20269],[-76.83473,38.23891],[-76.82891,38.25013],[-76.82882,38.2519],[-76.82669,38.25953],[-76.82126,38.26876],[-76.82095,38.27134],[-76.82166,38.27426],[-76.82475,38.2789],[-76.82838,38.28654],[-76.84617,38.32779],[-76.84724,38.32915],[-76.84937,38.33105],[-76.85289,38.3326],[-76.85402,38.33679],[-76.85362,38.3401],[-76.85075,38.34611],[-76.84777,38.35578],[-76.84736,38.35981],[-76.84792,38.36223],[-76.84993,38.36581],[-76.85223,38.36811],[-76.85827,38.37172],[-76.86549,38.37512],[-76.8713,38.37764],[-76.87366,38.37957],[-76.87413,38.38072],[-76.8744,38.38198],[-76.87423,38.38372],[-76.8737,38.38517],[-76.87219,38.38806],[-76.87146,38.38994],[-76.87113,38.3901],[-76.86875,38.38981],[-76.86877,38.3908],[-76.86778,38.39115],[-76.86773,38.39149],[-76.86819,38.39181],[-76.86814,38.39205],[-76.86797,38.39216],[-76.86705,38.39173],[-76.8668,38.39194],[-76.86724,38.39248],[-76.86677,38.39244],[-76.86649,38.39281],[-76.86603,38.39208],[-76.86584,38.39228],[-76.86495,38.39204],[-76.86432,38.39163],[-76.86367,38.39187],[-76.86329,38.3918],[-76.86292,38.39203],[-76.86227,38.39185],[-76.86204,38.39233],[-76.86064,38.39293],[-76.86038,38.3936],[-76.8587,38.39385],[-76.85728,38.39427],[-76.85651,38.39467],[-76.85533,38.39576],[-76.8537,38.39641],[-76.85243,38.39766],[-76.851,38.39795],[-76.85032,38.39834],[-76.84886,38.4001],[-76.84887,38.40043],[-76.84829,38.40204],[-76.84828,38.40433],[-76.84807,38.40516],[-76.84823,38.40582],[-76.84775,38.40652],[-76.84732,38.40679],[-76.84668,38.40799],[-76.84475,38.4093],[-76.84218,38.40971],[-76.84085,38.41016],[-76.83973,38.41116],[-76.83773,38.41399],[-76.83739,38.41406],[-76.83712,38.41434],[-76.83695,38.41508],[-76.83663,38.41546],[-76.83664,38.41581],[-76.83607,38.41639],[-76.83589,38.41682],[-76.83541,38.4171],[-76.83531,38.41746],[-76.83488,38.41794],[-76.83393,38.41838],[-76.83196,38.42025],[-76.83036,38.42063],[-76.82956,38.42112],[-76.82943,38.42181],[-76.82917,38.42196],[-76.82904,38.42245],[-76.82795,38.42349],[-76.82732,38.42519],[-76.8252,38.4258],[-76.82473,38.42684],[-76.82402,38.42715],[-76.82386,38.42753],[-76.8227,38.42838],[-76.82246,38.42888],[-76.82194,38.43119],[-76.82242,38.43208],[-76.82241,38.43241],[-76.82086,38.43402],[-76.81467,38.44411],[-76.81445,38.44468],[-76.81044,38.45097],[-76.80574,38.45898],[-76.80539,38.45926],[-76.80479,38.4606],[-76.80267,38.46416],[-76.79955,38.46925],[-76.79774,38.47188],[-76.79646,38.4744],[-76.7945,38.47719],[-76.78521,38.49171],[-76.78441,38.49247],[-76.77496,38.5089],[-76.77324,38.50921],[-76.77062,38.51012],[-76.76973,38.51101],[-76.76905,38.51215],[-76.76829,38.51295],[-76.7669,38.51328],[-76.76586,38.51316],[-76.76461,38.51339],[-76.76255,38.51317],[-76.76095,38.51337],[-76.75936,38.51303],[-76.758,38.51309],[-76.75655,38.51353],[-76.75374,38.51353],[-76.75293,38.51376],[-76.75205,38.51373],[-76.74805,38.51247],[-76.74586,38.51263],[-76.74414,38.51219],[-76.74215,38.51249],[-76.74005,38.51258],[-76.73916,38.51232],[-76.73492,38.51219],[-76.73367,38.51246],[-76.73009,38.51183],[-76.72663,38.51177],[-76.72205,38.51057],[-76.7204,38.51069],[-76.71891,38.50976],[-76.71854,38.50978],[-76.71776,38.51038],[-76.71683,38.51036],[-76.71641,38.51011],[-76.71605,38.50957],[-76.71565,38.50945],[-76.71475,38.50964],[-76.71433,38.51036],[-76.71384,38.51048],[-76.71334,38.51009],[-76.71341,38.50948],[-76.71272,38.50988],[-76.71184,38.50987],[-76.71053,38.50917],[-76.71041,38.50886],[-76.71067,38.508],[-76.71061,38.50747],[-76.71041,38.50745],[-76.70995,38.50806],[-76.70917,38.50736],[-76.7087,38.50647],[-76.70887,38.50598],[-76.70844,38.50555],[-76.70841,38.50475],[-76.70736,38.5045],[-76.7073,38.50425],[-76.70652,38.50424],[-76.70622,38.50357],[-76.70554,38.50296],[-76.70528,38.5025],[-76.70541,38.50195],[-76.70531,38.50168],[-76.70494,38.50191],[-76.70442,38.50183],[-76.70347,38.50243],[-76.70284,38.50219],[-76.7022,38.50167],[-76.7017,38.50049],[-76.70103,38.49965],[-76.70001,38.49913],[-76.69983,38.49876],[-76.70008,38.49859],[-76.70027,38.49794],[-76.70012,38.49763],[-76.69932,38.49713],[-76.695,38.49676],[-76.69365,38.49621],[-76.6916,38.49588],[-76.68948,38.49585],[-76.68665,38.49499],[-76.6846,38.49501],[-76.68382,38.49525],[-76.68159,38.49694],[-76.68025,38.49769],[-76.67676,38.49895],[-76.67412,38.49962],[-76.67444,38.50012],[-76.67332,38.50332],[-76.6706,38.50966],[-76.66868,38.5125],[-76.66722,38.51547],[-76.66657,38.51853],[-76.66603,38.51967],[-76.6651,38.52088],[-76.66381,38.52198],[-76.66302,38.52304],[-76.66255,38.52425],[-76.66251,38.52549],[-76.663,38.52662],[-76.66506,38.52867],[-76.67088,38.53341],[-76.67234,38.53424],[-76.67366,38.5347],[-76.67478,38.53529],[-76.67546,38.53588]]]},"properties":{"GEOID":"47900","NAME":"Washington-Arlington-Alexandria, DC-VA-MD-WV Metro Area"}},{"type":"Feature","geometry":{"type":"MultiPolygon","coordinates":[[[[-104.6629,39.12953],[-104.63522,39.12959],[-104.62812,39.12944],[-104.62428,39.12948],[-104.62187,39.1298],[-104.61249,39.12943],[-104.54981,39.12939],[-104.49992,39.12951],[-104.48395,39.12975],[-104.46634,39.12966],[-104.46352,39.1298],[-104.46115,39.12954],[-104.45068,39.12941],[-104.34793,39.12885],[-104.31078,39.12902],[-104.29198,39.12871],[-104.26424,39.12866],[-104.24115,39.12882],[-104.23619,39.12863],[-104.20177,39.12859],[-104.18094,39.12874],[-104.17417,39.1284],[-104.16093,39.12868],[-104.12552,39.12865],[-104.12498,39.12889],[-104.08857,39.12832],[-104.07774,39.12845],[-104.05159,39.12837],[-104.05201,39.11418],[-104.05216,39.10046],[-104.05346,39.04383],[-104.05306,38.95597],[-104.05553,38.86887],[-103.98071,38.86876],[-103.87972,38.86753],[-103.86313,38.86714],[-103.86156,38.86682],[-103.86043,38.86707],[-103.85245,38.86691],[-103.79122,38.86672],[-103.79061,38.86682],[-103.76509,38.86646],[-103.75747,38.86656],[-103.75039,38.86644],[-103.71966,38.86683],[-103.71942,38.87499],[-103.72019,38.90565],[-103.72146,38.9973],[-103.72094,39.0111],[-103.72095,39.05518],[-103.72201,39.08408],[-103.72082,39.09874],[-103.7208,39.11989],[-103.72115,39.12831],[-103.71525,39.12825],[-103.71523,39.12845],[-103.71529,39.15764],[-103.71512,39.17815],[-103.71492,39.17902],[-103.71517,39.20136],[-103.71489,39.24419],[-103.71505,39.24999],[-103.71489,39.28515],[-103.71546,39.30234],[-103.71508,39.30988],[-103.7148,39.34454],[-103.71485,39.37388],[-103.71525,39.37499],[-103.71529,39.39464],[-103.7152,39.41809],[-103.7145,39.4839],[-103.71465,39.48457],[-103.71438,39.48485],[-103.71452,39.48519],[-103.7145,39.49062],[-103.71429,39.49999],[-103.7144,39.53394],[-103.71412,39.54875],[-103.71436,39.56633],[-103.70707,39.5663],[-103.70661,39.62498],[-103.70667,39.72544],[-103.70625,39.83045],[-103.7063,39.889],[-103.7061,39.90669],[-103.70624,39.95888],[-103.7057,39.98511],[-103.70583,39.99998],[-103.7057,40.00137],[-103.7168,40.00141],[-103.7298,40.00121],[-103.74062,40.00135],[-103.86147,40.00122],[-103.86384,40.00148],[-103.86774,40.0012],[-104.0005,40.00117],[-104.0005,40.00106],[-104.00298,40.00106],[-104.03715,40.00113],[-104.0375,40.00124],[-104.03803,40.00105],[-104.16933,40.00078],[-104.26739,40.00092],[-104.3015,40.00076],[-104.38138,40.00069],[-104.39538,40.00082],[-104.48481,40.00059],[-104.9614,40.00034],[-104.96154,40.0004],[-104.96152,40.01119],[-104.96148,40.01498],[-104.96132,40.01498],[-104.96107,40.04414],[-104.97853,40.04389],[-104.97924,40.04376],[-104.9799,40.04211],[-104.97993,40.04031],[-104.98004,40.04032],[-104.98006,40.02932],[-104.9865,40.02931],[-104.98654,40.0258],[-104.99901,40.02578],[-104.999,40.02351],[-104.99674,40.02351],[-104.99678,40.02082],[-104.99902,40.02094],[-104.99901,40.02063],[-104.99604,40.02056],[-104.99579,40.02036],[-104.99631,40.0192],[-104.99691,40.01849],[-104.99751,40.0181],[-104.99811,40.01698],[-104.99907,40.01613],[-104.99907,40.01489],[-104.98961,40.01489],[-104.98965,40.00768],[-105.00799,40.00758],[-105.00791,40.00048],[-105.04623,40.00047],[-105.04624,40.00027],[-105.05282,40.00026],[-105.0528,39.97767],[-105.06514,39.97248],[-105.06806,39.97093],[-105.07061,39.96902],[-105.07657,39.96361],[-105.07863,39.96218],[-105.08002,39.96145],[-105.08203,39.96085],[-105.08746,39.95996],[-105.08752,39.95975],[-105.08803,39.95975],[-105.08804,39.95844],[-105.08869,39.95842],[-105.08869,39.95803],[-105.08823,39.95793],[-105.08669,39.95791],[-105.08524,39.95836],[-105.08422,39.95849],[-105.08312,39.95827],[-105.08312,39.9578],[-105.072,39.95767],[-105.0719,39.9502],[-105.0746,39.95052],[-105.07657,39.95054],[-105.07664,39.94333],[-105.09107,39.94328],[-105.09098,39.93925],[-105.09081,39.93925],[-105.09085,39.93605],[-105.10924,39.93614],[-105.10924,39.93541],[-105.11286,39.93296],[-105.1133,39.93228],[-105.11345,39.93151],[-105.11329,39.93074],[-105.11187,39.92805],[-105.11106,39.92719],[-105.1094,39.9262],[-105.10941,39.92548],[-105.11184,39.92708],[-105.11376,39.92862],[-105.11448,39.93013],[-105.11866,39.93296],[-105.11877,39.9338],[-105.11826,39.93501],[-105.11862,39.93568],[-105.11856,39.94332],[-105.10935,39.94334],[-105.10933,39.95064],[-105.12051,39.95053],[-105.12084,39.95129],[-105.11597,39.95391],[-105.11365,39.95481],[-105.10954,39.95611],[-105.10952,39.957],[-105.11564,39.95498],[-105.11795,39.95394],[-105.12116,39.95214],[-105.12194,39.95416],[-105.128,39.95417],[-105.12816,39.93962],[-105.13758,39.93971],[-105.1376,39.92893],[-105.14704,39.92894],[-105.14714,39.91389],[-105.14849,39.91388],[-105.14847,39.91405],[-105.16535,39.91413],[-105.16657,39.91389],[-105.19665,39.91419],[-105.20024,39.91399],[-105.21247,39.91424],[-105.23134,39.91408],[-105.23854,39.91439],[-105.24538,39.91408],[-105.26395,39.91399],[-105.26495,39.91419],[-105.28266,39.91369],[-105.30684,39.91399],[-105.33955,39.91379],[-105.39785,39.91289],[-105.39815,39.92606],[-105.39797,39.93487],[-105.39922,39.93482],[-105.40016,39.93511],[-105.40084,39.93503],[-105.40199,39.93442],[-105.40466,39.93242],[-105.40604,39.93174],[-105.40642,39.9317],[-105.40799,39.93185],[-105.4091,39.93223],[-105.41016,39.93224],[-105.41134,39.93261],[-105.4126,39.93353],[-105.41302,39.9344],[-105.41372,39.93449],[-105.41432,39.93415],[-105.41503,39.93325],[-105.41506,39.93217],[-105.41537,39.93171],[-105.41636,39.931],[-105.41733,39.93067],[-105.41797,39.92966],[-105.4183,39.92947],[-105.41862,39.92875],[-105.41884,39.92867],[-105.42023,39.92997],[-105.42081,39.9309],[-105.42206,39.93163],[-105.42388,39.93158],[-105.42589,39.93108],[-105.42755,39.93105],[-105.42933,39.93121],[-105.4307,39.93169],[-105.43224,39.9329],[-105.43255,39.93341],[-105.43464,39.93471],[-105.43557,39.93502],[-105.43611,39.93575],[-105.43729,39.93609],[-105.43813,39.93673],[-105.43847,39.93753],[-105.44003,39.93839],[-105.44188,39.93828],[-105.44317,39.93802],[-105.44494,39.93715],[-105.44633,39.93712],[-105.44707,39.93691],[-105.44825,39.93631],[-105.44874,39.93565],[-105.44948,39.93521],[-105.45149,39.93453],[-105.45387,39.93403],[-105.45485,39.93315],[-105.45539,39.93237],[-105.45735,39.93219],[-105.50087,39.93239],[-105.51905,39.93229],[-105.62567,39.93239],[-105.62877,39.93209],[-105.6758,39.93245],[-105.67797,39.93051],[-105.67789,39.93006],[-105.6775,39.92949],[-105.6766,39.92877],[-105.67661,39.92856],[-105.67752,39.92838],[-105.67888,39.92765],[-105.68008,39.9265],[-105.68019,39.92526],[-105.68116,39.92348],[-105.68227,39.92191],[-105.68237,39.92094],[-105.68274,39.92044],[-105.68281,39.91825],[-105.68272,39.9179],[-105.68219,39.91748],[-105.683,39.91725],[-105.68598,39.91565],[-105.68624,39.91515],[-105.68629,39.91337],[-105.68651,39.91284],[-105.6873,39.91235],[-105.68786,39.9117],[-105.68794,39.90974],[-105.68859,39.90748],[-105.68723,39.90419],[-105.6873,39.90394],[-105.68908,39.90312],[-105.69032,39.9019],[-105.69113,39.89922],[-105.6918,39.89839],[-105.69176,39.89804],[-105.69112,39.89729],[-105.69392,39.8963],[-105.69554,39.89525],[-105.69722,39.89456],[-105.69791,39.894],[-105.69972,39.8915],[-105.69955,39.8904],[-105.69971,39.88945],[-105.69904,39.88789],[-105.69922,39.88647],[-105.69939,39.88617],[-105.69936,39.8856],[-105.69873,39.88486],[-105.69769,39.88431],[-105.69837,39.88283],[-105.69838,39.88096],[-105.69989,39.87989],[-105.70073,39.87915],[-105.70078,39.87889],[-105.70032,39.87819],[-105.70025,39.87745],[-105.6997,39.87653],[-105.69924,39.87499],[-105.69915,39.87414],[-105.69728,39.87231],[-105.69685,39.8717],[-105.69693,39.8705],[-105.69769,39.86859],[-105.69777,39.86799],[-105.69694,39.8655],[-105.69618,39.86461],[-105.69654,39.86358],[-105.69612,39.86152],[-105.69466,39.85955],[-105.69396,39.85888],[-105.69358,39.85823],[-105.6935,39.85769],[-105.69366,39.85725],[-105.6927,39.85499],[-105.69111,39.85257],[-105.69035,39.852],[-105.69131,39.85134],[-105.6919,39.85035],[-105.69225,39.84938],[-105.69273,39.84863],[-105.69354,39.84785],[-105.69396,39.84626],[-105.69379,39.84547],[-105.69427,39.84478],[-105.69462,39.84371],[-105.69575,39.83948],[-105.69634,39.83892],[-105.70127,39.83713],[-105.70327,39.83671],[-105.70513,39.83661],[-105.70814,39.83672],[-105.71046,39.83738],[-105.71234,39.83771],[-105.71337,39.83821],[-105.71698,39.83547],[-105.71901,39.83191],[-105.71934,39.83105],[-105.71897,39.82896],[-105.71905,39.82779],[-105.71953,39.82737],[-105.72191,39.8262],[-105.72328,39.82535],[-105.72424,39.82407],[-105.72456,39.82199],[-105.7242,39.82127],[-105.72388,39.81933],[-105.72413,39.81902],[-105.72416,39.81853],[-105.72518,39.81733],[-105.73004,39.81484],[-105.73143,39.81432],[-105.73346,39.81254],[-105.73373,39.81146],[-105.73401,39.81101],[-105.73498,39.81023],[-105.73531,39.80934],[-105.73559,39.8074],[-105.73615,39.80595],[-105.73581,39.80528],[-105.73593,39.80499],[-105.73643,39.8048],[-105.73856,39.80501],[-105.74001,39.80484],[-105.74231,39.80419],[-105.74449,39.80338],[-105.74628,39.80173],[-105.74707,39.80133],[-105.74968,39.80094],[-105.75056,39.8013],[-105.75187,39.80063],[-105.75267,39.79994],[-105.75423,39.79923],[-105.75833,39.79772],[-105.76096,39.7971],[-105.76178,39.79669],[-105.76333,39.79521],[-105.76388,39.79498],[-105.76596,39.79486],[-105.76946,39.7957],[-105.77337,39.79724],[-105.77701,39.7981],[-105.77971,39.79905],[-105.78113,39.80001],[-105.78231,39.80118],[-105.78359,39.80199],[-105.78466,39.80243],[-105.78671,39.80247],[-105.78982,39.80307],[-105.79094,39.8031],[-105.79284,39.80209],[-105.79373,39.80194],[-105.79444,39.80215],[-105.7958,39.80292],[-105.79756,39.80293],[-105.79901,39.80343],[-105.8001,39.80292],[-105.80072,39.80228],[-105.80127,39.80145],[-105.80194,39.79934],[-105.8032,39.79902],[-105.80486,39.79903],[-105.80662,39.7986],[-105.80752,39.79805],[-105.80826,39.79733],[-105.80899,39.79642],[-105.80972,39.79496],[-105.81021,39.79291],[-105.80993,39.79245],[-105.81051,39.79147],[-105.8125,39.79072],[-105.81418,39.7903],[-105.81625,39.79005],[-105.81841,39.79001],[-105.8192,39.78983],[-105.82078,39.7888],[-105.82142,39.78806],[-105.82215,39.78621],[-105.82295,39.7856],[-105.82496,39.7866],[-105.82569,39.78686],[-105.82714,39.787],[-105.83,39.78822],[-105.83186,39.78818],[-105.83342,39.78789],[-105.83861,39.78813],[-105.84072,39.78894],[-105.84409,39.78952],[-105.84635,39.78921],[-105.84782,39.78919],[-105.84993,39.78856],[-105.8511,39.78776],[-105.85148,39.78777],[-105.8509,39.78856],[-105.8509,39.78909],[-105.85149,39.7898],[-105.85207,39.79113],[-105.85336,39.79227],[-105.85494,39.79615],[-105.85528,39.7957],[-105.85576,39.7955],[-105.85735,39.79579],[-105.86011,39.79694],[-105.86071,39.79705],[-105.86223,39.79672],[-105.86359,39.79689],[-105.86873,39.79663],[-105.87231,39.79669],[-105.87284,39.79693],[-105.87438,39.79875],[-105.87475,39.79904],[-105.87557,39.79926],[-105.87696,39.79907],[-105.87814,39.7986],[-105.88055,39.79848],[-105.88336,39.79801],[-105.8857,39.79718],[-105.88739,39.797],[-105.88787,39.79582],[-105.88794,39.795],[-105.88773,39.79403],[-105.88795,39.79314],[-105.88778,39.79222],[-105.8879,39.79013],[-105.8877,39.78902],[-105.88804,39.78858],[-105.89074,39.78638],[-105.89235,39.78411],[-105.89266,39.78264],[-105.89209,39.7808],[-105.89148,39.78011],[-105.89107,39.77933],[-105.89003,39.77864],[-105.88957,39.77567],[-105.88964,39.77366],[-105.88804,39.77147],[-105.88754,39.77048],[-105.88708,39.76707],[-105.88672,39.766],[-105.88582,39.76478],[-105.88511,39.76415],[-105.88369,39.76356],[-105.88285,39.76338],[-105.88255,39.76299],[-105.88152,39.76052],[-105.88048,39.7593],[-105.88079,39.75865],[-105.88089,39.75799],[-105.88181,39.75669],[-105.88212,39.75577],[-105.88271,39.75502],[-105.88412,39.75373],[-105.88459,39.75286],[-105.88484,39.75172],[-105.885,39.74999],[-105.88317,39.74763],[-105.88234,39.74558],[-105.88327,39.74381],[-105.88238,39.74033],[-105.88371,39.73701],[-105.88695,39.73418],[-105.88944,39.73155],[-105.89175,39.73039],[-105.89996,39.72878],[-105.90473,39.72878],[-105.90672,39.72753],[-105.90828,39.72625],[-105.90746,39.72405],[-105.90884,39.72294],[-105.9105,39.72071],[-105.91201,39.71615],[-105.91177,39.7153],[-105.91677,39.71358],[-105.91806,39.71208],[-105.92141,39.70994],[-105.92186,39.70812],[-105.92455,39.70342],[-105.92406,39.70157],[-105.92462,39.69897],[-105.92004,39.69389],[-105.92047,39.69254],[-105.91958,39.69029],[-105.92133,39.68431],[-105.92465,39.68016],[-105.92703,39.6767],[-105.9266,39.6752],[-105.92668,39.67359],[-105.92629,39.67299],[-105.92229,39.67012],[-105.91995,39.66943],[-105.91487,39.66578],[-105.91075,39.66229],[-105.90369,39.66443],[-105.89681,39.66466],[-105.89395,39.65942],[-105.88821,39.65843],[-105.88486,39.65708],[-105.87961,39.66364],[-105.87557,39.6651],[-105.875,39.66518],[-105.87302,39.66602],[-105.8681,39.66691],[-105.86584,39.66697],[-105.86477,39.66722],[-105.86297,39.66496],[-105.86226,39.66327],[-105.86203,39.66228],[-105.85995,39.65923],[-105.85947,39.6587],[-105.85863,39.65817],[-105.85774,39.65789],[-105.85677,39.65783],[-105.85661,39.65761],[-105.85673,39.65703],[-105.85662,39.65628],[-105.85678,39.65589],[-105.85649,39.65534],[-105.85632,39.65395],[-105.85566,39.65223],[-105.85476,39.65083],[-105.85434,39.64908],[-105.85384,39.64855],[-105.85123,39.64664],[-105.84866,39.64416],[-105.84804,39.64403],[-105.8461,39.64409],[-105.84155,39.64618],[-105.84078,39.6461],[-105.83947,39.64559],[-105.83886,39.64458],[-105.83797,39.64411],[-105.83777,39.64376],[-105.83729,39.64355],[-105.83669,39.64295],[-105.83537,39.64236],[-105.83492,39.642],[-105.83451,39.64196],[-105.83395,39.64222],[-105.8333,39.64205],[-105.83261,39.6422],[-105.82874,39.64195],[-105.82758,39.64169],[-105.82627,39.64093],[-105.82596,39.64093],[-105.82491,39.64161],[-105.82118,39.64269],[-105.82035,39.64135],[-105.82041,39.6409],[-105.82018,39.64054],[-105.81953,39.64017],[-105.81916,39.63966],[-105.81909,39.63827],[-105.81848,39.63639],[-105.81864,39.63491],[-105.8179,39.63403],[-105.81724,39.63356],[-105.81591,39.63375],[-105.81226,39.63504],[-105.81094,39.63535],[-105.80933,39.63538],[-105.80739,39.63498],[-105.80623,39.63495],[-105.80317,39.63545],[-105.80066,39.63557],[-105.79827,39.63635],[-105.7969,39.63643],[-105.79511,39.63623],[-105.79306,39.63633],[-105.79182,39.63534],[-105.79148,39.63496],[-105.79119,39.63424],[-105.78887,39.63301],[-105.78802,39.63239],[-105.78558,39.63161],[-105.7846,39.63115],[-105.78385,39.63024],[-105.78323,39.62994],[-105.78267,39.62902],[-105.78288,39.62763],[-105.78233,39.62677],[-105.78241,39.62499],[-105.78223,39.62433],[-105.78284,39.62266],[-105.78238,39.62148],[-105.7827,39.62052],[-105.78253,39.6194],[-105.78271,39.61796],[-105.78121,39.61596],[-105.77733,39.61276],[-105.77614,39.61108],[-105.77603,39.61073],[-105.77628,39.61039],[-105.77624,39.60981],[-105.77601,39.60927],[-105.77624,39.60834],[-105.7757,39.60653],[-105.77574,39.60558],[-105.77597,39.60514],[-105.77757,39.60442],[-105.77815,39.60398],[-105.7788,39.60342],[-105.77941,39.60258],[-105.78139,39.6009],[-105.78274,39.60014],[-105.78694,39.59919],[-105.78914,39.59848],[-105.79075,39.59824],[-105.79166,39.59789],[-105.79317,39.59668],[-105.79437,39.59483],[-105.79534,39.59423],[-105.7961,39.59394],[-105.79845,39.59376],[-105.80015,39.59341],[-105.80043,39.59321],[-105.80137,39.59124],[-105.80322,39.58982],[-105.80511,39.58739],[-105.80669,39.58483],[-105.80742,39.58391],[-105.80808,39.5834],[-105.8122,39.5826],[-105.8134,39.58219],[-105.81379,39.58241],[-105.81686,39.5813],[-105.81778,39.58078],[-105.81809,39.58084],[-105.81891,39.58182],[-105.8199,39.58223],[-105.82006,39.58214],[-105.82019,39.58152],[-105.82062,39.58093],[-105.82164,39.58041],[-105.82272,39.58009],[-105.82654,39.5802],[-105.8269,39.57957],[-105.82726,39.57932],[-105.82892,39.57873],[-105.83154,39.57808],[-105.83239,39.57757],[-105.83368,39.57613],[-105.83432,39.5759],[-105.83837,39.57295],[-105.8386,39.5723],[-105.8384,39.57145],[-105.8366,39.56879],[-105.83335,39.56746],[-105.83192,39.56705],[-105.83061,39.56646],[-105.83,39.56593],[-105.82943,39.56438],[-105.82852,39.56345],[-105.8285,39.56307],[-105.82893,39.56201],[-105.82891,39.56155],[-105.82771,39.55949],[-105.82606,39.55744],[-105.82582,39.55685],[-105.82577,39.55568],[-105.82234,39.55301],[-105.81872,39.55207],[-105.81635,39.55216],[-105.81581,39.55198],[-105.8159,39.55086],[-105.81616,39.55022],[-105.81609,39.54891],[-105.81631,39.54815],[-105.81688,39.54793],[-105.81893,39.54582],[-105.81907,39.54406],[-105.8189,39.54295],[-105.81806,39.54052],[-105.81798,39.53946],[-105.81763,39.53831],[-105.81791,39.53805],[-105.81927,39.53757],[-105.81996,39.53634],[-105.82032,39.53469],[-105.82074,39.53398],[-105.82123,39.53247],[-105.82281,39.5308],[-105.82293,39.52993],[-105.82308,39.52987],[-105.82393,39.53056],[-105.82714,39.53138],[-105.82803,39.53186],[-105.83002,39.53204],[-105.83142,39.53154],[-105.8347,39.52989],[-105.83695,39.52897],[-105.83857,39.52782],[-105.83975,39.52727],[-105.84083,39.52693],[-105.84297,39.52657],[-105.84433,39.52599],[-105.84466,39.52554],[-105.84538,39.52375],[-105.84721,39.52484],[-105.85128,39.52612],[-105.85276,39.52674],[-105.85456,39.52787],[-105.85713,39.53109],[-105.85773,39.53206],[-105.85911,39.53181],[-105.85951,39.53154],[-105.86051,39.53049],[-105.86113,39.52916],[-105.86262,39.52741],[-105.8629,39.52731],[-105.86337,39.52551],[-105.86329,39.52457],[-105.86353,39.52396],[-105.8647,39.52211],[-105.866,39.52111],[-105.86805,39.51986],[-105.86807,39.51949],[-105.86793,39.51895],[-105.86702,39.51764],[-105.8671,39.51726],[-105.86689,39.5167],[-105.86181,39.51306],[-105.85995,39.51215],[-105.85972,39.51175],[-105.85995,39.51023],[-105.85946,39.50923],[-105.85886,39.50887],[-105.85832,39.50819],[-105.85702,39.50706],[-105.85477,39.5064],[-105.85461,39.50613],[-105.85455,39.50527],[-105.85386,39.50463],[-105.85389,39.50451],[-105.85735,39.50527],[-105.85818,39.50518],[-105.85887,39.50484],[-105.8604,39.50471],[-105.86358,39.5023],[-105.86413,39.50162],[-105.8645,39.50037],[-105.86421,39.49999],[-105.86593,39.49808],[-105.86656,39.49666],[-105.86675,39.49535],[-105.86658,39.49435],[-105.86752,39.49415],[-105.86863,39.49437],[-105.8699,39.49495],[-105.87111,39.49501],[-105.87241,39.49481],[-105.87471,39.49352],[-105.87673,39.49085],[-105.87835,39.48962],[-105.87849,39.48937],[-105.87917,39.48682],[-105.87878,39.4844],[-105.87878,39.4841],[-105.87909,39.48377],[-105.88468,39.48414],[-105.88621,39.48375],[-105.88918,39.48335],[-105.89042,39.48348],[-105.89197,39.48417],[-105.89223,39.48403],[-105.89236,39.48388],[-105.8922,39.48104],[-105.89267,39.48],[-105.89401,39.47872],[-105.89473,39.47752],[-105.89527,39.47727],[-105.89623,39.47722],[-105.89675,39.47737],[-105.89733,39.47714],[-105.89673,39.47566],[-105.89689,39.47521],[-105.89848,39.47341],[-105.89879,39.47282],[-105.89909,39.4715],[-105.90049,39.47089],[-105.90111,39.47042],[-105.90161,39.46962],[-105.90126,39.46721],[-105.90184,39.46425],[-105.90217,39.46366],[-105.90391,39.46221],[-105.90454,39.46121],[-105.90596,39.45966],[-105.90648,39.45936],[-105.90693,39.45931],[-105.90863,39.45935],[-105.91051,39.45838],[-105.91092,39.45802],[-105.91164,39.45674],[-105.91221,39.45691],[-105.91432,39.4582],[-105.91484,39.45838],[-105.91707,39.45797],[-105.91731,39.45813],[-105.92195,39.45846],[-105.92667,39.45942],[-105.92982,39.45934],[-105.93466,39.45789],[-105.93694,39.45845],[-105.93866,39.4585],[-105.93956,39.45791],[-105.93971,39.45731],[-105.94061,39.45652],[-105.94092,39.45606],[-105.94217,39.45277],[-105.9425,39.45048],[-105.94185,39.44825],[-105.94205,39.44777],[-105.94317,39.44684],[-105.9437,39.44618],[-105.94402,39.4451],[-105.94415,39.44091],[-105.94481,39.4407],[-105.94732,39.44052],[-105.95454,39.43836],[-105.95592,39.43828],[-105.95644,39.4384],[-105.95749,39.43926],[-105.95875,39.43986],[-105.96175,39.44009],[-105.96439,39.43953],[-105.96604,39.43878],[-105.96679,39.43804],[-105.96501,39.43344],[-105.9645,39.43281],[-105.96277,39.43123],[-105.96073,39.42902],[-105.95986,39.4286],[-105.95663,39.42803],[-105.95484,39.42622],[-105.95486,39.42495],[-105.95539,39.42285],[-105.95533,39.42199],[-105.95509,39.42155],[-105.95388,39.42048],[-105.95383,39.41903],[-105.95365,39.41838],[-105.95194,39.41528],[-105.9517,39.41462],[-105.95187,39.41434],[-105.95233,39.41411],[-105.95924,39.41247],[-105.96281,39.41199],[-105.96872,39.41068],[-105.96945,39.41024],[-105.97321,39.40919],[-105.97687,39.40857],[-105.97745,39.40818],[-105.97797,39.40727],[-105.97822,39.4071],[-105.98065,39.40669],[-105.98192,39.40597],[-105.98302,39.40443],[-105.98362,39.40244],[-105.98395,39.40212],[-105.98502,39.40167],[-105.98693,39.40151],[-105.98836,39.40166],[-105.99015,39.4022],[-105.99286,39.40186],[-105.99313,39.40098],[-105.99322,39.39987],[-105.99413,39.39782],[-105.99593,39.395],[-105.99665,39.39442],[-105.99747,39.39408],[-105.99953,39.39383],[-106.00334,39.39177],[-106.00411,39.39096],[-106.00453,39.39021],[-106.00454,39.38979],[-106.005,39.38929],[-106.00574,39.38916],[-106.0084,39.38736],[-106.00936,39.38707],[-106.01054,39.38729],[-106.0127,39.3869],[-106.01385,39.3869],[-106.01554,39.38539],[-106.01636,39.38439],[-106.01699,39.38291],[-106.01838,39.3814],[-106.01838,39.38073],[-106.0181,39.37996],[-106.01745,39.3792],[-106.01742,39.37799],[-106.01696,39.37716],[-106.01679,39.37499],[-106.01747,39.37338],[-106.01739,39.37174],[-106.01764,39.36837],[-106.01741,39.36752],[-106.01742,39.36614],[-106.01762,39.3655],[-106.01977,39.36346],[-106.02197,39.36171],[-106.02433,39.36115],[-106.02672,39.36133],[-106.02769,39.36101],[-106.02864,39.36022],[-106.0322,39.35894],[-106.03472,39.35838],[-106.03747,39.35847],[-106.04393,39.35738],[-106.04632,39.35743],[-106.05092,39.35806],[-106.05443,39.35818],[-106.0561,39.35843],[-106.05734,39.35902],[-106.05834,39.36005],[-106.06256,39.36179],[-106.06405,39.36276],[-106.06736,39.3638],[-106.06847,39.36443],[-106.07286,39.36792],[-106.07419,39.36863],[-106.07832,39.36951],[-106.07976,39.37008],[-106.08024,39.37043],[-106.08077,39.37023],[-106.08097,39.36942],[-106.08121,39.3692],[-106.08445,39.36928],[-106.08563,39.36972],[-106.08732,39.37083],[-106.08919,39.37263],[-106.09431,39.37651],[-106.09525,39.37685],[-106.09679,39.3779],[-106.09721,39.37799],[-106.0994,39.37773],[-106.10194,39.37805],[-106.10396,39.37785],[-106.10604,39.37793],[-106.10729,39.37745],[-106.11198,39.37705],[-106.11481,39.3765],[-106.12031,39.37659],[-106.12203,39.37713],[-106.12396,39.37802],[-106.12745,39.37888],[-106.12949,39.37877],[-106.13042,39.37887],[-106.131,39.3791],[-106.13143,39.37951],[-106.13394,39.37942],[-106.13553,39.37955],[-106.13655,39.37884],[-106.1378,39.37685],[-106.13809,39.37557],[-106.13844,39.37499],[-106.13851,39.37224],[-106.13874,39.37201],[-106.13994,39.37124],[-106.14129,39.37091],[-106.14165,39.36997],[-106.14338,39.36853],[-106.14436,39.36812],[-106.14672,39.36797],[-106.14879,39.36835],[-106.1492,39.3679],[-106.15129,39.36476],[-106.15294,39.36276],[-106.15291,39.36248],[-106.15067,39.35973],[-106.14845,39.35861],[-106.14827,39.35685],[-106.14718,39.35363],[-106.1471,39.35091],[-106.14721,39.3499],[-106.14699,39.34926],[-106.14637,39.34829],[-106.14458,39.34685],[-106.14441,39.34477],[-106.14342,39.34313],[-106.14173,39.34161],[-106.14111,39.34071],[-106.13993,39.33955],[-106.14027,39.33881],[-106.14219,39.33689],[-106.1432,39.33443],[-106.1438,39.33387],[-106.14585,39.33054],[-106.14655,39.32994],[-106.14716,39.32852],[-106.14715,39.32761],[-106.14895,39.32647],[-106.14999,39.3254],[-106.15049,39.32435],[-106.15125,39.32069],[-106.15222,39.32046],[-106.15357,39.32042],[-106.15615,39.32068],[-106.15894,39.32126],[-106.16233,39.32163],[-106.16287,39.32128],[-106.16374,39.32134],[-106.16431,39.32163],[-106.1678,39.32164],[-106.16947,39.32223],[-106.17192,39.32011],[-106.1731,39.31941],[-106.17418,39.31828],[-106.17476,39.31711],[-106.17505,39.31442],[-106.17643,39.31208],[-106.18004,39.3112],[-106.18184,39.31123],[-106.18296,39.31091],[-106.18371,39.31028],[-106.18397,39.30935],[-106.18354,39.30722],[-106.18345,39.30572],[-106.18304,39.30327],[-106.18315,39.30204],[-106.18305,39.30111],[-106.18239,39.30008],[-106.18105,39.29935],[-106.18091,39.2988],[-106.18258,39.29306],[-106.18248,39.29166],[-106.18187,39.29023],[-106.18189,39.28997],[-106.185,39.28662],[-106.18546,39.28575],[-106.18494,39.28339],[-106.18676,39.27985],[-106.18673,39.27913],[-106.18575,39.27581],[-106.18566,39.27329],[-106.18414,39.26886],[-106.1836,39.26846],[-106.18145,39.26537],[-106.18174,39.26412],[-106.18164,39.26329],[-106.18048,39.2611],[-106.18038,39.2599],[-106.18065,39.25869],[-106.18159,39.257],[-106.18139,39.25422],[-106.18161,39.25357],[-106.18114,39.25303],[-106.18095,39.25244],[-106.18175,39.25064],[-106.18138,39.24904],[-106.18107,39.24816],[-106.18078,39.24793],[-106.1819,39.24671],[-106.18348,39.24439],[-106.18512,39.24269],[-106.18398,39.24048],[-106.18279,39.23961],[-106.17993,39.23945],[-106.17684,39.23856],[-106.17293,39.2368],[-106.17117,39.23552],[-106.1695,39.23376],[-106.1683,39.23072],[-106.16891,39.22876],[-106.16992,39.2281],[-106.16966,39.22562],[-106.17016,39.22299],[-106.17427,39.22073],[-106.17667,39.21988],[-106.17822,39.21913],[-106.17718,39.21815],[-106.17783,39.21634],[-106.17841,39.21298],[-106.18205,39.20994],[-106.18474,39.20931],[-106.18448,39.20833],[-106.18349,39.20671],[-106.18132,39.20475],[-106.18028,39.20252],[-106.17951,39.2],[-106.17946,39.19789],[-106.17977,39.19491],[-106.17932,39.19349],[-106.17996,39.19251],[-106.18154,39.19085],[-106.18222,39.18967],[-106.1841,39.18827],[-106.18435,39.18837],[-106.1846,39.18766],[-106.18553,39.18659],[-106.18333,39.18244],[-106.18282,39.1804],[-106.17917,39.17599],[-106.17841,39.17458],[-106.17839,39.17044],[-106.17813,39.16888],[-106.17824,39.16754],[-106.17856,39.16597],[-106.17945,39.16504],[-106.17886,39.16333],[-106.17685,39.16032],[-106.17651,39.15789],[-106.17535,39.1563],[-106.17523,39.15396],[-106.17554,39.15292],[-106.17532,39.15186],[-106.17465,39.15069],[-106.1743,39.14936],[-106.17481,39.14802],[-106.17346,39.1448],[-106.17349,39.1436],[-106.17437,39.14264],[-106.17482,39.14142],[-106.17424,39.14038],[-106.17295,39.13877],[-106.17309,39.1381],[-106.17385,39.13708],[-106.17842,39.13477],[-106.18192,39.13148],[-106.1823,39.13029],[-106.1844,39.1293],[-106.1858,39.12925],[-106.18599,39.12883],[-106.18605,39.12767],[-106.18584,39.12684],[-106.18713,39.125],[-106.18763,39.1246],[-106.18795,39.12234],[-106.18826,39.12143],[-106.1887,39.12102],[-106.1893,39.12057],[-106.19062,39.12118],[-106.19111,39.12108],[-106.19949,39.11551],[-106.2008,39.11482],[-106.20348,39.11409],[-106.20382,39.11356],[-106.20373,39.11309],[-106.20339,39.11258],[-106.20339,39.11196],[-106.2039,39.11129],[-106.2063,39.11044],[-106.20737,39.10954],[-106.20771,39.10807],[-106.21017,39.10392],[-106.20954,39.10308],[-106.20785,39.10342],[-106.20696,39.10343],[-106.20519,39.10325],[-106.20448,39.10279],[-106.2034,39.10273],[-106.19989,39.10437],[-106.19577,39.10447],[-106.19493,39.10434],[-106.19414,39.10401],[-106.19293,39.10305],[-106.19134,39.10311],[-106.19042,39.10275],[-106.18841,39.10368],[-106.18786,39.10374],[-106.18327,39.1034],[-106.17922,39.10346],[-106.17856,39.10329],[-106.17811,39.10296],[-106.1774,39.10131],[-106.1762,39.09963],[-106.17539,39.0988],[-106.17296,39.09728],[-106.17254,39.09686],[-106.17152,39.09518],[-106.17133,39.09406],[-106.17057,39.0926],[-106.16987,39.09073],[-106.16986,39.08872],[-106.16946,39.08831],[-106.16928,39.08779],[-106.16941,39.0868],[-106.16966,39.08642],[-106.17158,39.08589],[-106.17204,39.08535],[-106.1728,39.08397],[-106.17317,39.08372],[-106.17521,39.08319],[-106.17569,39.08294],[-106.17714,39.08096],[-106.17901,39.07902],[-106.18033,39.07724],[-106.18076,39.07696],[-106.18166,39.0767],[-106.18359,39.07647],[-106.18502,39.07584],[-106.18611,39.07499],[-106.1866,39.07417],[-106.18679,39.07313],[-106.18647,39.0722],[-106.18652,39.07164],[-106.18849,39.07004],[-106.19125,39.06845],[-106.19158,39.06798],[-106.19161,39.0675],[-106.19048,39.06398],[-106.1907,39.06194],[-106.19161,39.0599],[-106.19173,39.05922],[-106.19094,39.05749],[-106.19101,39.05607],[-106.19069,39.05531],[-106.19009,39.05452],[-106.18636,39.0522],[-106.18482,39.05084],[-106.18493,39.04911],[-106.1857,39.04676],[-106.18535,39.04402],[-106.18514,39.0435],[-106.18373,39.04178],[-106.18348,39.04114],[-106.18278,39.04012],[-106.1825,39.03855],[-106.18264,39.03801],[-106.18299,39.03755],[-106.18356,39.03703],[-106.18428,39.03675],[-106.18474,39.03625],[-106.18497,39.03624],[-106.18548,39.03549],[-106.18588,39.03404],[-106.18626,39.03356],[-106.18691,39.0332],[-106.18873,39.03324],[-106.18904,39.03295],[-106.1894,39.03178],[-106.19033,39.03057],[-106.19155,39.02989],[-106.19208,39.02929],[-106.19183,39.02771],[-106.19152,39.02702],[-106.19128,39.02583],[-106.18981,39.02311],[-106.18988,39.02244],[-106.18947,39.02128],[-106.18981,39.02087],[-106.19148,39.02013],[-106.19311,39.01968],[-106.19321,39.0191],[-106.19295,39.01771],[-106.19142,39.01655],[-106.18962,39.01602],[-106.18825,39.01538],[-106.18703,39.01537],[-106.18637,39.01564],[-106.18608,39.0156],[-106.18606,39.01459],[-106.18497,39.01351],[-106.18477,39.0131],[-106.18495,39.01258],[-106.18355,39.01207],[-106.1834,39.01178],[-106.18305,39.01184],[-106.17947,39.01125],[-106.17885,39.01076],[-106.17792,39.0091],[-106.17802,39.00769],[-106.17701,39.00534],[-106.17709,39.00288],[-106.17696,39.00195],[-106.1761,39.00046],[-106.17592,38.99965],[-106.17492,38.9996],[-106.17316,38.9974],[-106.17007,38.99464],[-106.1698,38.99253],[-106.16913,38.9913],[-106.16853,38.99125],[-106.16566,38.99244],[-106.16342,38.99391],[-106.1609,38.99475],[-106.16051,38.99481],[-106.15962,38.99421],[-106.1578,38.99426],[-106.15632,38.99479],[-106.15408,38.99617],[-106.15293,38.9966],[-106.15067,38.99709],[-106.14956,38.99703],[-106.14541,38.9979],[-106.14393,38.9967],[-106.14266,38.99543],[-106.14125,38.99497],[-106.13778,38.99464],[-106.13586,38.9948],[-106.13257,38.99552],[-106.13172,38.99492],[-106.12752,38.99402],[-106.12557,38.9926],[-106.12299,38.99144],[-106.12247,38.99082],[-106.11957,38.9896],[-106.11872,38.98893],[-106.11677,38.98808],[-106.11324,38.98781],[-106.11187,38.98695],[-106.10895,38.98738],[-106.10951,38.98594],[-106.10927,38.98385],[-106.10971,38.98223],[-106.10948,38.98163],[-106.10761,38.97975],[-106.10649,38.97649],[-106.10559,38.97605],[-106.10438,38.97414],[-106.10436,38.97338],[-106.10482,38.97201],[-106.10467,38.97167],[-106.10494,38.97087],[-106.10497,38.97003],[-106.10558,38.96942],[-106.10687,38.96666],[-106.10774,38.96414],[-106.10828,38.96346],[-106.11062,38.96203],[-106.11149,38.96121],[-106.11219,38.96019],[-106.11221,38.95957],[-106.11187,38.95876],[-106.11116,38.95809],[-106.11106,38.95767],[-106.1137,38.95564],[-106.11344,38.95279],[-106.11204,38.95091],[-106.11311,38.94502],[-106.11266,38.94137],[-106.111,38.9401],[-106.10576,38.94036],[-106.10475,38.93987],[-106.10353,38.93979],[-106.10097,38.9387],[-106.10001,38.93873],[-106.09823,38.93817],[-106.09646,38.93824],[-106.09592,38.93802],[-106.09559,38.93719],[-106.09486,38.93677],[-106.09403,38.93675],[-106.09363,38.93706],[-106.09355,38.93796],[-106.09065,38.93654],[-106.08532,38.93946],[-106.08484,38.93943],[-106.08359,38.93794],[-106.07863,38.93525],[-106.07731,38.93515],[-106.07619,38.93456],[-106.07396,38.93476],[-106.07148,38.93378],[-106.07048,38.93211],[-106.06783,38.93287],[-106.06591,38.9319],[-106.06523,38.93214],[-106.06497,38.93269],[-106.06475,38.93443],[-106.06353,38.93568],[-106.06166,38.93665],[-106.06015,38.93715],[-106.05845,38.93915],[-106.05849,38.9411],[-106.05825,38.94181],[-106.0517,38.94345],[-106.04861,38.94283],[-106.04688,38.94217],[-106.04578,38.94155],[-106.04487,38.94158],[-106.04379,38.94193],[-106.03887,38.94079],[-106.03777,38.94088],[-106.03683,38.94065],[-106.03229,38.9416],[-106.0308,38.94251],[-106.02814,38.94285],[-106.02627,38.94109],[-106.02462,38.93883],[-106.02053,38.93463],[-106.01806,38.93445],[-106.01501,38.93271],[-106.01289,38.93048],[-106.0126,38.92967],[-106.01047,38.92782],[-106.00822,38.92648],[-106.0064,38.92408],[-106.00463,38.92252],[-106.00245,38.92111],[-106.00057,38.91937],[-105.9997,38.9189],[-105.99918,38.91841],[-105.99899,38.91771],[-105.9994,38.91667],[-105.99934,38.91634],[-105.99817,38.91516],[-105.99682,38.91531],[-105.9964,38.91521],[-105.99594,38.91484],[-105.99518,38.91472],[-105.99445,38.91486],[-105.98963,38.91675],[-105.98821,38.91707],[-105.9861,38.91811],[-105.98566,38.91802],[-105.98382,38.91652],[-105.98288,38.91647],[-105.9806,38.91553],[-105.98034,38.91529],[-105.98008,38.91429],[-105.97991,38.91418],[-105.97919,38.91453],[-105.97845,38.91465],[-105.97653,38.91442],[-105.97653,38.91405],[-105.97696,38.91326],[-105.97603,38.91184],[-105.97664,38.91154],[-105.97695,38.91119],[-105.97692,38.91092],[-105.97664,38.91062],[-105.97494,38.91004],[-105.97464,38.90977],[-105.97311,38.90975],[-105.97273,38.90956],[-105.97237,38.9091],[-105.97189,38.90892],[-105.97033,38.90883],[-105.96946,38.90861],[-105.96817,38.90781],[-105.96776,38.90669],[-105.96702,38.9062],[-105.96577,38.90588],[-105.96571,38.90542],[-105.96731,38.90503],[-105.96789,38.90442],[-105.96807,38.90378],[-105.96793,38.90293],[-105.9682,38.90145],[-105.96866,38.90072],[-105.96978,38.90026],[-105.9709,38.90009],[-105.97241,38.89926],[-105.97325,38.89834],[-105.9736,38.89732],[-105.97407,38.89668],[-105.97487,38.89618],[-105.97942,38.89453],[-105.97978,38.89299],[-105.97974,38.89173],[-105.97918,38.88891],[-105.97824,38.8879],[-105.97714,38.88515],[-105.97511,38.88374],[-105.9743,38.88246],[-105.97064,38.8832],[-105.96496,38.88598],[-105.96356,38.88586],[-105.96256,38.88559],[-105.95997,38.88441],[-105.95747,38.88414],[-105.95564,38.88369],[-105.95457,38.88418],[-105.95381,38.8842],[-105.95185,38.88358],[-105.94914,38.8831],[-105.94796,38.88327],[-105.94277,38.88551],[-105.94195,38.88566],[-105.94124,38.88559],[-105.93887,38.88332],[-105.93809,38.88299],[-105.93603,38.88145],[-105.93512,38.88029],[-105.93297,38.87822],[-105.93198,38.87656],[-105.93116,38.87471],[-105.92861,38.87422],[-105.92685,38.87424],[-105.92512,38.87218],[-105.92506,38.87198],[-105.92528,38.8718],[-105.92653,38.87173],[-105.92709,38.87148],[-105.92824,38.87011],[-105.92841,38.86975],[-105.92782,38.86885],[-105.92824,38.86784],[-105.92846,38.86772],[-105.92844,38.86634],[-105.92862,38.86595],[-105.92913,38.86594],[-105.93068,38.86671],[-105.93145,38.86653],[-105.93182,38.86602],[-105.93252,38.8645],[-105.93205,38.86324],[-105.93216,38.86279],[-105.93301,38.86105],[-105.93361,38.86027],[-105.93502,38.8591],[-105.93711,38.85841],[-105.93868,38.85741],[-105.94317,38.85231],[-105.94318,38.85131],[-105.94289,38.8505],[-105.94179,38.85005],[-105.94,38.84866],[-105.9393,38.84692],[-105.93915,38.84605],[-105.93926,38.84521],[-105.94016,38.84353],[-105.94124,38.84249],[-105.94166,38.84183],[-105.94185,38.84127],[-105.94185,38.84039],[-105.93966,38.83914],[-105.93911,38.83851],[-105.9364,38.83657],[-105.93612,38.83543],[-105.93505,38.8343],[-105.93225,38.83273],[-105.93149,38.83169],[-105.92956,38.8299],[-105.92871,38.82876],[-105.92601,38.82649],[-105.92425,38.82419],[-105.92067,38.82163],[-105.91848,38.81873],[-105.91763,38.81786],[-105.91723,38.81753],[-105.91569,38.81709],[-105.914,38.81606],[-105.91258,38.8139],[-105.91091,38.81279],[-105.91073,38.81237],[-105.91069,38.81048],[-105.91038,38.8101],[-105.90659,38.80687],[-105.90786,38.80634],[-105.91045,38.80488],[-105.91069,38.80453],[-105.91149,38.80293],[-105.91149,38.80264],[-105.91055,38.80197],[-105.9106,38.80162],[-105.91096,38.80112],[-105.9111,38.80047],[-105.91179,38.79988],[-105.91193,38.79953],[-105.91182,38.79871],[-105.91268,38.79735],[-105.91273,38.79607],[-105.91291,38.79551],[-105.91446,38.79373],[-105.91436,38.79329],[-105.91382,38.7928],[-105.9137,38.79246],[-105.9149,38.79061],[-105.91514,38.79044],[-105.91851,38.79017],[-105.91948,38.78975],[-105.92079,38.78954],[-105.92138,38.789],[-105.92187,38.78779],[-105.9227,38.78742],[-105.92369,38.78625],[-105.92473,38.78574],[-105.92671,38.78551],[-105.92529,38.78379],[-105.92502,38.78313],[-105.92516,38.78267],[-105.92582,38.78242],[-105.92771,38.78226],[-105.9285,38.78158],[-105.92956,38.78139],[-105.9297,38.78062],[-105.92954,38.77972],[-105.92972,38.77932],[-105.93055,38.77854],[-105.93005,38.77801],[-105.92964,38.77724],[-105.92925,38.77555],[-105.92929,38.77455],[-105.9302,38.77392],[-105.93143,38.77275],[-105.93203,38.77242],[-105.93421,38.77184],[-105.93629,38.77162],[-105.93729,38.77209],[-105.93964,38.77201],[-105.93989,38.77068],[-105.94144,38.76922],[-105.94251,38.76851],[-105.94415,38.76875],[-105.94454,38.7681],[-105.94085,38.76569],[-105.9397,38.76476],[-105.93925,38.76408],[-105.93876,38.76302],[-105.93846,38.75902],[-105.93799,38.75604],[-105.93812,38.75432],[-105.93831,38.75369],[-105.94045,38.75054],[-105.94143,38.74869],[-105.9413,38.74781],[-105.94134,38.7456],[-105.94211,38.74479],[-105.94786,38.74382],[-105.94762,38.743],[-105.94795,38.74169],[-105.94427,38.73706],[-105.94475,38.73577],[-105.94302,38.73453],[-105.94349,38.73082],[-105.94433,38.73053],[-105.94483,38.72837],[-105.94611,38.72743],[-105.94347,38.72314],[-105.94443,38.72175],[-105.94611,38.72164],[-105.94757,38.72019],[-105.94619,38.71672],[-105.94961,38.71501],[-105.95016,38.71437],[-105.95304,38.71365],[-105.95545,38.71067],[-105.95728,38.70898],[-105.9597,38.70724],[-105.96182,38.70605],[-105.96365,38.70133],[-105.96537,38.69898],[-105.96772,38.69714],[-105.969,38.69719],[-105.96999,38.6949],[-105.96975,38.69355],[-105.94449,38.69309],[-105.89839,38.69377],[-105.88891,38.69515],[-105.88157,38.69412],[-105.87557,38.69431],[-105.85086,38.69392],[-105.81384,38.69451],[-105.75058,38.69469],[-105.72685,38.69456],[-105.6674,38.69482],[-105.61359,38.69535],[-105.58039,38.6959],[-105.53155,38.69593],[-105.51446,38.69659],[-105.51042,38.69649],[-105.50055,38.69664],[-105.49825,38.69712],[-105.44839,38.69758],[-105.37555,38.69752],[-105.32896,38.6972],[-105.32909,38.75684],[-105.32874,38.77135],[-105.3291,38.78458],[-105.32911,38.84935],[-105.32933,38.91081],[-105.33003,38.95312],[-105.32946,38.99308],[-105.33025,39.04105],[-105.33038,39.12947],[-105.03357,39.12971],[-105.00055,39.13004],[-104.95228,39.12999],[-104.94105,39.12978],[-104.84346,39.12994],[-104.82526,39.12972],[-104.6629,39.12953]],[[-105.08257,39.95928],[-105.07884,39.96107],[-105.07657,39.96247],[-105.07473,39.96393],[-105.0698,39.96848],[-105.06727,39.97037],[-105.06508,39.97155],[-105.05771,39.97467],[-105.05775,39.96864],[-105.0542,39.96587],[-105.05283,39.96589],[-105.05289,39.95783],[-105.05821,39.95789],[-105.0582,39.95872],[-105.05933,39.95871],[-105.05933,39.95776],[-105.08005,39.95793],[-105.08004,39.9581],[-105.08138,39.95841],[-105.08257,39.95928]],[[-104.97992,40.02949],[-104.97991,40.03305],[-104.97946,40.03305],[-104.97826,40.03347],[-104.97785,40.03338],[-104.97764,40.03306],[-104.97305,40.03304],[-104.97307,40.02951],[-104.97992,40.02949]]],[[[-105.10918,39.95657],[-105.10918,39.95621],[-105.10673,39.95695],[-105.10373,39.95754],[-105.09102,39.9578],[-105.09997,39.95786],[-105.09996,39.95898],[-105.10349,39.95869],[-105.10736,39.9581],[-105.10738,39.95783],[-105.10667,39.95783],[-105.10918,39.9571],[-105.10918,39.95657]]]]},"properties":{"GEOID":"19740","NAME":"Denver-Aurora-Centennial, CO Metro Area"}},{"type":"Feature","geometry":{"type":"Polygon","coordinates":[[[-111.03998,33.46602],[-111.0399,33.4661],[-111.04638,33.4786],[-111.06342,33.50901],[-111.09733,33.57278],[-111.10333,33.58363],[-111.11425,33.60454],[-111.15335,33.67761],[-111.15658,33.67551],[-111.15813,33.6737],[-111.15926,33.67296],[-111.16058,33.6723],[-111.16233,33.67112],[-111.16277,33.67102],[-111.16436,33.66991],[-111.16706,33.66897],[-111.16948,33.66751],[-111.1701,33.66625],[-111.17066,33.66347],[-111.17119,33.66236],[-111.17176,33.66138],[-111.17354,33.66012],[-111.17504,33.65938],[-111.17608,33.65957],[-111.17641,33.65981],[-111.18013,33.6599],[-111.18062,33.65979],[-111.18573,33.65525],[-111.1858,33.65464],[-111.18686,33.65385],[-111.18786,33.65207],[-111.19411,33.64677],[-111.19487,33.64644],[-111.19686,33.64388],[-111.19709,33.64331],[-111.19779,33.64285],[-111.20028,33.64026],[-111.20138,33.63964],[-111.20532,33.63795],[-111.20704,33.63688],[-111.20872,33.63507],[-111.20944,33.6335],[-111.2094,33.63284],[-111.20856,33.63091],[-111.20824,33.62917],[-111.20815,33.62633],[-111.20726,33.62408],[-111.20721,33.62182],[-111.20745,33.62057],[-111.20903,33.61887],[-111.21318,33.61574],[-111.21493,33.61406],[-111.21608,33.6127],[-111.21658,33.61161],[-111.21657,33.60967],[-111.21675,33.60832],[-111.21709,33.60791],[-111.21879,33.60689],[-111.21998,33.60584],[-111.22206,33.60245],[-111.22369,33.60286],[-111.22425,33.60312],[-111.2252,33.60463],[-111.2261,33.60492],[-111.22724,33.60692],[-111.22759,33.60717],[-111.22793,33.6072],[-111.22904,33.60694],[-111.22925,33.60701],[-111.22935,33.6072],[-111.22919,33.60774],[-111.22926,33.60806],[-111.23195,33.60951],[-111.23185,33.61062],[-111.23203,33.61157],[-111.23078,33.61241],[-111.23153,33.61318],[-111.23334,33.61374],[-111.23411,33.61454],[-111.23574,33.61539],[-111.23737,33.6154],[-111.23757,33.6158],[-111.2376,33.61655],[-111.23814,33.61754],[-111.23836,33.61845],[-111.23977,33.61897],[-111.2409,33.61958],[-111.24258,33.61983],[-111.24303,33.6201],[-111.24317,33.62046],[-111.24382,33.62116],[-111.24431,33.62139],[-111.24675,33.62149],[-111.2479,33.62252],[-111.24835,33.62339],[-111.24954,33.62433],[-111.25068,33.62452],[-111.25186,33.62316],[-111.25255,33.62264],[-111.25334,33.62219],[-111.25505,33.62176],[-111.25524,33.62141],[-111.2557,33.62113],[-111.25751,33.62098],[-111.25811,33.62109],[-111.25877,33.62134],[-111.25948,33.62185],[-111.26173,33.62257],[-111.26283,33.62316],[-111.26302,33.62382],[-111.26468,33.62505],[-111.26487,33.62583],[-111.26601,33.62675],[-111.26756,33.62763],[-111.26929,33.62923],[-111.26982,33.63094],[-111.26975,33.63164],[-111.27055,33.63335],[-111.27338,33.636],[-111.27364,33.63724],[-111.27351,33.63813],[-111.27361,33.63845],[-111.27384,33.63865],[-111.27466,33.63865],[-111.27506,33.63889],[-111.27612,33.63897],[-111.27629,33.63994],[-111.27692,33.64041],[-111.2773,33.64168],[-111.27788,33.64201],[-111.27952,33.64343],[-111.27965,33.64408],[-111.28023,33.64452],[-111.28025,33.64478],[-111.27979,33.64587],[-111.28055,33.64638],[-111.28094,33.64637],[-111.28145,33.64663],[-111.28228,33.64648],[-111.28258,33.64766],[-111.28312,33.64788],[-111.28321,33.64873],[-111.2837,33.64938],[-111.28432,33.64952],[-111.28462,33.65013],[-111.28561,33.65039],[-111.28628,33.65146],[-111.28719,33.65202],[-111.28727,33.65243],[-111.28648,33.65333],[-111.28649,33.6538],[-111.28683,33.65458],[-111.28672,33.65542],[-111.28619,33.65657],[-111.28681,33.6582],[-111.28719,33.65861],[-111.2876,33.65897],[-111.28936,33.659],[-111.2902,33.65946],[-111.29075,33.65936],[-111.29287,33.65996],[-111.29381,33.66056],[-111.29482,33.66076],[-111.29546,33.66149],[-111.29746,33.66279],[-111.29824,33.66348],[-111.29951,33.66382],[-111.29986,33.6644],[-111.30063,33.66513],[-111.30121,33.66677],[-111.30171,33.66726],[-111.30198,33.6683],[-111.30374,33.67029],[-111.30421,33.6714],[-111.30528,33.67211],[-111.30658,33.67205],[-111.30713,33.67223],[-111.30767,33.67272],[-111.30811,33.67362],[-111.30916,33.67386],[-111.30923,33.67432],[-111.30973,33.67494],[-111.31118,33.67605],[-111.31328,33.6788],[-111.3136,33.67932],[-111.31381,33.68047],[-111.3149,33.68139],[-111.31775,33.68285],[-111.31921,33.68332],[-111.32054,33.68352],[-111.32251,33.68436],[-111.32363,33.68465],[-111.32456,33.68457],[-111.32536,33.68429],[-111.32601,33.68438],[-111.32635,33.68558],[-111.32728,33.68573],[-111.32773,33.68601],[-111.32793,33.68663],[-111.32891,33.68748],[-111.33077,33.68823],[-111.33139,33.68834],[-111.33172,33.68965],[-111.33298,33.69086],[-111.33382,33.69228],[-111.33382,33.69542],[-111.33471,33.69752],[-111.33527,33.69813],[-111.3355,33.6987],[-111.33581,33.69884],[-111.33574,33.69918],[-111.33622,33.70078],[-111.33832,33.70275],[-111.33804,33.70391],[-111.33814,33.70556],[-111.33736,33.70833],[-111.33704,33.70867],[-111.33702,33.70899],[-111.33756,33.70918],[-111.33817,33.71057],[-111.33825,33.71238],[-111.33854,33.71322],[-111.33861,33.7159],[-111.33794,33.71737],[-111.33811,33.71787],[-111.3381,33.71875],[-111.33725,33.71943],[-111.33706,33.71928],[-111.33637,33.72036],[-111.33742,33.72113],[-111.33829,33.72137],[-111.33878,33.72193],[-111.33933,33.72196],[-111.33998,33.72235],[-111.34017,33.7229],[-111.34047,33.72308],[-111.3405,33.72357],[-111.34149,33.72379],[-111.34196,33.72424],[-111.34272,33.72416],[-111.34363,33.72484],[-111.34379,33.72563],[-111.34417,33.72623],[-111.34426,33.7274],[-111.34512,33.7274],[-111.34542,33.72776],[-111.34595,33.72799],[-111.34607,33.72862],[-111.34663,33.72885],[-111.34705,33.7298],[-111.34788,33.73002],[-111.35059,33.73217],[-111.35127,33.73209],[-111.35155,33.73185],[-111.35176,33.73193],[-111.35177,33.73212],[-111.3523,33.73229],[-111.35246,33.73267],[-111.35184,33.73337],[-111.35191,33.73352],[-111.35292,33.73336],[-111.35367,33.73288],[-111.35441,33.73293],[-111.35483,33.73325],[-111.3552,33.73417],[-111.35514,33.73463],[-111.35589,33.7356],[-111.35557,33.73646],[-111.35573,33.73783],[-111.35629,33.73883],[-111.35785,33.73977],[-111.35821,33.74037],[-111.35935,33.74097],[-111.36185,33.74124],[-111.36205,33.74171],[-111.3625,33.74202],[-111.365,33.74259],[-111.36589,33.74233],[-111.3664,33.74275],[-111.36742,33.74425],[-111.3682,33.7442],[-111.3702,33.74498],[-111.37167,33.74528],[-111.37214,33.74521],[-111.37297,33.74614],[-111.37305,33.74644],[-111.37286,33.74775],[-111.37253,33.74832],[-111.37301,33.74934],[-111.37469,33.74984],[-111.37663,33.74963],[-111.37799,33.74889],[-111.37995,33.74891],[-111.38042,33.74839],[-111.38066,33.74784],[-111.38114,33.74766],[-111.383,33.74853],[-111.38506,33.74903],[-111.38681,33.75004],[-111.3866,33.75053],[-111.38665,33.75107],[-111.38623,33.75187],[-111.38636,33.75253],[-111.38618,33.75312],[-111.38459,33.75331],[-111.38411,33.75485],[-111.38331,33.75648],[-111.38319,33.75719],[-111.38284,33.75747],[-111.38235,33.75825],[-111.38241,33.75925],[-111.38275,33.76],[-111.38238,33.76038],[-111.38216,33.76096],[-111.38255,33.7618],[-111.3833,33.76279],[-111.38595,33.76292],[-111.38712,33.76323],[-111.38719,33.76357],[-111.38699,33.76425],[-111.38717,33.76426],[-111.38786,33.7659],[-111.38852,33.76667],[-111.38827,33.76766],[-111.38834,33.7684],[-111.38912,33.76956],[-111.38937,33.77081],[-111.38817,33.77207],[-111.38661,33.773],[-111.38655,33.77321],[-111.38743,33.77451],[-111.38806,33.77486],[-111.38909,33.7758],[-111.38936,33.77613],[-111.38944,33.77666],[-111.38749,33.78006],[-111.38584,33.78172],[-111.38546,33.78319],[-111.38271,33.7839],[-111.3812,33.78523],[-111.38187,33.78594],[-111.38164,33.78669],[-111.3827,33.78755],[-111.3828,33.78813],[-111.3815,33.78926],[-111.38119,33.78984],[-111.37958,33.79113],[-111.37891,33.79188],[-111.37894,33.7927],[-111.37849,33.79317],[-111.3785,33.79371],[-111.37892,33.7946],[-111.37981,33.79574],[-111.38084,33.79611],[-111.38165,33.79703],[-111.38185,33.79747],[-111.3835,33.79853],[-111.38368,33.79877],[-111.38386,33.79997],[-111.38482,33.8006],[-111.38562,33.80063],[-111.38615,33.80178],[-111.3867,33.80224],[-111.38694,33.80286],[-111.38791,33.80321],[-111.38839,33.80433],[-111.38833,33.80535],[-111.38726,33.80601],[-111.38671,33.80778],[-111.38606,33.8085],[-111.38586,33.80918],[-111.38509,33.8103],[-111.38499,33.81068],[-111.38544,33.81178],[-111.38509,33.81254],[-111.38512,33.81284],[-111.38461,33.81358],[-111.38446,33.81454],[-111.38412,33.81481],[-111.38398,33.8152],[-111.38395,33.81571],[-111.38424,33.81649],[-111.38368,33.81679],[-111.3826,33.81632],[-111.38147,33.81625],[-111.38091,33.81634],[-111.37898,33.81744],[-111.37812,33.81777],[-111.37654,33.81705],[-111.37602,33.81704],[-111.37569,33.81722],[-111.37375,33.81744],[-111.37201,33.81825],[-111.37152,33.81885],[-111.372,33.82004],[-111.37184,33.82185],[-111.37232,33.82392],[-111.37314,33.82462],[-111.37393,33.8248],[-111.37524,33.82541],[-111.37803,33.82739],[-111.37828,33.82787],[-111.37862,33.82958],[-111.38079,33.83108],[-111.38129,33.83209],[-111.38254,33.8328],[-111.38356,33.83362],[-111.38753,33.83371],[-111.38847,33.83398],[-111.39171,33.83575],[-111.3925,33.8359],[-111.39196,33.8362],[-111.39116,33.83707],[-111.39015,33.8377],[-111.39422,33.83959],[-111.39495,33.8405],[-111.39548,33.84086],[-111.39537,33.84181],[-111.395,33.84293],[-111.39585,33.84462],[-111.39574,33.84498],[-111.39545,33.8451],[-111.39464,33.84622],[-111.39381,33.84793],[-111.39348,33.84957],[-111.39362,33.85041],[-111.39289,33.851],[-111.39263,33.85192],[-111.39178,33.85296],[-111.39176,33.854],[-111.39207,33.85465],[-111.39232,33.85483],[-111.3911,33.8554],[-111.3903,33.8569],[-111.39031,33.85752],[-111.38967,33.85849],[-111.38781,33.85959],[-111.38699,33.86045],[-111.38697,33.86161],[-111.38721,33.86249],[-111.38746,33.86296],[-111.38808,33.86341],[-111.39199,33.86485],[-111.3926,33.86542],[-111.39273,33.86653],[-111.39361,33.8678],[-111.39546,33.86791],[-111.396,33.86816],[-111.39631,33.86857],[-111.39629,33.86893],[-111.39567,33.86974],[-111.39567,33.86996],[-111.39626,33.87033],[-111.39644,33.87143],[-111.39606,33.87209],[-111.39608,33.87278],[-111.39627,33.87324],[-111.39731,33.87412],[-111.3971,33.87466],[-111.39758,33.87504],[-111.39615,33.87623],[-111.39595,33.87654],[-111.39605,33.87693],[-111.39677,33.87706],[-111.39725,33.87764],[-111.39772,33.87782],[-111.39973,33.87795],[-111.40111,33.87877],[-111.402,33.8787],[-111.40316,33.87905],[-111.40374,33.87946],[-111.40565,33.87954],[-111.40582,33.87968],[-111.40596,33.88079],[-111.40521,33.88139],[-111.40525,33.88176],[-111.40552,33.88211],[-111.406,33.88236],[-111.40734,33.8826],[-111.40758,33.88285],[-111.40783,33.88375],[-111.40805,33.88386],[-111.40865,33.88397],[-111.41075,33.88347],[-111.4112,33.8836],[-111.41233,33.88473],[-111.41282,33.88588],[-111.41276,33.88703],[-111.41332,33.88814],[-111.41331,33.88872],[-111.41261,33.8901],[-111.41143,33.8916],[-111.41162,33.89205],[-111.41204,33.89238],[-111.41216,33.89296],[-111.41186,33.89393],[-111.41187,33.89459],[-111.41266,33.89591],[-111.41359,33.89679],[-111.4137,33.89709],[-111.41366,33.89871],[-111.41265,33.90028],[-111.41305,33.90115],[-111.41284,33.9019],[-111.41158,33.90373],[-111.4106,33.90439],[-111.40935,33.90493],[-111.408,33.90529],[-111.40768,33.9067],[-111.4084,33.90775],[-111.40877,33.90911],[-111.40856,33.90987],[-111.40819,33.91018],[-111.40819,33.91093],[-111.40854,33.91144],[-111.4086,33.91197],[-111.40832,33.91264],[-111.40797,33.91285],[-111.40733,33.91282],[-111.4069,33.91336],[-111.40682,33.91445],[-111.40643,33.91518],[-111.40662,33.91639],[-111.40603,33.91737],[-111.40543,33.91769],[-111.40527,33.91794],[-111.40502,33.91871],[-111.4052,33.91944],[-111.40619,33.92004],[-111.40805,33.92066],[-111.41029,33.92066],[-111.41121,33.92084],[-111.41194,33.92129],[-111.41229,33.92194],[-111.41374,33.92207],[-111.41568,33.92253],[-111.41644,33.9224],[-111.41736,33.92262],[-111.4196,33.92375],[-111.42161,33.92447],[-111.42437,33.9252],[-111.42593,33.92611],[-111.42639,33.92607],[-111.42798,33.92545],[-111.42917,33.92468],[-111.43064,33.924],[-111.43161,33.92288],[-111.43244,33.92094],[-111.43377,33.91967],[-111.43521,33.91868],[-111.43642,33.91751],[-111.43749,33.91617],[-111.43856,33.91663],[-111.44007,33.9166],[-111.44332,33.91736],[-111.44463,33.91811],[-111.44571,33.91848],[-111.44653,33.91921],[-111.4471,33.91927],[-111.44812,33.91898],[-111.44902,33.91941],[-111.44956,33.91942],[-111.45064,33.91974],[-111.4509,33.91988],[-111.45174,33.92099],[-111.45175,33.92157],[-111.45147,33.9218],[-111.45102,33.92274],[-111.45152,33.92391],[-111.45143,33.92505],[-111.45078,33.92601],[-111.45022,33.92738],[-111.44987,33.92773],[-111.44926,33.92937],[-111.44927,33.92973],[-111.44949,33.93036],[-111.45007,33.93113],[-111.45209,33.93226],[-111.4522,33.93283],[-111.45204,33.93377],[-111.45056,33.93439],[-111.44809,33.93453],[-111.44707,33.93486],[-111.44755,33.93551],[-111.44767,33.93653],[-111.44797,33.93705],[-111.44813,33.9382],[-111.44813,33.9385],[-111.4474,33.93961],[-111.4473,33.94155],[-111.44918,33.94319],[-111.44934,33.94461],[-111.45119,33.946],[-111.45164,33.94695],[-111.45163,33.94781],[-111.45227,33.94879],[-111.45201,33.94968],[-111.45209,33.95017],[-111.4511,33.95259],[-111.45162,33.95395],[-111.4507,33.95442],[-111.45007,33.95497],[-111.44916,33.95661],[-111.44826,33.9572],[-111.44797,33.95752],[-111.44801,33.95779],[-111.44838,33.95888],[-111.44924,33.95984],[-111.45057,33.96062],[-111.45196,33.96055],[-111.45235,33.96101],[-111.45292,33.9622],[-111.45237,33.96298],[-111.45229,33.96368],[-111.45196,33.96437],[-111.4526,33.96528],[-111.45255,33.96593],[-111.45166,33.9664],[-111.45105,33.96647],[-111.45005,33.96703],[-111.44957,33.96798],[-111.44889,33.9686],[-111.44909,33.96914],[-111.44894,33.97066],[-111.44908,33.97121],[-111.44846,33.97197],[-111.44836,33.97289],[-111.44809,33.97329],[-111.44688,33.97392],[-111.44575,33.974],[-111.44517,33.97426],[-111.44441,33.97551],[-111.44364,33.97588],[-111.44273,33.97671],[-111.44204,33.97772],[-111.44127,33.97838],[-111.43968,33.97879],[-111.43847,33.97875],[-111.43777,33.97913],[-111.43731,33.98013],[-111.43649,33.98023],[-111.43471,33.98089],[-111.4343,33.98146],[-111.4343,33.98243],[-111.43327,33.98332],[-111.4331,33.9844],[-111.43345,33.9855],[-111.43465,33.98681],[-111.43562,33.98708],[-111.43722,33.98675],[-111.43811,33.98728],[-111.43911,33.9884],[-111.4405,33.9896],[-111.44115,33.98989],[-111.44214,33.99068],[-111.44281,33.99137],[-111.44196,33.99267],[-111.44143,33.99288],[-111.44136,33.9932],[-111.4408,33.99373],[-111.44033,33.99491],[-111.44046,33.99666],[-111.441,33.99709],[-111.44178,33.99808],[-111.44251,33.99812],[-111.4443,33.99886],[-111.44474,33.9996],[-111.44508,34.00118],[-111.44605,34.00128],[-111.44817,34.00095],[-111.44883,34.00021],[-111.4494,34.00015],[-111.44952,34.00042],[-111.45061,34.00133],[-111.45211,34.00238],[-111.45442,34.00475],[-111.45662,34.00388],[-111.45678,34.00341],[-111.45666,34.00335],[-111.45748,34.00257],[-111.45838,34.00221],[-111.46243,34.00404],[-111.46309,34.00388],[-111.46376,34.00432],[-111.46483,34.00432],[-111.46576,34.005],[-111.46604,34.00577],[-111.46653,34.00594],[-111.47,34.00377],[-111.47017,34.00296],[-111.4707,34.00276],[-111.47094,34.00317],[-111.47114,34.00414],[-111.47244,34.00469],[-111.47354,34.00321],[-111.47366,34.00372],[-111.47431,34.00385],[-111.47664,34.00245],[-111.47823,34.00208],[-111.4816,34.0025],[-111.48299,34.00156],[-111.48409,34.002],[-111.48751,34.00175],[-111.48894,34.00115],[-111.48987,34.00135],[-111.49093,34.00085],[-111.49174,34.00004],[-111.49172,33.99981],[-111.50067,34.00004],[-111.72633,34.00004],[-111.9344,34.02311],[-112.16476,34.04817],[-112.16335,34.04754],[-112.16282,34.04687],[-112.16218,34.04481],[-112.16195,34.04271],[-112.16163,34.04229],[-112.16092,34.04244],[-112.16033,34.04309],[-112.15969,34.04346],[-112.15841,34.04377],[-112.15614,34.04317],[-112.15617,34.04289],[-112.15415,34.04177],[-112.15365,34.04091],[-112.15394,34.04032],[-112.15496,34.03991],[-112.15869,34.04004],[-112.16333,34.03797],[-112.16438,34.03685],[-112.16472,34.03627],[-112.16535,34.03313],[-112.1654,34.03225],[-112.16508,34.0309],[-112.16477,34.02695],[-112.16435,34.02626],[-112.1635,34.02317],[-112.16225,34.02059],[-112.16223,34.02],[-112.1612,34.01931],[-112.16113,34.01772],[-112.16226,34.01653],[-112.1632,34.01477],[-112.16354,34.01454],[-112.16434,34.01348],[-112.16435,34.0131],[-112.16554,34.01259],[-112.16625,34.0125],[-112.16678,34.01281],[-112.16727,34.01336],[-112.16822,34.0152],[-112.16966,34.01686],[-112.17052,34.01752],[-112.17158,34.01781],[-112.17313,34.01747],[-112.17424,34.01686],[-112.17635,34.01442],[-112.18143,34.01346],[-112.18233,34.01302],[-112.18291,34.01248],[-112.1833,34.01173],[-112.18327,34.00991],[-112.18275,34.00859],[-112.18183,34.00759],[-112.18114,34.00643],[-112.18039,34.00574],[-112.18032,34.00474],[-112.18052,34.00358],[-112.18084,34.00307],[-112.18178,34.00218],[-112.18291,34.00198],[-112.18495,34.00064],[-112.18552,33.99964],[-112.18569,33.99809],[-112.18625,33.99717],[-112.18968,33.99544],[-112.19108,33.99382],[-112.19195,33.99305],[-112.19271,33.99193],[-112.19337,33.9903],[-112.1936,33.98423],[-112.19375,33.98364],[-112.1938,33.98188],[-112.19393,33.98188],[-112.19414,33.97793],[-112.19479,33.97618],[-112.19677,33.97394],[-112.20129,33.97121],[-112.20138,33.97072],[-112.20784,33.96986],[-112.21501,33.96715],[-112.2151,33.96681],[-112.21493,33.966],[-112.21458,33.96563],[-112.21444,33.96514],[-112.2144,33.96443],[-112.21454,33.96435],[-112.21442,33.96401],[-112.21462,33.96363],[-112.21679,33.96257],[-112.21986,33.96157],[-112.22304,33.96004],[-112.22509,33.95847],[-112.22648,33.95679],[-112.22672,33.95623],[-112.22923,33.95419],[-112.2304,33.95404],[-112.23342,33.9558],[-112.24035,33.95664],[-112.23968,33.95416],[-112.23968,33.95233],[-112.24026,33.95049],[-112.2358,33.94729],[-112.23751,33.94489],[-112.23999,33.94316],[-112.24137,33.94053],[-112.23853,33.93964],[-112.23601,33.93953],[-112.23156,33.93604],[-112.23394,33.9262],[-112.23508,33.9182],[-112.23505,33.91641],[-112.23655,33.91506],[-112.23912,33.91502],[-112.24094,33.91597],[-112.24295,33.91546],[-112.24364,33.91314],[-112.24124,33.91002],[-112.24073,33.90826],[-112.24139,33.90654],[-112.24304,33.90536],[-112.24937,33.90458],[-112.25238,33.90524],[-112.25456,33.90546],[-112.25674,33.9054],[-112.2589,33.90504],[-112.26067,33.90398],[-112.26162,33.90233],[-112.2628,33.90078],[-112.26418,33.89936],[-112.26575,33.89807],[-112.26748,33.89694],[-112.27516,33.8934],[-112.27668,33.89209],[-112.2776,33.89044],[-112.27762,33.88861],[-112.27744,33.88678],[-112.27706,33.88498],[-112.27617,33.88247],[-112.41869,33.91832],[-112.4499,33.92638],[-112.49434,33.93758],[-112.74395,33.9999],[-113.33375,34.00004],[-113.33507,33.70434],[-113.33505,33.37752],[-113.33392,33.37743],[-113.33408,33.31651],[-113.33392,33.31001],[-113.33388,33.29403],[-113.33418,33.28373],[-113.33422,33.25004],[-113.3336,33.24763],[-113.33321,33.22721],[-113.33353,33.17838],[-113.33407,33.14028],[-113.33383,33.11706],[-113.33378,33.08554],[-113.33379,32.81146],[-113.33361,32.73858],[-113.33389,32.50519],[-113.04334,32.50506],[-112.91585,32.50536],[-112.6252,32.50535],[-112.52286,32.50676],[-112.12566,32.50676],[-112.00365,32.50661],[-111.56926,32.50677],[-111.56925,32.50139],[-111.36373,32.50135],[-111.2257,32.50186],[-111.15757,32.50162],[-111.15749,32.51125],[-111.06343,32.51136],[-110.9419,32.51131],[-110.92571,32.51118],[-110.92571,32.5114],[-110.89978,32.51157],[-110.89907,32.51174],[-110.84508,32.51112],[-110.8451,32.51387],[-110.54529,32.5138],[-110.50647,32.5139],[-110.50058,32.51419],[-110.44923,32.51399],[-110.44847,32.52844],[-110.44863,32.67811],[-110.44848,32.94724],[-110.44848,32.94749],[-110.44936,32.94749],[-110.44941,33.12012],[-110.44902,33.19453],[-110.44949,33.19486],[-110.44987,33.19464],[-110.45073,33.19461],[-110.45121,33.1941],[-110.45173,33.1941],[-110.45194,33.19474],[-110.45315,33.19564],[-110.4534,33.19625],[-110.45346,33.19787],[-110.45394,33.19804],[-110.45599,33.19762],[-110.4587,33.19615],[-110.46424,33.19236],[-110.46438,33.19066],[-110.46213,33.18713],[-110.46215,33.18487],[-110.46329,33.18334],[-110.46513,33.18255],[-110.46633,33.1823],[-110.47059,33.18214],[-110.47244,33.18277],[-110.47521,33.18308],[-110.47605,33.18301],[-110.47817,33.18222],[-110.47978,33.18227],[-110.48324,33.18296],[-110.48625,33.18294],[-110.48922,33.18328],[-110.49196,33.18408],[-110.49572,33.18607],[-110.49878,33.18683],[-110.50176,33.18639],[-110.50473,33.18625],[-110.50595,33.18498],[-110.50722,33.18309],[-110.50821,33.18116],[-110.50905,33.18029],[-110.50968,33.18002],[-110.51125,33.17995],[-110.5135,33.17932],[-110.51504,33.1776],[-110.51627,33.17569],[-110.52499,33.17649],[-110.52643,33.17697],[-110.52706,33.17687],[-110.52763,33.1763],[-110.52787,33.17437],[-110.52769,33.17401],[-110.52772,33.17231],[-110.5281,33.17128],[-110.52961,33.16998],[-110.53155,33.16966],[-110.53375,33.16827],[-110.53432,33.16771],[-110.53436,33.16671],[-110.53471,33.16605],[-110.53461,33.16526],[-110.53437,33.16472],[-110.53267,33.16277],[-110.53228,33.16254],[-110.53189,33.16257],[-110.53056,33.16178],[-110.53005,33.16164],[-110.52924,33.16175],[-110.5283,33.16245],[-110.52832,33.16282],[-110.52748,33.16367],[-110.52684,33.16366],[-110.52595,33.16289],[-110.5246,33.1624],[-110.52392,33.16169],[-110.5238,33.16111],[-110.52412,33.1604],[-110.52501,33.15957],[-110.52595,33.1592],[-110.52676,33.1591],[-110.52734,33.15878],[-110.5284,33.15862],[-110.53021,33.15892],[-110.5313,33.15988],[-110.53115,33.16011],[-110.53142,33.1603],[-110.53187,33.16024],[-110.53367,33.1608],[-110.53444,33.16058],[-110.53692,33.16231],[-110.5381,33.16277],[-110.53862,33.16283],[-110.53883,33.16328],[-110.54002,33.16351],[-110.54067,33.1638],[-110.54131,33.16543],[-110.54259,33.16688],[-110.54244,33.1676],[-110.5427,33.16837],[-110.5433,33.16883],[-110.54499,33.16921],[-110.54547,33.16906],[-110.54596,33.16876],[-110.54641,33.16797],[-110.54639,33.1675],[-110.54781,33.16542],[-110.54737,33.16383],[-110.54754,33.16305],[-110.5487,33.16028],[-110.54957,33.15931],[-110.55014,33.15806],[-110.55017,33.15739],[-110.54912,33.15485],[-110.54909,33.15409],[-110.5497,33.15309],[-110.55133,33.15253],[-110.55265,33.15258],[-110.55381,33.15289],[-110.55603,33.15528],[-110.55865,33.15532],[-110.56131,33.15338],[-110.56177,33.15285],[-110.56187,33.15222],[-110.56152,33.15121],[-110.56153,33.15064],[-110.5618,33.14993],[-110.56175,33.14935],[-110.56211,33.14881],[-110.56369,33.14775],[-110.56611,33.14825],[-110.56696,33.14813],[-110.56899,33.14481],[-110.57147,33.1448],[-110.57382,33.14434],[-110.57427,33.1445],[-110.57496,33.14448],[-110.57738,33.14542],[-110.57817,33.14628],[-110.57944,33.14713],[-110.58176,33.14683],[-110.58197,33.14666],[-110.58205,33.14632],[-110.58199,33.14536],[-110.58182,33.14502],[-110.58099,33.14443],[-110.58096,33.14416],[-110.58163,33.14346],[-110.58284,33.1427],[-110.58423,33.14243],[-110.58461,33.14214],[-110.58478,33.1418],[-110.58465,33.141],[-110.58486,33.14069],[-110.58563,33.14021],[-110.58626,33.1386],[-110.58698,33.13731],[-110.58755,33.13675],[-110.5883,33.13643],[-110.58969,33.13547],[-110.59274,33.13441],[-110.59346,33.13393],[-110.59608,33.13371],[-110.59715,33.13413],[-110.59763,33.13442],[-110.59785,33.13476],[-110.59809,33.13559],[-110.59796,33.13679],[-110.59871,33.13794],[-110.5991,33.13811],[-110.59975,33.13808],[-110.60048,33.13764],[-110.60076,33.13763],[-110.6015,33.1379],[-110.60251,33.13842],[-110.60516,33.14027],[-110.60748,33.1412],[-110.60848,33.14237],[-110.60939,33.1428],[-110.61126,33.14312],[-110.61513,33.14315],[-110.61753,33.14387],[-110.62066,33.14401],[-110.62204,33.14377],[-110.62353,33.14374],[-110.62497,33.14324],[-110.62733,33.14312],[-110.63011,33.14258],[-110.63253,33.14277],[-110.63362,33.14263],[-110.63496,33.14203],[-110.63513,33.14188],[-110.63502,33.14128],[-110.63514,33.14095],[-110.63573,33.14014],[-110.63685,33.13937],[-110.63695,33.13891],[-110.63772,33.13823],[-110.638,33.13762],[-110.63842,33.13429],[-110.63865,33.13355],[-110.639,33.13305],[-110.64084,33.13237],[-110.64282,33.13015],[-110.64359,33.12978],[-110.64414,33.12884],[-110.64559,33.12757],[-110.64617,33.1265],[-110.64834,33.12436],[-110.64875,33.12263],[-110.649,33.1222],[-110.65159,33.12018],[-110.65399,33.11713],[-110.6554,33.11634],[-110.65621,33.11466],[-110.65616,33.11422],[-110.65651,33.11369],[-110.65894,33.11258],[-110.6595,33.1125],[-110.6601,33.11251],[-110.66166,33.11332],[-110.66224,33.11379],[-110.66276,33.11484],[-110.66266,33.11522],[-110.66175,33.11594],[-110.66164,33.11631],[-110.66165,33.11657],[-110.66217,33.11727],[-110.6624,33.11906],[-110.66472,33.11975],[-110.66497,33.11994],[-110.66597,33.12002],[-110.66678,33.11962],[-110.66755,33.11868],[-110.66908,33.11802],[-110.66954,33.11738],[-110.67047,33.1166],[-110.67166,33.11462],[-110.67181,33.11388],[-110.67228,33.11309],[-110.67236,33.11252],[-110.67277,33.11164],[-110.67412,33.11072],[-110.67464,33.11064],[-110.67548,33.11076],[-110.67566,33.11171],[-110.67614,33.112],[-110.67644,33.11204],[-110.67699,33.11161],[-110.67789,33.11136],[-110.6781,33.11008],[-110.67875,33.10842],[-110.6787,33.10742],[-110.67831,33.10581],[-110.67929,33.10425],[-110.6796,33.10332],[-110.67978,33.1012],[-110.68094,33.10018],[-110.68316,33.10006],[-110.68358,33.09868],[-110.68312,33.09637],[-110.68267,33.09539],[-110.68291,33.09448],[-110.68246,33.09327],[-110.68291,33.09203],[-110.68254,33.09102],[-110.68252,33.09009],[-110.68304,33.08899],[-110.68314,33.08823],[-110.68329,33.08812],[-110.68498,33.08832],[-110.68744,33.08929],[-110.69106,33.08896],[-110.69495,33.08688],[-110.69509,33.08611],[-110.69488,33.08561],[-110.69456,33.08529],[-110.6926,33.08469],[-110.69198,33.08471],[-110.69107,33.08517],[-110.69011,33.08473],[-110.6894,33.08418],[-110.68903,33.08367],[-110.68828,33.08125],[-110.68869,33.08015],[-110.69002,33.07847],[-110.69305,33.07706],[-110.69333,33.07705],[-110.69412,33.07764],[-110.6949,33.07771],[-110.6968,33.07832],[-110.69874,33.07965],[-110.69979,33.08013],[-110.70133,33.08193],[-110.70235,33.08226],[-110.70441,33.08352],[-110.70507,33.08377],[-110.70667,33.0837],[-110.70786,33.08358],[-110.70864,33.08326],[-110.70838,33.08235],[-110.70864,33.08192],[-110.7105,33.08196],[-110.71158,33.08158],[-110.71181,33.07987],[-110.71245,33.07918],[-110.71268,33.07803],[-110.7138,33.07773],[-110.71578,33.07685],[-110.71626,33.07646],[-110.7173,33.07623],[-110.71784,33.07581],[-110.71962,33.07636],[-110.72111,33.0762],[-110.72091,33.07546],[-110.72148,33.07413],[-110.72123,33.0733],[-110.72136,33.07304],[-110.72194,33.0723],[-110.72466,33.0709],[-110.72558,33.0699],[-110.7257,33.06939],[-110.7253,33.0684],[-110.72527,33.0667],[-110.7249,33.06589],[-110.72446,33.06528],[-110.72304,33.06453],[-110.72239,33.06303],[-110.72087,33.06097],[-110.71986,33.05918],[-110.7194,33.05772],[-110.71683,33.05282],[-110.71672,33.0518],[-110.71595,33.05063],[-110.71555,33.04789],[-110.71621,33.04593],[-110.71615,33.04564],[-110.71539,33.04465],[-110.7159,33.04383],[-110.71586,33.0435],[-110.71635,33.04202],[-110.71648,33.04091],[-110.71707,33.04055],[-110.71739,33.04055],[-110.71844,33.04128],[-110.71883,33.04177],[-110.72035,33.04209],[-110.72202,33.0432],[-110.72241,33.04317],[-110.72291,33.04284],[-110.7239,33.04279],[-110.72472,33.04203],[-110.72512,33.04189],[-110.72544,33.04109],[-110.72598,33.04031],[-110.72608,33.03945],[-110.72763,33.03783],[-110.72889,33.03608],[-110.72911,33.03546],[-110.72903,33.03451],[-110.72765,33.03292],[-110.7283,33.03089],[-110.72819,33.02954],[-110.72856,33.02913],[-110.72934,33.0273],[-110.73113,33.02592],[-110.73174,33.02493],[-110.73506,33.02275],[-110.73574,33.02252],[-110.73753,33.0226],[-110.73797,33.02233],[-110.73831,33.02197],[-110.73837,33.02154],[-110.73804,33.02011],[-110.73876,33.01951],[-110.73958,33.0192],[-110.74136,33.01923],[-110.74234,33.01872],[-110.74331,33.01888],[-110.74378,33.01856],[-110.74403,33.01804],[-110.74498,33.01753],[-110.7451,33.01658],[-110.7459,33.01539],[-110.74577,33.0149],[-110.74509,33.01418],[-110.745,33.01355],[-110.74588,33.01264],[-110.74643,33.01114],[-110.7468,33.0107],[-110.74933,33.01024],[-110.75066,33.01067],[-110.7513,33.01069],[-110.75263,33.00902],[-110.75363,33.00702],[-110.75431,33.00642],[-110.75577,33.00623],[-110.75834,33.00519],[-110.75946,33.00506],[-110.76218,33.00527],[-110.76329,33.0052],[-110.76378,33.00494],[-110.76392,33.00447],[-110.76491,33.00331],[-110.76519,33.0022],[-110.76528,33.0006],[-110.76478,32.9984],[-110.76428,32.99746],[-110.76409,32.99612],[-110.76409,32.99435],[-110.76369,32.99233],[-110.76382,32.9901],[-110.76436,32.98745],[-110.7651,32.98618],[-110.767,32.98508],[-110.76847,32.98482],[-110.77107,32.98512],[-110.77323,32.98503],[-110.77398,32.98495],[-110.77678,32.98412],[-110.78069,32.98367],[-110.78175,32.98389],[-110.78314,32.98466],[-110.86308,33.11528],[-110.86904,33.12506],[-110.8707,33.12806],[-110.87567,33.13556],[-110.89128,33.16165],[-110.90166,33.17688],[-110.91449,33.19846],[-110.92924,33.22205],[-110.94465,33.24724],[-110.94668,33.25005],[-110.97471,33.3421],[-110.99411,33.37905],[-111.00067,33.3911],[-111.03998,33.46602]]]},"properties":{"GEOID":"38060","NAME":"Phoenix-Mesa-Chandler, AZ Metro Area"}},{"type":"Feature","geometry":{"type":"Polygon","coordinates":[[[-88.19939,42.49513],[-88.25703,42.49489],[-88.2701,42.49468],[-88.27266,42.49482],[-88.27955,42.49483],[-88.30319,42.49462],[-88.38999,42.49452],[-88.42189,42.49467],[-88.42224,42.4945],[-88.43163,42.49467],[-88.46181,42.4948],[-88.4706,42.49462],[-88.4978,42.49462],[-88.5001,42.49478],[-88.52571,42.49492],[-88.629,42.49504],[-88.658,42.49482],[-88.70742,42.4936],[-88.70643,42.45833],[-88.70575,42.39631],[-88.70559,42.26977],[-88.70541,42.25244],[-88.70539,42.22462],[-88.70568,42.18361],[-88.70554,42.18191],[-88.70558,42.15354],[-88.82828,42.15338],[-88.93973,42.15232],[-88.9397,42.14657],[-88.93989,42.14484],[-88.93964,42.13771],[-88.93894,42.0651],[-88.94215,42.06505],[-88.94191,42.02977],[-88.94198,42.02178],[-88.94184,42.01522],[-88.94197,41.99345],[-88.94168,41.9309],[-88.94128,41.89175],[-88.94134,41.79296],[-88.94166,41.7175],[-88.94144,41.71723],[-88.94056,41.71715],[-88.94032,41.71677],[-88.93891,41.64008],[-88.93874,41.63836],[-88.93886,41.63823],[-88.93868,41.62832],[-88.85227,41.63063],[-88.81846,41.63135],[-88.70703,41.63052],[-88.70647,41.63042],[-88.70616,41.63019],[-88.70279,41.63079],[-88.70114,41.6308],[-88.70045,41.6306],[-88.66336,41.631],[-88.60224,41.63139],[-88.60021,41.57526],[-88.60063,41.5703],[-88.60046,41.56951],[-88.60005,41.56898],[-88.59938,41.55697],[-88.59945,41.55618],[-88.5993,41.55559],[-88.59943,41.55559],[-88.59842,41.52702],[-88.59636,41.47162],[-88.59516,41.41822],[-88.5937,41.37304],[-88.59039,41.31148],[-88.58857,41.27148],[-88.58771,41.24028],[-88.58714,41.21235],[-88.58655,41.16507],[-88.58624,41.10828],[-88.5095,41.10838],[-88.48492,41.10865],[-88.4551,41.10927],[-88.28516,41.11353],[-88.24089,41.11438],[-88.24414,41.20157],[-88.19912,41.20236],[-88.1289,41.20389],[-88.01181,41.20551],[-88.01263,41.23466],[-88.01392,41.29245],[-87.87975,41.29462],[-87.80094,41.29564],[-87.52673,41.29805],[-87.5265,41.22383],[-87.52653,41.16443],[-87.52666,41.15504],[-87.52647,41.15246],[-87.5267,41.14922],[-87.52657,41.13973],[-87.52667,41.11671],[-87.52632,41.04544],[-87.52643,41.02437],[-87.52621,41.01047],[-87.5262,40.98701],[-87.52598,40.97427],[-87.52612,40.93759],[-87.52596,40.8945],[-87.52605,40.89424],[-87.52644,40.89415],[-87.52591,40.88059],[-87.52611,40.8797],[-87.52592,40.87504],[-87.52598,40.86502],[-87.52566,40.83613],[-87.5257,40.81725],[-87.5259,40.80311],[-87.52603,40.73688],[-87.48484,40.73693],[-87.38419,40.73651],[-87.17607,40.73672],[-87.09839,40.73654],[-87.09869,40.76581],[-87.09928,40.7801],[-87.09988,40.80915],[-87.09962,40.82363],[-87.09979,40.83761],[-87.06165,40.83772],[-87.04265,40.83795],[-86.98644,40.83792],[-86.98698,40.86101],[-86.98744,40.91218],[-86.95419,40.91219],[-86.93076,40.91242],[-86.93101,40.95943],[-86.9305,41.11915],[-86.9303,41.12991],[-86.93047,41.13684],[-86.93042,41.15104],[-86.93031,41.1709],[-86.93016,41.17253],[-86.93,41.18135],[-86.92965,41.22971],[-86.92977,41.23423],[-86.93008,41.2368],[-86.92956,41.24908],[-86.92965,41.25894],[-86.92986,41.25942],[-86.92984,41.2742],[-86.93028,41.28114],[-86.93012,41.28752],[-86.93078,41.33968],[-86.93052,41.3695],[-86.93029,41.37603],[-86.93025,41.41987],[-86.93006,41.44969],[-86.92936,41.46311],[-86.92935,41.48493],[-86.92977,41.519],[-86.93012,41.53162],[-86.92987,41.53606],[-86.93023,41.54236],[-86.93075,41.54637],[-86.93052,41.55066],[-86.9309,41.55485],[-86.93227,41.61727],[-86.93239,41.68809],[-86.93337,41.75004],[-86.93333,41.76103],[-87.12504,41.76042],[-87.12504,41.76137],[-87.20777,41.76096],[-87.14843,42.00001],[-87.15001,42.00003],[-87.12504,42.09512],[-87.12504,42.0971],[-87.08834,42.23533],[-87.06804,42.31435],[-87.05181,42.37503],[-87.04005,42.41699],[-87.01994,42.4935],[-87.12505,42.49368],[-87.25005,42.49357],[-87.37506,42.49382],[-87.50006,42.49352],[-87.62507,42.49295],[-87.75007,42.49269],[-87.79337,42.49172],[-87.80056,42.49192],[-87.80322,42.49257],[-87.80534,42.49261],[-87.98132,42.49493],[-88.00328,42.49489],[-88.08277,42.49564],[-88.14172,42.4956],[-88.19939,42.49513]]]},"properties":{"GEOID":"16980","NAME":"Chicago-Naperville-Elgin, IL-IN Metro Area"}},{"type":"Feature","geometry":{"type":"MultiPolygon","coordinates":[[[[-117.78308,33.94626],[-117.79355,33.95382],[-117.79367,33.96814],[-117.80244,33.96831],[-117.80254,33.97555],[-117.78503,34.00485],[-117.76753,34.00469],[-117.76705,34.01119],[-117.76765,34.01939],[-117.76766,34.02351],[-117.73585,34.01855],[-117.73012,34.02137],[-117.72736,34.03739],[-117.71648,34.06758],[-117.7049,34.09395],[-117.6868,34.13812],[-117.68171,34.15583],[-117.6785,34.16199],[-117.6602,34.2345],[-117.65936,34.23796],[-117.65947,34.23803],[-117.65926,34.23823],[-117.65901,34.23922],[-117.65911,34.23947],[-117.65894,34.23948],[-117.64637,34.28917],[-117.65976,34.45277],[-117.66011,34.51533],[-117.66025,34.51651],[-117.66014,34.51938],[-117.6604,34.55789],[-117.66712,34.55791],[-117.66692,34.63165],[-117.66728,34.73135],[-117.66716,34.75949],[-117.66746,34.82253],[-117.73872,34.82325],[-117.77493,34.8233],[-117.88113,34.82252],[-117.98768,34.82262],[-118.20411,34.82016],[-118.30865,34.82006],[-118.34241,34.81943],[-118.39134,34.81918],[-118.48454,34.81821],[-118.54727,34.81843],[-118.62265,34.81829],[-118.62724,34.81817],[-118.76586,34.81799],[-118.82084,34.81747],[-118.83659,34.8175],[-118.84528,34.81773],[-118.85401,34.81776],[-118.85411,34.80328],[-118.87212,34.80317],[-118.87672,34.8032],[-118.88193,34.80766],[-118.88332,34.80937],[-118.88406,34.81082],[-118.88429,34.81201],[-118.88416,34.81349],[-118.88388,34.81407],[-118.88349,34.81415],[-118.88335,34.81478],[-118.88042,34.81784],[-118.88317,34.81793],[-118.88425,34.81775],[-118.88934,34.81779],[-118.89463,34.81797],[-118.81587,34.65541],[-118.72027,34.46172],[-118.63679,34.2918],[-118.63255,34.26343],[-118.63265,34.24839],[-118.63249,34.24039],[-118.66771,34.24034],[-118.66781,34.2058],[-118.66818,34.18987],[-118.66815,34.16819],[-118.69453,34.16857],[-118.71199,34.16862],[-118.72337,34.16786],[-118.78889,34.16821],[-118.94097,34.07483],[-118.94464,34.0454],[-118.94488,34.04542],[-118.94619,34.03537],[-118.95056,34.00001],[-118.95172,33.99286],[-118.94564,33.99199],[-118.94044,33.99145],[-118.93165,33.99211],[-118.9262,33.991],[-118.91926,33.9905],[-118.91543,33.99042],[-118.91046,33.98941],[-118.89726,33.9878],[-118.8873,33.98722],[-118.88483,33.98606],[-118.8814,33.98497],[-118.874,33.98331],[-118.87099,33.98064],[-118.864,33.97302],[-118.85685,33.96597],[-118.85279,33.96257],[-118.84776,33.95933],[-118.84112,33.95537],[-118.83476,33.95238],[-118.82938,33.95039],[-118.82489,33.94904],[-118.82093,33.94819],[-118.81475,33.94721],[-118.80983,33.9469],[-118.80361,33.94724],[-118.79773,33.94821],[-118.79213,33.94952],[-118.78653,33.95143],[-118.77904,33.95453],[-118.76814,33.9608],[-118.76428,33.96361],[-118.76259,33.96436],[-118.75687,33.9664],[-118.75441,33.96779],[-118.75092,33.97107],[-118.74961,33.9718],[-118.74639,33.9755],[-118.73993,33.97652],[-118.73553,33.97704],[-118.73073,33.97886],[-118.72746,33.98031],[-118.72261,33.97941],[-118.71674,33.97869],[-118.70959,33.97806],[-118.70457,33.97784],[-118.69851,33.97819],[-118.68914,33.97995],[-118.68401,33.97922],[-118.68081,33.97916],[-118.67702,33.97927],[-118.66651,33.98056],[-118.65646,33.9838],[-118.65287,33.98441],[-118.65016,33.98512],[-118.64835,33.98673],[-118.64394,33.9858],[-118.63307,33.98565],[-118.62632,33.98646],[-118.62592,33.98723],[-118.62084,33.9868],[-118.62007,33.98697],[-118.61596,33.98641],[-118.61132,33.98619],[-118.60439,33.98628],[-118.59971,33.98667],[-118.59408,33.98807],[-118.59097,33.98724],[-118.58658,33.98701],[-118.57602,33.98752],[-118.56969,33.98881],[-118.56639,33.98808],[-118.56272,33.98779],[-118.55736,33.98767],[-118.54842,33.97997],[-118.53347,33.96179],[-118.52575,33.95539],[-118.52345,33.95305],[-118.51814,33.94527],[-118.51361,33.93896],[-118.50863,33.93252],[-118.50648,33.92805],[-118.50091,33.91862],[-118.47682,33.88951],[-118.4582,33.86526],[-118.44725,33.84876],[-118.44397,33.83906],[-118.45054,33.83227],[-118.46915,33.81868],[-118.48448,33.80315],[-118.48777,33.77987],[-118.48558,33.75366],[-118.46696,33.72552],[-118.42864,33.70127],[-118.38593,33.68671],[-118.37717,33.67895],[-118.34541,33.66343],[-118.31913,33.65955],[-118.27424,33.66343],[-118.25453,33.67507],[-118.23701,33.69059],[-118.19211,33.69059],[-118.16583,33.69156],[-118.1259,33.69715],[-118.10748,33.66878],[-118.09647,33.65365],[-118.07507,33.63961],[-118.05612,33.62502],[-118.04985,33.62001],[-118.03361,33.60935],[-118.01532,33.59949],[-118.005,33.59463],[-118.00088,33.59317],[-117.97381,33.57623],[-117.93405,33.54925],[-117.87369,33.51977],[-117.83604,33.50003],[-117.82659,33.497],[-117.8235,33.4946],[-117.81636,33.49087],[-117.81484,33.48721],[-117.81128,33.48202],[-117.80442,33.47662],[-117.79856,33.4729],[-117.79326,33.46978],[-117.79235,33.46535],[-117.79048,33.46124],[-117.78147,33.45066],[-117.77606,33.44529],[-117.77234,33.44024],[-117.76514,33.43154],[-117.75741,33.42428],[-117.75089,33.41898],[-117.74141,33.41012],[-117.73534,33.40744],[-117.72572,33.40744],[-117.71357,33.40878],[-117.68519,33.38776],[-117.66618,33.37503],[-117.65974,33.36957],[-117.6538,33.36482],[-117.64786,33.36363],[-117.6444,33.35938],[-117.64117,33.35574],[-117.63895,33.35223],[-117.6362,33.34913],[-117.63157,33.34616],[-117.62588,33.34211],[-117.61108,33.33399],[-117.59911,33.37503],[-117.59608,33.38595],[-117.5962,33.3869],[-117.59609,33.38747],[-117.57851,33.45381],[-117.55984,33.45139],[-117.53817,33.45488],[-117.5095,33.47027],[-117.50938,33.48403],[-117.50982,33.50518],[-117.50973,33.50906],[-117.50376,33.50895],[-117.50318,33.5204],[-117.50991,33.52055],[-117.51021,33.534],[-117.50624,33.5395],[-117.50116,33.54581],[-117.4967,33.55262],[-117.48766,33.56431],[-117.47555,33.57922],[-117.46121,33.59759],[-117.45811,33.60197],[-117.41866,33.65162],[-117.4139,33.65765],[-117.41299,33.65905],[-117.41903,33.66357],[-117.45798,33.69029],[-117.47457,33.70381],[-117.49712,33.70551],[-117.534,33.71036],[-117.53409,33.71255],[-117.5344,33.71282],[-117.53433,33.71484],[-117.53493,33.72434],[-117.53581,33.75002],[-117.53621,33.75312],[-117.53645,33.75767],[-117.5395,33.75819],[-117.56907,33.76457],[-117.57463,33.76646],[-117.58014,33.76799],[-117.58079,33.76948],[-117.60764,33.79773],[-117.63736,33.83077],[-117.66212,33.8575],[-117.67428,33.85796],[-117.67505,33.86872],[-117.6725,33.86943],[-117.67213,33.86917],[-117.67161,33.86937],[-117.67313,33.871],[-117.67305,33.87107],[-117.6793,33.87762],[-117.73809,33.91374],[-117.78308,33.94626]]],[[[-118.6682,33.48594],[-118.6676,33.47749],[-118.66592,33.46733],[-118.66175,33.45632],[-118.65506,33.44531],[-118.64291,33.43432],[-118.63694,33.42868],[-118.63073,33.4232],[-118.62592,33.41507],[-118.62592,33.41426],[-118.61857,33.40619],[-118.60723,33.39829],[-118.59108,33.39087],[-118.5732,33.38348],[-118.56363,33.38103],[-118.55733,33.3807],[-118.55338,33.38023],[-118.54793,33.3768],[-118.54858,33.37503],[-118.54961,33.37503],[-118.55119,33.36935],[-118.55097,33.36161],[-118.54961,33.35065],[-118.54748,33.34048],[-118.54252,33.33105],[-118.54085,33.32509],[-118.53488,33.31518],[-118.51804,33.29665],[-118.51039,33.28966],[-118.50368,33.28531],[-118.50091,33.28407],[-118.48669,33.27691],[-118.47146,33.27289],[-118.45507,33.26902],[-118.44046,33.26746],[-118.43765,33.26702],[-118.42752,33.26596],[-118.41205,33.26628],[-118.40256,33.26794],[-118.39414,33.26591],[-118.38913,33.2652],[-118.38559,33.26536],[-118.38149,33.2623],[-118.36331,33.25507],[-118.34377,33.25003],[-118.34147,33.25003],[-118.33475,33.24861],[-118.32799,33.24808],[-118.31862,33.24847],[-118.30872,33.25003],[-118.30967,33.25003],[-118.30284,33.25101],[-118.29246,33.25408],[-118.2807,33.25909],[-118.26918,33.26568],[-118.25918,33.2725],[-118.2509,33.28144],[-118.2509,33.28047],[-118.24908,33.28414],[-118.24594,33.29106],[-118.2427,33.30311],[-118.24105,33.31303],[-118.24129,33.32302],[-118.2451,33.33834],[-118.2509,33.35165],[-118.25138,33.3534],[-118.25381,33.35722],[-118.25771,33.36413],[-118.26275,33.37044],[-118.26818,33.37502],[-118.27132,33.37669],[-118.27721,33.38074],[-118.28581,33.38984],[-118.29467,33.39759],[-118.3041,33.40363],[-118.30659,33.40716],[-118.30859,33.41636],[-118.31095,33.42514],[-118.31635,33.43414],[-118.32465,33.44198],[-118.33277,33.44804],[-118.34206,33.45388],[-118.35092,33.45782],[-118.35255,33.45938],[-118.35939,33.46492],[-118.36922,33.469],[-118.37591,33.4711],[-118.38605,33.47345],[-118.38939,33.47449],[-118.39513,33.47671],[-118.40323,33.47927],[-118.41187,33.48078],[-118.42084,33.48178],[-118.42287,33.48387],[-118.42709,33.48716],[-118.43243,33.48894],[-118.43684,33.48944],[-118.44755,33.50002],[-118.45683,33.50687],[-118.46285,33.51043],[-118.46896,33.513],[-118.47728,33.51543],[-118.48262,33.51606],[-118.48788,33.51615],[-118.49334,33.51573],[-118.50091,33.52163],[-118.50676,33.52491],[-118.51765,33.52869],[-118.52324,33.53015],[-118.52938,33.53118],[-118.53364,33.53144],[-118.5466,33.53084],[-118.55093,33.53019],[-118.55503,33.52921],[-118.55775,33.52833],[-118.56317,33.52929],[-118.56719,33.52948],[-118.57152,33.52947],[-118.5753,33.52926],[-118.57914,33.52841],[-118.58582,33.53088],[-118.58972,33.53198],[-118.59365,33.53224],[-118.59976,33.53232],[-118.60501,33.53221],[-118.61216,33.53185],[-118.61893,33.53066],[-118.62592,33.52898],[-118.6384,33.52403],[-118.64406,33.52128],[-118.64786,33.51821],[-118.65202,33.51409],[-118.65573,33.51082],[-118.65992,33.50576],[-118.66215,33.50172],[-118.66371,33.50002],[-118.66672,33.49349],[-118.6682,33.48594]]],[[[-118.6782,33.03973],[-118.67855,33.02636],[-118.67594,33.01542],[-118.67484,33.01214],[-118.67102,33.00585],[-118.67017,33.00003],[-118.64473,33.00003],[-118.64343,32.99284],[-118.63919,32.97811],[-118.63771,32.97536],[-118.63649,32.96909],[-118.63552,32.9656],[-118.6315,32.95715],[-118.62957,32.95363],[-118.62592,32.94723],[-118.62212,32.94143],[-118.6186,32.93685],[-118.61469,32.93281],[-118.6088,32.92769],[-118.60817,32.92612],[-118.60668,32.92097],[-118.60547,32.9182],[-118.6057,32.91562],[-118.60529,32.90854],[-118.60434,32.9066],[-118.60352,32.90356],[-118.60086,32.89786],[-118.59693,32.89047],[-118.59208,32.88506],[-118.5895,32.88144],[-118.58794,32.87884],[-118.58132,32.87152],[-118.57721,32.86802],[-118.57506,32.86573],[-118.57138,32.8593],[-118.56735,32.85456],[-118.56408,32.85139],[-118.56253,32.84944],[-118.55945,32.84348],[-118.55546,32.83317],[-118.55319,32.8288],[-118.54673,32.82068],[-118.5425,32.81657],[-118.5382,32.81277],[-118.53509,32.81058],[-118.53178,32.80876],[-118.52983,32.80789],[-118.52043,32.80196],[-118.51581,32.79957],[-118.50765,32.79688],[-118.50474,32.79455],[-118.50091,32.79203],[-118.49967,32.79104],[-118.49421,32.7855],[-118.4888,32.78137],[-118.48497,32.77916],[-118.48438,32.77862],[-118.48167,32.77472],[-118.47793,32.77062],[-118.47391,32.76682],[-118.46837,32.76259],[-118.46471,32.76018],[-118.45902,32.75769],[-118.45381,32.75511],[-118.43885,32.75039],[-118.43654,32.75004],[-118.4198,32.75004],[-118.41262,32.7511],[-118.40832,32.75191],[-118.40414,32.7533],[-118.39953,32.75523],[-118.3959,32.75715],[-118.39256,32.7585],[-118.38535,32.76356],[-118.38296,32.76585],[-118.38121,32.76808],[-118.37897,32.76959],[-118.37838,32.77023],[-118.37591,32.76939],[-118.371,32.7682],[-118.3591,32.76616],[-118.35349,32.76581],[-118.34319,32.76706],[-118.33197,32.77057],[-118.32382,32.77351],[-118.31853,32.7768],[-118.3128,32.78082],[-118.30285,32.78885],[-118.29847,32.79426],[-118.29584,32.79826],[-118.29281,32.8038],[-118.28991,32.81053],[-118.28895,32.81615],[-118.28878,32.82083],[-118.28989,32.82938],[-118.2924,32.83639],[-118.29725,32.84509],[-118.31034,32.8595],[-118.31739,32.86376],[-118.32034,32.86626],[-118.32571,32.87173],[-118.32972,32.87504],[-118.3289,32.87504],[-118.33746,32.87975],[-118.35639,32.8945],[-118.36252,32.90012],[-118.36992,32.90507],[-118.37591,32.90869],[-118.38157,32.91185],[-118.39079,32.91784],[-118.39694,32.92255],[-118.40604,32.93179],[-118.4096,32.93455],[-118.41128,32.93647],[-118.41395,32.93862],[-118.41874,32.94211],[-118.42334,32.94648],[-118.42769,32.94958],[-118.4344,32.95321],[-118.44591,32.96027],[-118.44886,32.96175],[-118.4503,32.9637],[-118.4573,32.97092],[-118.46018,32.97525],[-118.47119,32.98912],[-118.47487,32.99309],[-118.47779,32.99577],[-118.48141,33.00003],[-118.47995,33.00003],[-118.48475,33.00462],[-118.48546,33.00599],[-118.48714,33.00818],[-118.4895,33.01063],[-118.49113,33.01792],[-118.49558,33.02634],[-118.50091,33.03059],[-118.50766,33.03788],[-118.50927,33.04157],[-118.51497,33.04989],[-118.52373,33.05997],[-118.5421,33.07379],[-118.55263,33.07863],[-118.56141,33.08106],[-118.57834,33.08624],[-118.58953,33.08711],[-118.60226,33.08605],[-118.61962,33.08672],[-118.63264,33.08454],[-118.6413,33.08188],[-118.65436,33.07495],[-118.66385,33.06685],[-118.67078,33.05797],[-118.67561,33.04935],[-118.6782,33.03973]]]]},"properties":{"GEOID":"31080","NAME":"Los Angeles-Long Beach-Anaheim, CA Metro Area"}},{"type":"Feature","geometry":{"type":"Polygon","coordinates":[[[-79.9966,26.88223],[-79.99895,26.88963],[-79.99976,26.89282],[-80.02275,26.97039],[-80.07693,26.97038],[-80.08669,26.97063],[-80.08837,26.97052],[-80.10916,26.97083],[-80.14176,26.97094],[-80.14188,26.97088],[-80.14201,26.95664],[-80.18857,26.95663],[-80.2274,26.95687],[-80.23533,26.95705],[-80.25474,26.95712],[-80.25583,26.95726],[-80.28716,26.95784],[-80.37452,26.95839],[-80.38817,26.95838],[-80.4176,26.95774],[-80.43477,26.95787],[-80.4437,26.95767],[-80.45012,26.95787],[-80.48267,26.95786],[-80.49978,26.95815],[-80.62966,26.95778],[-80.74978,26.95903],[-80.88564,26.95892],[-80.88605,26.94924],[-80.88581,26.89833],[-80.88578,26.80758],[-80.88597,26.7437],[-80.88582,26.69606],[-80.88603,26.65463],[-80.88556,26.59402],[-80.88371,26.49999],[-80.88315,26.47815],[-80.88297,26.46493],[-80.88311,26.44752],[-80.88148,26.3902],[-80.88119,26.37536],[-80.88002,26.34606],[-80.88192,26.34612],[-80.88183,26.3338],[-80.88128,26.33381],[-80.88106,26.31735],[-80.87971,26.25931],[-80.87936,26.18005],[-80.87256,26.00147],[-80.87256,25.99854],[-80.87297,25.99294],[-80.87299,25.95055],[-80.8736,25.9083],[-80.87358,25.86242],[-80.87324,25.84384],[-80.8731,25.80538],[-80.87318,25.771],[-80.87301,25.75038],[-80.87327,25.62539],[-80.87309,25.62346],[-80.87337,25.55975],[-80.87316,25.50038],[-80.87349,25.48409],[-80.87319,25.36399],[-80.86219,25.36419],[-80.86199,25.2429],[-80.85799,25.243],[-80.85817,25.17661],[-80.8548,25.17672],[-80.85168,25.17732],[-80.84641,25.17707],[-80.84593,25.17661],[-80.8453,25.17635],[-80.84179,25.17626],[-80.83975,25.17555],[-80.83822,25.17479],[-80.83683,25.17394],[-80.83421,25.17268],[-80.83271,25.17116],[-80.83174,25.16979],[-80.83002,25.16811],[-80.82874,25.16612],[-80.82825,25.1637],[-80.82718,25.16204],[-80.82716,25.16091],[-80.82653,25.1605],[-80.82574,25.16055],[-80.82136,25.16286],[-80.81619,25.16451],[-80.81416,25.16542],[-80.81039,25.16785],[-80.80996,25.16829],[-80.80956,25.16905],[-80.80926,25.1704],[-80.80926,25.17219],[-80.80966,25.17331],[-80.81044,25.17458],[-80.81139,25.17542],[-80.81303,25.17607],[-80.81308,25.17648],[-80.81288,25.17708],[-80.81303,25.17834],[-80.81333,25.17914],[-80.81333,25.18004],[-80.81359,25.18056],[-80.81368,25.18174],[-80.81452,25.1826],[-80.81442,25.18274],[-80.81356,25.18297],[-80.81348,25.18267],[-80.81323,25.18251],[-80.8123,25.1833],[-80.80958,25.18387],[-80.80937,25.18336],[-80.80983,25.18304],[-80.81056,25.18196],[-80.81205,25.18059],[-80.81195,25.18001],[-80.81147,25.1799],[-80.80859,25.18127],[-80.80837,25.18155],[-80.80817,25.18201],[-80.80814,25.18306],[-80.80859,25.1838],[-80.80857,25.18405],[-80.80819,25.18421],[-80.80763,25.18403],[-80.8067,25.184],[-80.80554,25.18354],[-80.80292,25.182],[-80.80169,25.18171],[-80.79924,25.18157],[-80.79786,25.18122],[-80.79622,25.18042],[-80.79529,25.17946],[-80.7939,25.17624],[-80.79481,25.17501],[-80.79534,25.17267],[-80.79575,25.17152],[-80.79713,25.16904],[-80.79776,25.16659],[-80.79829,25.16572],[-80.79928,25.16487],[-80.80013,25.16319],[-80.80029,25.16145],[-80.80064,25.16049],[-80.80089,25.15888],[-80.80112,25.15661],[-80.80158,25.1551],[-80.80256,25.15287],[-80.80259,25.15232],[-80.80115,25.1501],[-80.8007,25.14865],[-80.80055,25.14732],[-80.80106,25.14356],[-80.80053,25.14299],[-80.79989,25.14333],[-80.79889,25.14473],[-80.79795,25.14672],[-80.7979,25.14746],[-80.79813,25.14822],[-80.79858,25.15177],[-80.7984,25.15636],[-80.79805,25.15796],[-80.79729,25.1598],[-80.7958,25.16211],[-80.79361,25.16393],[-80.79242,25.16445],[-80.79018,25.1647],[-80.78723,25.16443],[-80.78514,25.16505],[-80.78221,25.16527],[-80.78022,25.16472],[-80.77806,25.16254],[-80.77692,25.16073],[-80.77584,25.15664],[-80.77411,25.15423],[-80.77295,25.15136],[-80.77262,25.14983],[-80.77257,25.14829],[-80.7729,25.14636],[-80.77354,25.1443],[-80.77553,25.14162],[-80.77805,25.13919],[-80.7784,25.13864],[-80.7784,25.13816],[-80.77802,25.1377],[-80.77709,25.13742],[-80.77667,25.13749],[-80.77369,25.13891],[-80.77263,25.13987],[-80.77147,25.14044],[-80.77124,25.14077],[-80.77059,25.14304],[-80.7696,25.1448],[-80.769,25.14682],[-80.76879,25.15008],[-80.76912,25.15065],[-80.77015,25.15152],[-80.77053,25.15393],[-80.77103,25.15494],[-80.77219,25.15604],[-80.77237,25.1565],[-80.77246,25.15857],[-80.77229,25.15949],[-80.77188,25.16029],[-80.7711,25.16098],[-80.77032,25.16127],[-80.76835,25.16152],[-80.76699,25.1621],[-80.76596,25.16228],[-80.76369,25.16184],[-80.7619,25.16182],[-80.76102,25.16158],[-80.75937,25.16089],[-80.75746,25.1604],[-80.75638,25.15989],[-80.75538,25.15916],[-80.75508,25.15848],[-80.75495,25.15651],[-80.75566,25.15413],[-80.75631,25.15298],[-80.75631,25.15271],[-80.75456,25.15135],[-80.75271,25.1519],[-80.75145,25.15139],[-80.74905,25.1488],[-80.74875,25.14809],[-80.74766,25.14704],[-80.74615,25.14642],[-80.74575,25.14605],[-80.74416,25.14365],[-80.74355,25.14298],[-80.74293,25.14265],[-80.74153,25.14243],[-80.74057,25.14248],[-80.73905,25.14306],[-80.7368,25.14349],[-80.73491,25.14365],[-80.73194,25.14303],[-80.73062,25.14306],[-80.72979,25.14338],[-80.72773,25.1449],[-80.72639,25.14517],[-80.72206,25.14529],[-80.72155,25.1455],[-80.72133,25.14575],[-80.72125,25.14621],[-80.72151,25.14676],[-80.72236,25.14751],[-80.72637,25.14982],[-80.72802,25.15004],[-80.72857,25.15028],[-80.72962,25.15178],[-80.73028,25.15247],[-80.73099,25.15292],[-80.73141,25.15301],[-80.73406,25.15242],[-80.7362,25.15212],[-80.73691,25.1518],[-80.73794,25.15099],[-80.73847,25.15081],[-80.73943,25.15108],[-80.74147,25.15273],[-80.74303,25.1534],[-80.74374,25.1539],[-80.74402,25.15434],[-80.74452,25.15594],[-80.7472,25.15871],[-80.7474,25.1592],[-80.74747,25.16016],[-80.74725,25.16289],[-80.74728,25.16482],[-80.74592,25.16539],[-80.74544,25.16532],[-80.74244,25.16402],[-80.74107,25.16237],[-80.73883,25.16161],[-80.73815,25.16099],[-80.73792,25.16044],[-80.73782,25.15945],[-80.73727,25.15907],[-80.73699,25.15916],[-80.73568,25.16058],[-80.73518,25.16083],[-80.73419,25.16097],[-80.73278,25.16056],[-80.73069,25.15965],[-80.72991,25.15976],[-80.72953,25.1602],[-80.72941,25.16217],[-80.72918,25.16313],[-80.72926,25.16361],[-80.72999,25.16513],[-80.73059,25.16552],[-80.7313,25.16653],[-80.73198,25.16719],[-80.73203,25.16735],[-80.7317,25.16744],[-80.73027,25.1671],[-80.72876,25.16703],[-80.72553,25.16577],[-80.72495,25.16529],[-80.72308,25.16155],[-80.7228,25.15995],[-80.723,25.15933],[-80.72376,25.15882],[-80.72476,25.15768],[-80.72592,25.15667],[-80.72633,25.15596],[-80.72658,25.15462],[-80.72726,25.15373],[-80.72733,25.15318],[-80.72721,25.15288],[-80.72673,25.15261],[-80.72617,25.15256],[-80.72562,25.15272],[-80.7237,25.15401],[-80.7228,25.15444],[-80.72161,25.15486],[-80.71957,25.15518],[-80.71871,25.15555],[-80.71788,25.15566],[-80.71733,25.15539],[-80.71486,25.15337],[-80.7139,25.1519],[-80.7136,25.15172],[-80.71297,25.15154],[-80.71185,25.15201],[-80.71157,25.15195],[-80.7109,25.15138],[-80.71062,25.15078],[-80.71022,25.14892],[-80.70903,25.14743],[-80.70875,25.14683],[-80.7086,25.14603],[-80.7086,25.14381],[-80.70797,25.14289],[-80.70784,25.14225],[-80.70802,25.14179],[-80.70799,25.14131],[-80.70697,25.14004],[-80.70629,25.13981],[-80.70406,25.14042],[-80.70371,25.14067],[-80.70323,25.14145],[-80.70321,25.14383],[-80.70339,25.14422],[-80.70467,25.14512],[-80.70485,25.14675],[-80.70533,25.14833],[-80.70538,25.14902],[-80.70487,25.15048],[-80.70405,25.15204],[-80.70352,25.15273],[-80.70294,25.15308],[-80.70027,25.15335],[-80.69759,25.15443],[-80.69759,25.15491],[-80.69792,25.15549],[-80.69805,25.15746],[-80.6986,25.15904],[-80.69861,25.16184],[-80.6983,25.16246],[-80.69785,25.16294],[-80.69649,25.16352],[-80.69614,25.16384],[-80.69561,25.16473],[-80.69422,25.16572],[-80.69369,25.16687],[-80.69317,25.16728],[-80.69027,25.16852],[-80.68901,25.16857],[-80.6881,25.16887],[-80.68742,25.16933],[-80.68679,25.17017],[-80.68631,25.17045],[-80.68505,25.17073],[-80.68465,25.17102],[-80.68422,25.17201],[-80.68379,25.17233],[-80.682,25.17281],[-80.68142,25.17348],[-80.68105,25.17437],[-80.68024,25.17456],[-80.67845,25.1746],[-80.67787,25.17394],[-80.67752,25.17286],[-80.67752,25.17203],[-80.67812,25.16896],[-80.68001,25.16655],[-80.68036,25.16566],[-80.68044,25.16479],[-80.67965,25.16403],[-80.67807,25.16394],[-80.67711,25.16453],[-80.67522,25.16678],[-80.67479,25.16701],[-80.67252,25.16733],[-80.67232,25.16749],[-80.67235,25.16779],[-80.67257,25.16805],[-80.67376,25.16857],[-80.67401,25.16885],[-80.67406,25.17002],[-80.67341,25.17112],[-80.67348,25.17341],[-80.67326,25.1739],[-80.67278,25.17433],[-80.67169,25.17458],[-80.67094,25.17408],[-80.66965,25.17247],[-80.66867,25.17179],[-80.66814,25.17121],[-80.66799,25.17082],[-80.66801,25.16995],[-80.66839,25.16922],[-80.6699,25.16763],[-80.66998,25.16724],[-80.66983,25.16704],[-80.66869,25.16674],[-80.66741,25.16692],[-80.6662,25.16667],[-80.66564,25.16679],[-80.66451,25.16736],[-80.66347,25.1675],[-80.66191,25.16738],[-80.66095,25.16777],[-80.65891,25.16901],[-80.6578,25.16913],[-80.65732,25.16888],[-80.657,25.16839],[-80.65674,25.16752],[-80.65632,25.16693],[-80.65465,25.16573],[-80.65357,25.16465],[-80.65311,25.16383],[-80.65306,25.16287],[-80.65384,25.16103],[-80.65495,25.15954],[-80.65551,25.15789],[-80.65661,25.15628],[-80.65888,25.15502],[-80.66123,25.1544],[-80.66191,25.15401],[-80.6642,25.15137],[-80.66564,25.15087],[-80.66569,25.15004],[-80.66586,25.14965],[-80.66717,25.14839],[-80.66755,25.14772],[-80.66929,25.14658],[-80.66969,25.14612],[-80.67037,25.1447],[-80.67092,25.14415],[-80.67244,25.14332],[-80.67407,25.1427],[-80.67458,25.14224],[-80.67506,25.14109],[-80.67511,25.14027],[-80.6745,25.13882],[-80.6737,25.13848],[-80.67309,25.13859],[-80.67241,25.13896],[-80.67208,25.13947],[-80.67128,25.14004],[-80.67022,25.14148],[-80.66906,25.14213],[-80.66775,25.14229],[-80.66606,25.14192],[-80.66538,25.14162],[-80.66405,25.14144],[-80.66125,25.14231],[-80.65971,25.14243],[-80.65916,25.14263],[-80.6586,25.143],[-80.65833,25.14341],[-80.6583,25.14422],[-80.65863,25.14523],[-80.65797,25.1466],[-80.65755,25.14669],[-80.65712,25.14628],[-80.65707,25.14592],[-80.65739,25.14525],[-80.65714,25.145],[-80.65666,25.14493],[-80.65482,25.14566],[-80.65281,25.14608],[-80.65228,25.14658],[-80.6522,25.14697],[-80.65245,25.14732],[-80.65364,25.14819],[-80.65529,25.14876],[-80.65593,25.14938],[-80.65623,25.15023],[-80.65645,25.1525],[-80.65641,25.15429],[-80.65598,25.15513],[-80.65533,25.15575],[-80.65412,25.15628],[-80.65162,25.15675],[-80.65132,25.15687],[-80.65094,25.15744],[-80.65107,25.15933],[-80.65175,25.1605],[-80.65178,25.16212],[-80.65127,25.16397],[-80.6499,25.16735],[-80.64752,25.1715],[-80.64586,25.17395],[-80.64507,25.1747],[-80.64434,25.17514],[-80.64165,25.17592],[-80.64028,25.17666],[-80.63935,25.17661],[-80.63784,25.17622],[-80.63653,25.17633],[-80.63547,25.17594],[-80.63363,25.17633],[-80.63361,25.17647],[-80.63472,25.1775],[-80.63519,25.17821],[-80.63552,25.1784],[-80.63807,25.17856],[-80.64071,25.17812],[-80.64306,25.1781],[-80.64457,25.1772],[-80.65095,25.17539],[-80.65165,25.17534],[-80.65361,25.17564],[-80.65496,25.1756],[-80.65579,25.17585],[-80.65795,25.1775],[-80.65831,25.17743],[-80.65826,25.17617],[-80.65879,25.17514],[-80.65919,25.17475],[-80.65985,25.17443],[-80.6609,25.17447],[-80.66244,25.17498],[-80.6631,25.17557],[-80.66426,25.17741],[-80.66431,25.17798],[-80.66398,25.17949],[-80.66378,25.17979],[-80.66159,25.18128],[-80.66086,25.18197],[-80.66033,25.18298],[-80.6599,25.18443],[-80.65937,25.18477],[-80.65634,25.185],[-80.65518,25.1845],[-80.65453,25.18454],[-80.65428,25.1848],[-80.65418,25.1856],[-80.65451,25.18672],[-80.65433,25.18821],[-80.65274,25.18961],[-80.65249,25.19044],[-80.65244,25.19145],[-80.65219,25.19209],[-80.65163,25.19248],[-80.65128,25.1926],[-80.64909,25.19239],[-80.64828,25.19216],[-80.6475,25.19143],[-80.64727,25.19083],[-80.64732,25.18968],[-80.64712,25.18952],[-80.64541,25.19042],[-80.64419,25.19069],[-80.63885,25.19088],[-80.6382,25.19117],[-80.63762,25.192],[-80.63651,25.19257],[-80.63514,25.19234],[-80.63424,25.19237],[-80.63404,25.19255],[-80.63404,25.19358],[-80.63368,25.19416],[-80.6332,25.19459],[-80.63111,25.19533],[-80.63076,25.19698],[-80.63036,25.19734],[-80.62945,25.19771],[-80.62867,25.19766],[-80.62824,25.19748],[-80.62592,25.19551],[-80.62572,25.19516],[-80.62531,25.195],[-80.6242,25.19546],[-80.62408,25.19622],[-80.62418,25.19714],[-80.624,25.19778],[-80.62315,25.19879],[-80.62254,25.19918],[-80.62198,25.19936],[-80.62125,25.1992],[-80.62007,25.19778],[-80.61959,25.19758],[-80.61926,25.19769],[-80.61896,25.19847],[-80.61828,25.19895],[-80.61606,25.19971],[-80.6149,25.20072],[-80.61417,25.20092],[-80.61208,25.20058],[-80.61109,25.20072],[-80.60993,25.20026],[-80.60961,25.20067],[-80.60945,25.20173],[-80.60852,25.20273],[-80.60787,25.20301],[-80.60681,25.2031],[-80.60492,25.20273],[-80.60401,25.20161],[-80.60394,25.20093],[-80.60413,25.19977],[-80.60527,25.19801],[-80.60572,25.19672],[-80.60587,25.1961],[-80.60572,25.1948],[-80.60411,25.19314],[-80.60333,25.19129],[-80.60326,25.19058],[-80.60371,25.18938],[-80.60409,25.18888],[-80.60492,25.18851],[-80.60663,25.18819],[-80.60746,25.18782],[-80.60973,25.18592],[-80.60981,25.18535],[-80.60908,25.18424],[-80.60905,25.18365],[-80.60958,25.18285],[-80.61112,25.18223],[-80.61296,25.18202],[-80.61427,25.18255],[-80.61972,25.18294],[-80.62146,25.1836],[-80.62173,25.18351],[-80.62221,25.18287],[-80.62269,25.18269],[-80.62347,25.18257],[-80.62478,25.18282],[-80.62519,25.18255],[-80.62506,25.18223],[-80.62408,25.18136],[-80.62312,25.1812],[-80.62184,25.18031],[-80.62161,25.18045],[-80.62128,25.18115],[-80.62045,25.18177],[-80.61962,25.182],[-80.6178,25.18046],[-80.61846,25.17899],[-80.61924,25.17801],[-80.61926,25.17769],[-80.61901,25.17736],[-80.61725,25.17634],[-80.61607,25.17625],[-80.61496,25.17579],[-80.61445,25.17578],[-80.61355,25.17655],[-80.61297,25.17732],[-80.61211,25.17789],[-80.61215,25.17867],[-80.612,25.17892],[-80.61022,25.1803],[-80.60924,25.1826],[-80.60801,25.18363],[-80.60781,25.18439],[-80.60716,25.18565],[-80.6064,25.18638],[-80.60346,25.18758],[-80.6019,25.18781],[-80.59993,25.18846],[-80.59865,25.18922],[-80.5958,25.18959],[-80.59525,25.18982],[-80.59462,25.19037],[-80.59402,25.19147],[-80.59402,25.19225],[-80.59429,25.19266],[-80.59435,25.19358],[-80.59417,25.19516],[-80.5935,25.19651],[-80.59284,25.19723],[-80.59279,25.19805],[-80.59158,25.19925],[-80.5908,25.19963],[-80.58966,25.19973],[-80.58762,25.20069],[-80.58648,25.20055],[-80.58525,25.20074],[-80.58429,25.20051],[-80.58384,25.20056],[-80.58341,25.20119],[-80.58374,25.20314],[-80.58336,25.20415],[-80.58328,25.20523],[-80.58414,25.20674],[-80.58414,25.20745],[-80.58374,25.20793],[-80.58316,25.20812],[-80.5827,25.20798],[-80.58245,25.20812],[-80.5824,25.20832],[-80.5828,25.20874],[-80.58298,25.20961],[-80.58237,25.21055],[-80.58099,25.21108],[-80.57985,25.21172],[-80.5771,25.21208],[-80.5764,25.21179],[-80.57488,25.21023],[-80.57456,25.21007],[-80.57385,25.21004],[-80.57284,25.21064],[-80.57229,25.21078],[-80.57072,25.21029],[-80.56926,25.21139],[-80.5684,25.21155],[-80.56745,25.21119],[-80.56548,25.20958],[-80.5647,25.20827],[-80.56404,25.20784],[-80.56354,25.20717],[-80.56351,25.20653],[-80.56382,25.20508],[-80.5646,25.20428],[-80.56508,25.20414],[-80.56901,25.20417],[-80.56921,25.20387],[-80.56929,25.20146],[-80.56957,25.2007],[-80.57005,25.19979],[-80.57126,25.19853],[-80.57189,25.19828],[-80.57325,25.19818],[-80.57461,25.19867],[-80.57517,25.19942],[-80.576,25.20312],[-80.57642,25.20358],[-80.5767,25.20362],[-80.57706,25.20319],[-80.57723,25.20222],[-80.57721,25.20075],[-80.5758,25.19878],[-80.57497,25.19798],[-80.57275,25.19715],[-80.57146,25.196],[-80.56879,25.19316],[-80.56539,25.19265],[-80.56517,25.19277],[-80.56552,25.19511],[-80.56392,25.19702],[-80.56235,25.19777],[-80.56097,25.19807],[-80.56056,25.19846],[-80.55996,25.19852],[-80.55949,25.19891],[-80.55865,25.19911],[-80.55855,25.1993],[-80.55856,25.19992],[-80.55895,25.20093],[-80.55931,25.20444],[-80.56006,25.20584],[-80.56014,25.20634],[-80.56079,25.2076],[-80.56084,25.20816],[-80.56147,25.20949],[-80.56225,25.2105],[-80.56235,25.21169],[-80.56195,25.21219],[-80.56119,25.21233],[-80.55796,25.21164],[-80.55534,25.21254],[-80.55486,25.21341],[-80.55443,25.2138],[-80.55383,25.21398],[-80.55176,25.21363],[-80.5506,25.21409],[-80.54972,25.21418],[-80.54919,25.21405],[-80.54843,25.21315],[-80.54821,25.2121],[-80.54904,25.21058],[-80.54914,25.21005],[-80.54957,25.20925],[-80.5496,25.20863],[-80.5493,25.20799],[-80.54809,25.20682],[-80.54793,25.20618],[-80.54564,25.20498],[-80.54531,25.20507],[-80.54463,25.20576],[-80.5435,25.20619],[-80.54224,25.20621],[-80.54116,25.2057],[-80.53945,25.20393],[-80.53903,25.20318],[-80.53817,25.20221],[-80.53785,25.20143],[-80.53699,25.20113],[-80.53657,25.20072],[-80.53609,25.19907],[-80.53584,25.19892],[-80.53569,25.19901],[-80.53571,25.20103],[-80.53585,25.20124],[-80.53681,25.20171],[-80.53727,25.2027],[-80.53832,25.20343],[-80.53865,25.2041],[-80.5386,25.20483],[-80.53805,25.20555],[-80.53805,25.2058],[-80.53893,25.20619],[-80.53929,25.20686],[-80.53931,25.20743],[-80.53956,25.20771],[-80.54032,25.20803],[-80.54067,25.20865],[-80.54062,25.21145],[-80.53963,25.21351],[-80.5383,25.21429],[-80.53615,25.21395],[-80.53322,25.21421],[-80.53305,25.21397],[-80.53262,25.2139],[-80.53156,25.2147],[-80.53091,25.21484],[-80.52907,25.21351],[-80.52897,25.21369],[-80.5292,25.21408],[-80.52919,25.21479],[-80.52897,25.21522],[-80.52879,25.21653],[-80.52859,25.21694],[-80.52806,25.21738],[-80.52657,25.21788],[-80.52483,25.21958],[-80.52457,25.22089],[-80.5243,25.22116],[-80.5218,25.22162],[-80.52064,25.22229],[-80.51918,25.22238],[-80.51714,25.22065],[-80.51565,25.2204],[-80.51522,25.22017],[-80.51464,25.21955],[-80.51454,25.21856],[-80.51527,25.21806],[-80.51548,25.21769],[-80.5154,25.21739],[-80.51515,25.21723],[-80.51487,25.21732],[-80.51459,25.21783],[-80.51401,25.21794],[-80.5129,25.217],[-80.51142,25.2167],[-80.51063,25.21606],[-80.51033,25.21555],[-80.51031,25.21409],[-80.50965,25.21299],[-80.50953,25.21227],[-80.50847,25.21177],[-80.50759,25.21083],[-80.50719,25.21012],[-80.50689,25.20855],[-80.50747,25.20734],[-80.5081,25.20684],[-80.50813,25.20651],[-80.5078,25.20647],[-80.50742,25.20688],[-80.50616,25.20704],[-80.50487,25.20658],[-80.50379,25.20564],[-80.50323,25.20404],[-80.50311,25.20314],[-80.50157,25.20367],[-80.50079,25.20456],[-80.50026,25.20481],[-80.50011,25.2047],[-80.50006,25.20387],[-80.50049,25.2027],[-80.50049,25.20224],[-80.49929,25.2008],[-80.49864,25.20021],[-80.49798,25.19993],[-80.49533,25.1995],[-80.49531,25.19973],[-80.49564,25.20005],[-80.49571,25.20035],[-80.49569,25.20204],[-80.49607,25.20285],[-80.49602,25.20377],[-80.49549,25.20489],[-80.49557,25.20532],[-80.49589,25.20571],[-80.49673,25.20608],[-80.49688,25.20631],[-80.49686,25.20679],[-80.49743,25.20732],[-80.49869,25.20813],[-80.49978,25.20812],[-80.50053,25.20839],[-80.50134,25.20961],[-80.50123,25.21014],[-80.5006,25.21119],[-80.50045,25.21133],[-80.49978,25.21131],[-80.49888,25.2111],[-80.49847,25.21074],[-80.49834,25.21011],[-80.49795,25.20963],[-80.49782,25.20892],[-80.49716,25.20872],[-80.49696,25.20835],[-80.49663,25.2087],[-80.49585,25.20854],[-80.49552,25.20739],[-80.49577,25.20711],[-80.4957,25.20663],[-80.49527,25.2064],[-80.49491,25.20645],[-80.49469,25.20748],[-80.49426,25.2076],[-80.49355,25.20705],[-80.49355,25.20652],[-80.49383,25.20636],[-80.49385,25.20606],[-80.49277,25.20558],[-80.49237,25.20567],[-80.49214,25.20597],[-80.49234,25.20742],[-80.49218,25.2075],[-80.49053,25.20782],[-80.48965,25.20732],[-80.48875,25.20724],[-80.48816,25.20671],[-80.4877,25.20668],[-80.48756,25.20683],[-80.48766,25.20696],[-80.48722,25.20713],[-80.48727,25.20745],[-80.48795,25.20825],[-80.48818,25.20957],[-80.48816,25.21019],[-80.48783,25.21104],[-80.48703,25.21231],[-80.48736,25.21256],[-80.48834,25.21237],[-80.48874,25.21249],[-80.4892,25.21343],[-80.49023,25.21301],[-80.49182,25.21347],[-80.49296,25.2141],[-80.49356,25.21466],[-80.49401,25.2156],[-80.49487,25.21601],[-80.495,25.21629],[-80.49497,25.2175],[-80.49467,25.21833],[-80.49505,25.21934],[-80.49498,25.22019],[-80.49445,25.22104],[-80.49445,25.22131],[-80.49604,25.22273],[-80.49604,25.224],[-80.49554,25.22539],[-80.49418,25.22712],[-80.49365,25.22735],[-80.49155,25.22744],[-80.4907,25.22728],[-80.49044,25.22742],[-80.49042,25.22776],[-80.49009,25.22817],[-80.48916,25.22882],[-80.48732,25.22873],[-80.48699,25.22857],[-80.48659,25.22788],[-80.4854,25.22671],[-80.4852,25.22577],[-80.485,25.22552],[-80.48283,25.22479],[-80.48247,25.22488],[-80.48141,25.22612],[-80.48134,25.22674],[-80.48081,25.22779],[-80.48041,25.22823],[-80.47902,25.22869],[-80.47824,25.22919],[-80.47718,25.22958],[-80.4768,25.23011],[-80.47587,25.2308],[-80.47522,25.23091],[-80.47448,25.23062],[-80.47267,25.22856],[-80.47209,25.2288],[-80.47143,25.22986],[-80.47085,25.23041],[-80.46989,25.23046],[-80.46863,25.23005],[-80.46843,25.23019],[-80.46821,25.2336],[-80.46715,25.23473],[-80.46579,25.23505],[-80.46526,25.23482],[-80.46468,25.23489],[-80.46382,25.2359],[-80.46079,25.23682],[-80.45996,25.2368],[-80.45905,25.23652],[-80.45686,25.2351],[-80.45633,25.23519],[-80.45734,25.23636],[-80.45744,25.23684],[-80.45737,25.23761],[-80.45653,25.23882],[-80.45522,25.23912],[-80.45426,25.23895],[-80.45366,25.2384],[-80.45341,25.23836],[-80.45207,25.23893],[-80.45169,25.23955],[-80.45066,25.24024],[-80.44897,25.24075],[-80.44758,25.24072],[-80.44655,25.24029],[-80.44551,25.2402],[-80.44471,25.23981],[-80.44445,25.2399],[-80.44446,25.24016],[-80.44479,25.24063],[-80.44551,25.24116],[-80.4456,25.24273],[-80.4445,25.24407],[-80.44421,25.2442],[-80.44308,25.24431],[-80.44143,25.24394],[-80.4398,25.24298],[-80.43931,25.24251],[-80.43907,25.24211],[-80.43899,25.24122],[-80.43992,25.23983],[-80.44001,25.23943],[-80.43968,25.23931],[-80.4381,25.23978],[-80.43739,25.24047],[-80.43694,25.24065],[-80.43523,25.24063],[-80.43538,25.2405],[-80.43523,25.23923],[-80.43473,25.23837],[-80.43544,25.23837],[-80.43564,25.23819],[-80.43549,25.2373],[-80.43646,25.23623],[-80.43647,25.23589],[-80.43627,25.23576],[-80.43426,25.23595],[-80.43325,25.23654],[-80.4332,25.23672],[-80.43285,25.23676],[-80.43163,25.23653],[-80.43076,25.2359],[-80.42931,25.23566],[-80.42843,25.23578],[-80.42826,25.23605],[-80.42688,25.23641],[-80.41887,25.23631],[-80.41865,25.24475],[-80.41336,25.25039],[-80.41095,25.25347],[-80.39493,25.25354],[-80.39508,25.27294],[-80.37915,25.28786],[-80.37906,25.29111],[-80.3794,25.29683],[-80.37902,25.30589],[-80.37198,25.30593],[-80.37212,25.31022],[-80.36254,25.31421],[-80.34155,25.32245],[-80.29583,25.34164],[-80.26961,25.35245],[-80.26547,25.3543],[-80.26387,25.35429],[-80.26237,25.35399],[-80.25987,25.35279],[-80.25648,25.35069],[-80.25537,25.34889],[-80.2537,25.34461],[-80.25304,25.34359],[-80.25199,25.34254],[-80.25158,25.34233],[-80.25022,25.33937],[-80.18387,25.34818],[-80.18369,25.34953],[-80.18039,25.35703],[-80.17656,25.36687],[-80.17244,25.37092],[-80.16698,25.37529],[-80.16241,25.37994],[-80.1594,25.38379],[-80.1581,25.38573],[-80.15436,25.39193],[-80.15291,25.39466],[-80.15164,25.39746],[-80.14977,25.40287],[-80.1487,25.4077],[-80.14812,25.41345],[-80.14551,25.4192],[-80.14213,25.42503],[-80.14081,25.42781],[-80.13969,25.43064],[-80.1391,25.4331],[-80.13537,25.43382],[-80.13161,25.43489],[-80.12737,25.43644],[-80.12437,25.43776],[-80.12058,25.43973],[-80.11709,25.44182],[-80.11459,25.44355],[-80.11143,25.44605],[-80.10892,25.44834],[-80.10541,25.45211],[-80.10265,25.45569],[-80.10065,25.45881],[-80.09838,25.46309],[-80.09704,25.46629],[-80.09552,25.47103],[-80.09456,25.47567],[-80.09414,25.47925],[-80.09396,25.48266],[-80.09401,25.48569],[-80.09431,25.48909],[-80.09552,25.49524],[-80.09693,25.49961],[-80.09787,25.50192],[-80.09893,25.50419],[-80.10081,25.50756],[-80.10308,25.51098],[-80.1055,25.51407],[-80.10804,25.51683],[-80.11033,25.51901],[-80.11515,25.52287],[-80.11557,25.52666],[-80.11469,25.52978],[-80.11281,25.53515],[-80.11167,25.5403],[-80.10954,25.54479],[-80.10602,25.55361],[-80.1045,25.55908],[-80.10365,25.56488],[-80.10354,25.57074],[-80.10381,25.57394],[-80.1043,25.57712],[-80.10527,25.58119],[-80.10478,25.58438],[-80.10451,25.58798],[-80.10456,25.59215],[-80.10476,25.59461],[-80.10565,25.59985],[-80.10622,25.60206],[-80.10777,25.60663],[-80.10373,25.64885],[-80.10233,25.6516],[-80.10045,25.65621],[-80.09925,25.66022],[-80.09843,25.66431],[-80.09787,25.66842],[-80.09769,25.67423],[-80.09813,25.67946],[-80.09886,25.68422],[-80.09658,25.68942],[-80.09557,25.69211],[-80.09474,25.69485],[-80.09389,25.69856],[-80.09324,25.70364],[-80.09303,25.70875],[-80.0921,25.71549],[-80.09178,25.72111],[-80.08641,25.72519],[-80.0828,25.72862],[-80.0798,25.73204],[-80.07714,25.73568],[-80.07466,25.73986],[-80.07248,25.74459],[-80.07061,25.75042],[-80.06962,25.75566],[-80.06933,25.7585],[-80.06924,25.76172],[-80.06958,25.76703],[-80.07048,25.77209],[-80.07176,25.77648],[-80.07255,25.77857],[-80.07262,25.77928],[-80.07233,25.78162],[-80.07156,25.78552],[-80.06986,25.79153],[-80.06815,25.79661],[-80.06696,25.80239],[-80.06661,25.8058],[-80.06649,25.80978],[-80.06576,25.81369],[-80.06499,25.82206],[-80.06489,25.82676],[-80.0642,25.83499],[-80.06426,25.83929],[-80.06327,25.84412],[-80.0628,25.84959],[-80.06282,25.85262],[-80.06307,25.85602],[-80.06391,25.86087],[-80.06411,25.86389],[-80.06458,25.86725],[-80.06452,25.87064],[-80.06473,25.87458],[-80.06572,25.88124],[-80.06543,25.8859],[-80.0656,25.89019],[-80.06488,25.89295],[-80.06423,25.89648],[-80.06388,25.8997],[-80.06376,25.90328],[-80.06412,25.90874],[-80.0646,25.91173],[-80.06543,25.91523],[-80.06425,25.91928],[-80.06348,25.92321],[-80.06319,25.92548],[-80.06297,25.92947],[-80.06316,25.93423],[-80.06421,25.94081],[-80.06403,25.94515],[-80.06341,25.94907],[-80.06313,25.95356],[-80.0631,25.96276],[-80.06284,25.96802],[-80.06298,25.97122],[-80.06335,25.9744],[-80.0615,25.9851],[-80.06107,25.98846],[-80.06091,25.99089],[-80.06094,25.99495],[-80.06038,26.00077],[-80.06022,26.00606],[-80.05934,26.01508],[-80.05735,26.0417],[-80.05697,26.0457],[-80.05588,26.05354],[-80.05526,26.06437],[-80.05453,26.07312],[-80.05331,26.07593],[-80.05129,26.08155],[-80.05045,26.08469],[-80.04978,26.08823],[-80.0494,26.09162],[-80.04928,26.09541],[-80.04969,26.10106],[-80.04914,26.10403],[-80.04873,26.10757],[-80.04851,26.11703],[-80.0474,26.12656],[-80.04721,26.13295],[-80.04654,26.13855],[-80.04572,26.14345],[-80.04279,26.15869],[-80.04243,26.1617],[-80.0421,26.16673],[-80.04139,26.17079],[-80.03939,26.17622],[-80.03853,26.17954],[-80.03787,26.18329],[-80.03748,26.18917],[-80.03771,26.19372],[-80.03811,26.19674],[-80.03719,26.19999],[-80.03645,26.20348],[-80.03563,26.20949],[-80.03467,26.21373],[-80.03417,26.21671],[-80.03231,26.22177],[-80.03132,26.22566],[-80.03072,26.22923],[-80.03042,26.23245],[-80.0286,26.23606],[-80.02717,26.2396],[-80.02603,26.24324],[-80.02505,26.24787],[-80.02455,26.25256],[-80.02454,26.25796],[-80.02407,26.26092],[-80.02379,26.26408],[-80.02359,26.27221],[-80.02288,26.27847],[-80.02266,26.2834],[-80.02208,26.28878],[-80.01528,26.32096],[-80.01436,26.36224],[-80.00615,26.43281],[-79.99976,26.47114],[-79.998,26.47748],[-79.99693,26.48371],[-79.99652,26.49295],[-79.9942,26.50035],[-79.99127,26.52303],[-79.98854,26.52726],[-79.98631,26.53703],[-79.98526,26.54471],[-79.98551,26.54938],[-79.98588,26.55089],[-79.98511,26.55379],[-79.98412,26.56093],[-79.98248,26.56925],[-79.98209,26.57961],[-79.98065,26.59545],[-79.98068,26.60484],[-79.9813,26.62535],[-79.98118,26.63831],[-79.9813,26.65027],[-79.98088,26.66363],[-79.97974,26.67746],[-79.97837,26.68293],[-79.97654,26.68748],[-79.97489,26.6975],[-79.97473,26.7026],[-79.97473,26.70823],[-79.97695,26.71345],[-79.97758,26.71608],[-79.97915,26.72671],[-79.97868,26.73277],[-79.97965,26.75034],[-79.97713,26.75629],[-79.97556,26.76499],[-79.97488,26.77481],[-79.97547,26.77921],[-79.97546,26.78168],[-79.97486,26.78603],[-79.97431,26.79241],[-79.97543,26.80025],[-79.97774,26.80873],[-79.98362,26.82897],[-79.9851,26.83584],[-79.9908,26.85655],[-79.99085,26.86063],[-79.99192,26.86637],[-79.99352,26.87303],[-79.99391,26.87534],[-79.9966,26.88223]]]},"properties":{"GEOID":"33100","NAME":"Miami-Fort Lauderdale-West Palm Beach, FL Metro Area"}},{"type":"Feature","geometry":{"type":"Polygon","coordinates":[[[-93.26589,45.73088],[-93.35729,45.73089],[-93.38889,45.73071],[-93.41863,45.73173],[-93.51368,45.73432],[-93.51425,45.76363],[-93.51569,45.79316],[-93.51612,45.80701],[-93.5168,45.82039],[-93.51738,45.85047],[-93.51803,45.86684],[-93.51812,45.88975],[-93.51825,45.8905],[-93.51811,45.89364],[-93.51824,45.90868],[-93.51815,45.92243],[-93.5189,45.9512],[-93.51885,45.96567],[-93.51808,45.98172],[-93.47392,45.98212],[-93.45323,45.9819],[-93.43249,45.98146],[-93.4328,46.01083],[-93.43276,46.05334],[-93.43244,46.06734],[-93.43252,46.09695],[-93.4321,46.13311],[-93.43211,46.14677],[-93.43181,46.15461],[-93.43027,46.16108],[-93.4296,46.1832],[-93.43026,46.21406],[-93.43017,46.21546],[-93.43043,46.21817],[-93.43046,46.23655],[-93.43065,46.24641],[-93.53394,46.24715],[-93.73427,46.24397],[-93.79439,46.24319],[-93.81091,46.24313],[-93.81039,46.20145],[-93.81054,46.18571],[-93.81025,46.17871],[-93.81038,46.15493],[-93.81022,46.15226],[-93.81041,46.14977],[-93.8105,46.14143],[-93.81031,46.12714],[-93.81054,46.07746],[-93.81032,45.98308],[-93.78969,45.98262],[-93.76889,45.98252],[-93.76789,45.95302],[-93.76847,45.93845],[-93.7686,45.91041],[-93.76821,45.90931],[-93.76652,45.8735],[-93.76683,45.87266],[-93.76665,45.86582],[-93.76584,45.86211],[-93.76434,45.83685],[-93.7644,45.83079],[-93.76395,45.82214],[-93.7633,45.81575],[-93.76294,45.79944],[-93.76257,45.79274],[-93.76214,45.77712],[-93.76186,45.77185],[-93.76175,45.7639],[-93.76222,45.73522],[-93.76153,45.69287],[-93.76077,45.66685],[-93.76058,45.65519],[-93.76011,45.61877],[-93.76026,45.61677],[-93.75982,45.57719],[-93.75944,45.55965],[-93.78001,45.55945],[-93.79853,45.55976],[-93.85205,45.56004],[-93.86355,45.56023],[-93.91404,45.55994],[-93.91921,45.56015],[-93.91979,45.55991],[-93.93462,45.55971],[-93.94498,45.55981],[-94.02765,45.55911],[-94.05866,45.55923],[-94.06899,45.55941],[-94.14947,45.55907],[-94.14695,45.55607],[-94.14557,45.55347],[-94.14567,45.55137],[-94.14709,45.54894],[-94.14715,45.54769],[-94.14676,45.54448],[-94.14646,45.54324],[-94.14646,45.54192],[-94.14724,45.53913],[-94.1468,45.53705],[-94.14686,45.53669],[-94.14718,45.53585],[-94.14846,45.53372],[-94.14906,45.53372],[-94.14925,45.53338],[-94.14962,45.53328],[-94.15,45.53287],[-94.14986,45.53354],[-94.14999,45.53372],[-94.15369,45.53371],[-94.15425,45.53256],[-94.15426,45.532],[-94.15412,45.53149],[-94.1536,45.5309],[-94.15176,45.52997],[-94.15051,45.52913],[-94.14906,45.52557],[-94.1466,45.52347],[-94.14553,45.52293],[-94.14541,45.52217],[-94.14553,45.5212],[-94.14535,45.52075],[-94.14444,45.52007],[-94.14338,45.51988],[-94.14216,45.51937],[-94.13946,45.51637],[-94.13916,45.51447],[-94.14033,45.51275],[-94.14225,45.51157],[-94.143,45.50982],[-94.14315,45.50871],[-94.14319,45.50782],[-94.14282,45.5056],[-94.14302,45.5043],[-94.14282,45.50243],[-94.14313,45.50185],[-94.14393,45.501],[-94.14399,45.50071],[-94.14372,45.49965],[-94.1421,45.4974],[-94.14195,45.49696],[-94.14228,45.49437],[-94.14199,45.49324],[-94.14163,45.49297],[-94.14013,45.49252],[-94.13788,45.49158],[-94.136,45.48981],[-94.13452,45.48749],[-94.13065,45.48511],[-94.12798,45.48401],[-94.12607,45.48269],[-94.12533,45.48185],[-94.12297,45.48095],[-94.12192,45.48082],[-94.12044,45.48092],[-94.11514,45.47907],[-94.11313,45.47774],[-94.1098,45.47472],[-94.10959,45.47415],[-94.10812,45.47219],[-94.10657,45.4708],[-94.10394,45.46923],[-94.10287,45.46875],[-94.10166,45.46844],[-94.10101,45.46795],[-94.10036,45.46676],[-94.10052,45.46471],[-94.10035,45.46316],[-94.10084,45.46014],[-94.10085,45.45903],[-94.10161,45.45771],[-94.10226,45.45728],[-94.10296,45.45486],[-94.10293,45.45359],[-94.10273,45.45298],[-94.1023,45.45254],[-94.10151,45.45207],[-94.10048,45.45176],[-94.0974,45.45147],[-94.09708,45.45113],[-94.09591,45.45053],[-94.0925,45.44935],[-94.08859,45.44911],[-94.08487,45.44776],[-94.08288,45.44742],[-94.08178,45.44692],[-94.08142,45.44663],[-94.07966,45.4443],[-94.07869,45.44268],[-94.07949,45.44112],[-94.08097,45.43976],[-94.08092,45.43879],[-94.08046,45.43823],[-94.08012,45.43807],[-94.07951,45.43806],[-94.07652,45.43848],[-94.07375,45.43924],[-94.07146,45.4391],[-94.06938,45.43849],[-94.06878,45.43816],[-94.06749,45.43683],[-94.06694,45.43566],[-94.06695,45.43428],[-94.06663,45.43363],[-94.06611,45.43305],[-94.06539,45.43253],[-94.06384,45.4321],[-94.06128,45.43237],[-94.06021,45.4326],[-94.0582,45.43336],[-94.05492,45.43504],[-94.05415,45.4353],[-94.05316,45.43538],[-94.05219,45.43526],[-94.05107,45.43443],[-94.05024,45.43275],[-94.04983,45.43134],[-94.04945,45.42843],[-94.04952,45.42606],[-94.04865,45.42461],[-94.04859,45.4241],[-94.04802,45.42327],[-94.04962,45.42274],[-94.0504,45.42295],[-94.05132,45.42348],[-94.05296,45.42367],[-94.05443,45.42151],[-94.05654,45.42108],[-94.0569,45.4208],[-94.05609,45.41978],[-94.05637,45.41896],[-94.05587,45.41874],[-94.05559,45.41817],[-94.05604,45.41747],[-94.05614,45.41648],[-94.05599,45.41609],[-94.0568,45.41568],[-94.05729,45.41574],[-94.05708,45.41504],[-94.05718,45.41463],[-94.05758,45.41429],[-94.05875,45.41401],[-94.0592,45.41441],[-94.06014,45.41415],[-94.06213,45.41192],[-94.06211,45.41041],[-94.0628,45.41081],[-94.0633,45.41054],[-94.06299,45.4099],[-94.06389,45.40997],[-94.06387,45.40975],[-94.06347,45.40936],[-94.06352,45.40922],[-94.06422,45.40933],[-94.06433,45.40874],[-94.06474,45.40854],[-94.06516,45.40889],[-94.0658,45.40889],[-94.06629,45.40812],[-94.06626,45.4079],[-94.06595,45.40781],[-94.06545,45.40819],[-94.06514,45.40801],[-94.06506,45.40764],[-94.06606,45.4072],[-94.06542,45.40675],[-94.06546,45.40643],[-94.0661,45.40601],[-94.06553,45.40581],[-94.06556,45.40547],[-94.0664,45.40549],[-94.06721,45.40521],[-94.06748,45.40403],[-94.06787,45.40402],[-94.06832,45.40442],[-94.06873,45.40432],[-94.06891,45.40406],[-94.06888,45.40378],[-94.06819,45.4028],[-94.06833,45.40198],[-94.06762,45.40195],[-94.06728,45.40177],[-94.06787,45.40101],[-94.06765,45.39995],[-94.06773,45.39933],[-94.0675,45.39921],[-94.0673,45.39929],[-94.06749,45.39977],[-94.06741,45.39993],[-94.06657,45.39976],[-94.06654,45.39955],[-94.06683,45.39917],[-94.06664,45.3988],[-94.06696,45.39863],[-94.06763,45.3986],[-94.06775,45.39825],[-94.06744,45.39809],[-94.06749,45.39791],[-94.06815,45.39778],[-94.06836,45.39757],[-94.06834,45.39711],[-94.06865,45.39618],[-94.06903,45.39613],[-94.06952,45.39659],[-94.07002,45.39659],[-94.07025,45.39624],[-94.07004,45.39572],[-94.07013,45.39552],[-94.0721,45.39471],[-94.07148,45.39437],[-94.07125,45.39389],[-94.07143,45.39362],[-94.07238,45.39358],[-94.07183,45.39328],[-94.07192,45.39307],[-94.07229,45.39295],[-94.07338,45.39305],[-94.07342,45.39229],[-94.07386,45.39235],[-94.07419,45.39219],[-94.07419,45.39204],[-94.0737,45.39168],[-94.07383,45.39126],[-94.07415,45.39098],[-94.07484,45.39086],[-94.07507,45.39063],[-94.07418,45.39001],[-94.07412,45.38984],[-94.07435,45.38944],[-94.07482,45.38931],[-94.07542,45.38988],[-94.07589,45.38993],[-94.0762,45.38968],[-94.07654,45.38889],[-94.07742,45.38824],[-94.07639,45.3878],[-94.07612,45.38723],[-94.07653,45.38675],[-94.07692,45.38674],[-94.07684,45.38688],[-94.0771,45.38696],[-94.07775,45.38672],[-94.07742,45.38624],[-94.07812,45.38576],[-94.07735,45.38562],[-94.07748,45.3852],[-94.07802,45.38504],[-94.07772,45.38451],[-94.07818,45.3842],[-94.07811,45.38361],[-94.07826,45.38336],[-94.07885,45.38288],[-94.08013,45.38284],[-94.08004,45.38226],[-94.08021,45.38193],[-94.08187,45.38124],[-94.08261,45.38076],[-94.08426,45.38101],[-94.08426,45.3808],[-94.08352,45.3803],[-94.08352,45.38001],[-94.08371,45.37986],[-94.0846,45.3799],[-94.08468,45.38047],[-94.085,45.38061],[-94.08545,45.38046],[-94.08594,45.37991],[-94.08606,45.37927],[-94.08545,45.37763],[-94.08568,45.37672],[-94.0846,45.37621],[-94.08343,45.37604],[-94.08326,45.37497],[-94.0843,45.3747],[-94.08511,45.37471],[-94.08597,45.37439],[-94.08602,45.37416],[-94.08535,45.37372],[-94.0852,45.37341],[-94.08527,45.37325],[-94.0859,45.37301],[-94.08595,45.37276],[-94.08526,45.37219],[-94.08474,45.3715],[-94.08399,45.37129],[-94.08266,45.37123],[-94.08175,45.37078],[-94.08158,45.37044],[-94.08173,45.37006],[-94.08277,45.3702],[-94.08369,45.36891],[-94.08337,45.36885],[-94.08273,45.36913],[-94.08223,45.36909],[-94.08227,45.36867],[-94.08285,45.36791],[-94.08269,45.36767],[-94.08187,45.36737],[-94.08137,45.36684],[-94.08193,45.36653],[-94.0819,45.36586],[-94.08393,45.36574],[-94.08489,45.36501],[-94.08474,45.3647],[-94.08395,45.36483],[-94.08363,45.36467],[-94.0837,45.36425],[-94.08416,45.36377],[-94.08475,45.36377],[-94.08559,45.36447],[-94.08752,45.36414],[-94.08763,45.36386],[-94.08727,45.3631],[-94.08729,45.36282],[-94.08765,45.36239],[-94.08788,45.36176],[-94.08857,45.36135],[-94.08849,45.36059],[-94.08929,45.36027],[-94.08883,45.35981],[-94.08879,45.35952],[-94.09018,45.35928],[-94.0899,45.35889],[-94.09004,45.35854],[-94.09124,45.35811],[-94.09122,45.35767],[-94.09072,45.35705],[-94.09073,45.35634],[-94.09143,45.35611],[-94.09254,45.35632],[-94.09254,45.35574],[-94.09287,45.3553],[-94.09257,45.35462],[-94.09274,45.35436],[-94.09336,45.35432],[-94.09361,45.35414],[-94.09347,45.35327],[-94.09497,45.35321],[-94.09551,45.35292],[-94.09597,45.35235],[-94.09589,45.35184],[-94.09517,45.3513],[-94.09476,45.35052],[-94.0941,45.3502],[-94.09292,45.34997],[-94.09293,45.34961],[-94.09323,45.34917],[-94.09321,45.34854],[-94.09295,45.34823],[-94.09124,45.34773],[-94.08951,45.34662],[-94.08949,45.346],[-94.08991,45.34547],[-94.09163,45.34435],[-94.09209,45.34384],[-94.09228,45.34288],[-94.09272,45.34247],[-94.09335,45.34225],[-94.09375,45.34228],[-94.09556,45.34314],[-94.09892,45.34337],[-94.09994,45.34232],[-94.10415,45.34097],[-94.10649,45.33994],[-94.11001,45.33705],[-94.11077,45.33599],[-94.11118,45.33503],[-94.11239,45.33368],[-94.11366,45.33265],[-94.1148,45.33078],[-94.11511,45.3295],[-94.11551,45.32929],[-94.11658,45.32815],[-94.15495,45.30495],[-94.15723,45.30379],[-94.15898,45.3045],[-94.15987,45.30444],[-94.16076,45.30413],[-94.16109,45.30349],[-94.16109,45.30162],[-94.16189,45.30123],[-94.16395,45.30117],[-94.1665,45.30199],[-94.1682,45.30212],[-94.16936,45.30192],[-94.17125,45.3013],[-94.17342,45.30142],[-94.17575,45.30258],[-94.17658,45.30328],[-94.17674,45.30375],[-94.17668,45.30482],[-94.17622,45.30668],[-94.17663,45.30703],[-94.17727,45.30722],[-94.17764,45.30752],[-94.17742,45.30838],[-94.17748,45.30868],[-94.17771,45.30896],[-94.17839,45.30924],[-94.17842,45.3094],[-94.17757,45.30988],[-94.17766,45.31054],[-94.17813,45.31087],[-94.17933,45.31123],[-94.17952,45.31167],[-94.17963,45.31282],[-94.17989,45.31315],[-94.18165,45.31374],[-94.18328,45.31497],[-94.18517,45.31599],[-94.18546,45.31701],[-94.18606,45.31781],[-94.18658,45.31815],[-94.18787,45.31827],[-94.18964,45.31774],[-94.19072,45.31768],[-94.1927,45.31859],[-94.1943,45.31895],[-94.19483,45.31893],[-94.19546,45.31877],[-94.19698,45.31744],[-94.19753,45.31726],[-94.19821,45.31718],[-94.19981,45.31773],[-94.20049,45.31774],[-94.20162,45.31769],[-94.20337,45.3173],[-94.20411,45.31694],[-94.20572,45.31576],[-94.20664,45.31546],[-94.20837,45.31567],[-94.20805,45.31647],[-94.20814,45.31679],[-94.20955,45.31733],[-94.21033,45.31707],[-94.21044,45.3168],[-94.21007,45.31659],[-94.21073,45.31627],[-94.21172,45.31632],[-94.2125,45.31686],[-94.21313,45.31699],[-94.21391,45.31637],[-94.21566,45.31614],[-94.21643,45.31587],[-94.21759,45.31583],[-94.21818,45.3156],[-94.2191,45.31487],[-94.21983,45.31411],[-94.22072,45.31266],[-94.22134,45.31209],[-94.22335,45.3114],[-94.2242,45.31136],[-94.22545,45.31164],[-94.22609,45.31162],[-94.23095,45.31062],[-94.23477,45.31037],[-94.23783,45.30968],[-94.23831,45.30968],[-94.23974,45.31018],[-94.24022,45.30997],[-94.24158,45.30872],[-94.24267,45.30822],[-94.24425,45.30808],[-94.24756,45.30881],[-94.24845,45.30886],[-94.25026,45.3088],[-94.25261,45.3083],[-94.25666,45.30647],[-94.25712,45.30604],[-94.25686,45.3052],[-94.25588,45.30385],[-94.25501,45.30223],[-94.25463,45.30066],[-94.25509,45.29989],[-94.25639,45.29947],[-94.26018,45.29895],[-94.26079,45.29865],[-94.2609,45.29807],[-94.26152,45.29769],[-94.26082,45.28394],[-94.26113,45.28394],[-94.26076,45.25029],[-94.26038,45.24134],[-94.25991,45.24029],[-94.26029,45.23986],[-94.26029,45.23927],[-94.25675,45.23927],[-94.25672,45.23218],[-94.25611,45.21281],[-94.25595,45.21256],[-94.25569,45.17123],[-94.25575,45.16264],[-94.25591,45.16221],[-94.25576,45.16143],[-94.2558,45.11307],[-94.25606,45.06632],[-94.25598,45.03964],[-94.25616,45.03611],[-94.25594,45.00002],[-94.25607,44.97946],[-94.17014,44.97875],[-94.14743,44.97895],[-94.13893,44.97878],[-94.01224,44.97871],[-94.01231,44.94712],[-94.0125,44.9353],[-94.01227,44.93001],[-94.01227,44.90607],[-94.01181,44.89193],[-94.00986,44.8919],[-94.00977,44.88408],[-94.01001,44.8825],[-94.01,44.87919],[-94.00994,44.87859],[-94.00967,44.87805],[-94.0101,44.848],[-94.01002,44.78991],[-94.01049,44.71746],[-93.88864,44.71704],[-93.88883,44.67341],[-93.85044,44.67371],[-93.82263,44.67335],[-93.80914,44.67352],[-93.76818,44.67352],[-93.76823,44.64934],[-93.76804,44.64557],[-93.76804,44.64038],[-93.77136,44.63977],[-93.77234,44.63933],[-93.77255,44.63908],[-93.77235,44.63851],[-93.77182,44.63836],[-93.76777,44.63866],[-93.76679,44.63827],[-93.76472,44.63595],[-93.76366,44.63415],[-93.76573,44.63322],[-93.76869,44.63145],[-93.77108,44.63064],[-93.77246,44.63029],[-93.77298,44.63034],[-93.77349,44.63062],[-93.77352,44.63085],[-93.7721,44.63444],[-93.77238,44.63642],[-93.77294,44.6373],[-93.77337,44.63764],[-93.77415,44.63783],[-93.77519,44.63768],[-93.77653,44.63661],[-93.77873,44.63387],[-93.78143,44.63214],[-93.78273,44.63155],[-93.78486,44.63125],[-93.78793,44.63033],[-93.79087,44.62859],[-93.79177,44.62866],[-93.79212,44.62898],[-93.79294,44.63239],[-93.79355,44.63302],[-93.79462,44.63377],[-93.79764,44.63466],[-93.79966,44.63493],[-93.80312,44.63464],[-93.80829,44.63305],[-93.8099,44.6328],[-93.81093,44.63297],[-93.81153,44.63331],[-93.81467,44.63332],[-93.81552,44.63299],[-93.81645,44.63147],[-93.81666,44.63036],[-93.81756,44.62922],[-93.818,44.6289],[-93.82431,44.62557],[-93.82779,44.62347],[-93.83224,44.62108],[-93.83364,44.62],[-93.83525,44.61939],[-93.83654,44.61848],[-93.83729,44.61853],[-93.83822,44.61941],[-93.83921,44.62232],[-93.84005,44.62367],[-93.84091,44.62445],[-93.84244,44.62496],[-93.84283,44.62526],[-93.84444,44.62566],[-93.84506,44.62556],[-93.84604,44.62496],[-93.84622,44.62439],[-93.84608,44.62332],[-93.84537,44.6224],[-93.84247,44.62054],[-93.84134,44.61933],[-93.84125,44.61857],[-93.84137,44.61835],[-93.84258,44.61747],[-93.84298,44.61761],[-93.84565,44.61948],[-93.84681,44.62064],[-93.84851,44.62179],[-93.85049,44.62201],[-93.85768,44.6211],[-93.85845,44.62075],[-93.85871,44.62033],[-93.85836,44.61977],[-93.85726,44.61956],[-93.85576,44.62003],[-93.85522,44.61985],[-93.85388,44.61824],[-93.85389,44.6179],[-93.85406,44.61714],[-93.85624,44.61378],[-93.85726,44.61161],[-93.86002,44.6092],[-93.86052,44.60809],[-93.8604,44.60698],[-93.86052,44.6062],[-93.86132,44.60542],[-93.86238,44.60497],[-93.86503,44.60429],[-93.86892,44.60244],[-93.8707,44.6025],[-93.87161,44.60302],[-93.87268,44.6045],[-93.87263,44.60622],[-93.87338,44.6068],[-93.87524,44.60666],[-93.8779,44.60572],[-93.87826,44.6052],[-93.87813,44.60436],[-93.87753,44.60392],[-93.8754,44.60323],[-93.87451,44.60273],[-93.87421,44.60239],[-93.87399,44.60101],[-93.87475,44.60028],[-93.8766,44.60049],[-93.87718,44.60028],[-93.88077,44.60091],[-93.88149,44.60084],[-93.88101,44.59925],[-93.88115,44.59796],[-93.88188,44.59717],[-93.88238,44.59622],[-93.88341,44.59548],[-93.88466,44.59506],[-93.88589,44.59507],[-93.8875,44.59544],[-93.88911,44.59654],[-93.89011,44.59679],[-93.89085,44.59621],[-93.89162,44.595],[-93.89198,44.59407],[-93.89362,44.59268],[-93.89378,44.59194],[-93.89459,44.5909],[-93.89615,44.5901],[-93.89644,44.58977],[-93.89735,44.58927],[-93.90095,44.58861],[-93.90191,44.58814],[-93.90248,44.58765],[-93.90283,44.58706],[-93.9029,44.58662],[-93.90273,44.58607],[-93.90189,44.58555],[-93.90091,44.5855],[-93.90035,44.58558],[-93.89769,44.58729],[-93.89702,44.58729],[-93.8957,44.58698],[-93.89381,44.58588],[-93.89271,44.58498],[-93.89256,44.58425],[-93.89279,44.58363],[-93.89499,44.58143],[-93.89564,44.58008],[-93.89506,44.57871],[-93.89429,44.5779],[-93.89444,44.57634],[-93.89411,44.57599],[-93.89416,44.57509],[-93.89462,44.57471],[-93.89629,44.57398],[-93.89887,44.57334],[-93.90023,44.57269],[-93.90108,44.57193],[-93.90137,44.57089],[-93.90121,44.57015],[-93.90042,44.56942],[-93.89864,44.56917],[-93.8972,44.56982],[-93.89653,44.56956],[-93.89566,44.56963],[-93.89398,44.56926],[-93.89288,44.56863],[-93.89214,44.5675],[-93.89148,44.56735],[-93.89136,44.5668],[-93.89107,44.56659],[-93.89091,44.56612],[-93.89136,44.56565],[-93.89473,44.56445],[-93.89641,44.56336],[-93.89787,44.56205],[-93.89912,44.55959],[-93.89986,44.55745],[-93.9003,44.55541],[-93.90014,44.55495],[-93.89949,44.55447],[-93.8976,44.55431],[-93.89561,44.55437],[-93.89351,44.55368],[-93.89241,44.55295],[-93.89168,44.55222],[-93.89125,44.55029],[-93.8911,44.54888],[-93.89125,44.54704],[-93.89177,44.5461],[-93.89177,44.54582],[-93.8921,44.54564],[-93.89241,44.54571],[-93.89455,44.54525],[-93.89563,44.54454],[-93.89809,44.54376],[-93.89861,44.54383],[-93.89914,44.54436],[-93.89918,44.54505],[-93.89949,44.54547],[-93.8994,44.54647],[-93.89856,44.54841],[-93.89862,44.55004],[-93.89964,44.55145],[-93.90037,44.55202],[-93.90161,44.55228],[-93.90286,44.55233],[-93.90468,44.55197],[-93.90674,44.55109],[-93.91024,44.54801],[-93.91131,44.54651],[-93.9114,44.54564],[-93.91041,44.54316],[-93.91046,44.5423],[-93.91139,44.53985],[-93.91227,44.53846],[-93.91222,44.53805],[-93.91184,44.53766],[-93.91058,44.53745],[-93.90444,44.53856],[-93.9028,44.53817],[-93.90136,44.53697],[-93.90079,44.53589],[-93.90051,44.53498],[-93.90179,44.53143],[-93.90173,44.53054],[-93.9015,44.52997],[-93.90104,44.52946],[-93.89788,44.52832],[-93.89605,44.52681],[-93.8952,44.52641],[-93.89261,44.52615],[-93.89015,44.52672],[-93.88904,44.52678],[-93.88822,44.52651],[-93.88786,44.52617],[-93.88613,44.52153],[-93.88568,44.52007],[-93.88537,44.51821],[-93.88557,44.51746],[-93.88699,44.51631],[-93.88751,44.51506],[-93.88788,44.51251],[-93.88725,44.50974],[-93.88695,44.50621],[-93.88711,44.5048],[-93.88731,44.50443],[-93.88793,44.50395],[-93.89084,44.50384],[-93.8911,44.50265],[-93.89388,44.50231],[-93.89566,44.50187],[-93.89648,44.50087],[-93.89639,44.50025],[-93.89611,44.49995],[-93.89081,44.49709],[-93.89093,44.49593],[-93.89164,44.49439],[-93.8924,44.49379],[-93.89417,44.49311],[-93.89576,44.49223],[-93.90083,44.48765],[-93.902,44.48636],[-93.90308,44.48487],[-93.90286,44.48408],[-93.90291,44.48195],[-93.90385,44.47852],[-93.90608,44.47528],[-93.9073,44.47244],[-93.90814,44.47176],[-93.90922,44.47145],[-93.90998,44.47147],[-93.91359,44.47199],[-93.91675,44.47212],[-93.92052,44.47323],[-93.92227,44.47345],[-93.9234,44.47306],[-93.92697,44.46964],[-93.92781,44.46802],[-93.92547,44.46664],[-93.92071,44.46614],[-93.9186,44.46471],[-93.91719,44.46248],[-93.91766,44.46107],[-93.91905,44.46016],[-93.92426,44.46091],[-93.92924,44.45836],[-93.9328,44.45676],[-93.93481,44.45669],[-93.93652,44.45465],[-93.93651,44.45409],[-93.93449,44.45396],[-93.93198,44.45417],[-93.93035,44.45366],[-93.92943,44.45275],[-93.93164,44.45247],[-93.93277,44.45209],[-93.93336,44.45145],[-93.93354,44.45077],[-93.93345,44.45027],[-93.93274,44.44958],[-93.92964,44.44786],[-93.9296,44.44577],[-93.92985,44.44398],[-93.92899,44.44287],[-93.93123,44.43749],[-93.93284,44.43451],[-93.9333,44.43317],[-93.93333,44.42921],[-93.93408,44.42658],[-93.93565,44.42356],[-93.93797,44.42024],[-93.93809,44.41838],[-93.93924,44.41386],[-93.93968,44.4128],[-93.93997,44.41252],[-93.94092,44.41235],[-93.94443,44.41304],[-93.94738,44.4131],[-93.94923,44.41231],[-93.95406,44.40964],[-93.95419,44.40913],[-93.95356,44.40821],[-93.95303,44.40794],[-93.95208,44.40774],[-93.9507,44.40677],[-93.95021,44.40574],[-93.94989,44.40455],[-93.94999,44.40404],[-93.94971,44.40286],[-93.94894,44.40037],[-93.94889,44.39695],[-93.94913,44.39561],[-93.94997,44.39363],[-93.95039,44.39312],[-93.9517,44.39251],[-93.95396,44.3922],[-93.95509,44.39177],[-93.95652,44.39169],[-93.96318,44.39275],[-93.96364,44.39269],[-93.9643,44.39248],[-93.965,44.39201],[-93.96537,44.39158],[-93.96578,44.39064],[-93.96559,44.38957],[-93.96519,44.38924],[-93.96484,44.3892],[-93.96293,44.38977],[-93.96153,44.39056],[-93.95965,44.39091],[-93.95672,44.39069],[-93.95429,44.38942],[-93.95306,44.38801],[-93.95253,44.38711],[-93.95227,44.38618],[-93.95237,44.38458],[-93.95262,44.38394],[-93.9529,44.38369],[-93.95326,44.38367],[-93.95616,44.38506],[-93.95773,44.38537],[-93.95856,44.38534],[-93.95997,44.38522],[-93.96183,44.38457],[-93.96286,44.38389],[-93.96326,44.38322],[-93.96334,44.38247],[-93.96313,44.38159],[-93.96238,44.38088],[-93.96157,44.38053],[-93.95719,44.37939],[-93.95674,44.37904],[-93.95626,44.37845],[-93.95528,44.37614],[-93.955,44.375],[-93.95526,44.374],[-93.95635,44.37321],[-93.96135,44.3711],[-93.96241,44.37039],[-93.96243,44.36947],[-93.96192,44.36848],[-93.96174,44.36714],[-93.96205,44.36589],[-93.96208,44.36498],[-93.96166,44.36408],[-93.96104,44.3635],[-93.96011,44.36308],[-93.95906,44.36296],[-93.95746,44.36319],[-93.95645,44.36398],[-93.95525,44.36609],[-93.9546,44.36647],[-93.95421,44.36652],[-93.95303,44.36617],[-93.9525,44.36525],[-93.95314,44.36403],[-93.95677,44.36149],[-93.95666,44.36022],[-93.9557,44.35846],[-93.95396,44.35701],[-93.95147,44.35601],[-93.949,44.35564],[-93.94488,44.35537],[-93.94418,44.3552],[-93.93938,44.35266],[-93.93665,44.35059],[-93.93618,44.35008],[-93.93504,44.3482],[-93.93323,44.34589],[-93.93268,44.34489],[-93.93281,44.34401],[-93.93466,44.34206],[-93.93603,44.33966],[-93.93649,44.33917],[-93.93733,44.33898],[-93.93777,44.33909],[-93.93866,44.33956],[-93.93957,44.34043],[-93.9405,44.34098],[-93.94115,44.34119],[-93.94238,44.34118],[-93.94325,44.3409],[-93.94392,44.34047],[-93.94519,44.33899],[-93.9454,44.33826],[-93.94518,44.33705],[-93.94292,44.33397],[-93.94278,44.33316],[-93.94362,44.33127],[-93.94461,44.33068],[-93.94867,44.33054],[-93.95082,44.32876],[-93.95128,44.32778],[-93.95128,44.32685],[-93.95279,44.32474],[-93.95247,44.324],[-93.95065,44.3223],[-93.95058,44.3216],[-93.95077,44.32038],[-93.95349,44.31806],[-93.95446,44.31671],[-93.95689,44.31218],[-93.95978,44.3073],[-93.96022,44.30706],[-93.96461,44.30731],[-93.9661,44.30705],[-93.96873,44.30561],[-93.97041,44.30443],[-93.97131,44.30355],[-93.97293,44.3009],[-93.97448,44.29969],[-93.97562,44.29938],[-93.9784,44.2994],[-93.98098,44.29963],[-93.9818,44.29931],[-93.98443,44.29755],[-93.98552,44.29703],[-93.99004,44.29592],[-93.99113,44.29547],[-93.98987,44.29298],[-93.99009,44.2923],[-93.99082,44.29146],[-93.9925,44.2904],[-93.99394,44.28908],[-93.99514,44.28716],[-93.99632,44.28436],[-93.99647,44.28258],[-93.99699,44.28097],[-93.9977,44.2794],[-93.99813,44.27881],[-94.00372,44.27904],[-94.00611,44.27883],[-94.0077,44.27834],[-94.01013,44.27722],[-94.01096,44.27675],[-94.01173,44.27602],[-94.01257,44.27498],[-94.01318,44.27388],[-94.01315,44.27318],[-94.0126,44.27283],[-94.00874,44.27171],[-94.00823,44.27124],[-94.00841,44.27067],[-94.00985,44.27008],[-94.01233,44.26969],[-94.01285,44.26942],[-94.01327,44.26847],[-94.01356,44.26631],[-94.01429,44.26495],[-94.01482,44.26445],[-94.01921,44.26297],[-94.02163,44.26161],[-94.02507,44.25823],[-94.02525,44.25687],[-94.02516,44.25652],[-94.0245,44.25589],[-94.02334,44.25575],[-94.02238,44.25586],[-94.01916,44.25765],[-94.01789,44.25777],[-94.01613,44.25738],[-94.00998,44.25233],[-94.00857,44.24996],[-94.00839,44.24864],[-94.0085,44.24766],[-94.00888,44.2469],[-94.0099,44.24619],[-94.0131,44.24823],[-94.01527,44.24842],[-94.01588,44.24788],[-94.01733,44.24577],[-94.01898,44.24426],[-94.02134,44.24253],[-94.02199,44.24169],[-94.02208,44.24082],[-94.02138,44.23999],[-94.01912,44.23946],[-94.01751,44.23974],[-94.01701,44.2401],[-94.01396,44.2402],[-94.01246,44.24001],[-94.01196,44.23976],[-94.01187,44.23952],[-93.9792,44.23958],[-93.93867,44.23932],[-93.92909,44.23982],[-93.92403,44.23984],[-93.88342,44.2393],[-93.87525,44.23929],[-93.87286,44.23945],[-93.8621,44.23922],[-93.76803,44.23938],[-93.76797,44.19584],[-93.74716,44.19613],[-93.67339,44.196],[-93.67317,44.19613],[-93.65585,44.19592],[-93.62878,44.19625],[-93.6079,44.19596],[-93.59063,44.19591],[-93.56939,44.19613],[-93.52547,44.19613],[-93.52552,44.20319],[-93.52502,44.24811],[-93.52526,44.27187],[-93.52518,44.29736],[-93.52528,44.30013],[-93.5249,44.34113],[-93.52459,44.35329],[-93.52464,44.43974],[-93.52438,44.47157],[-93.52433,44.54362],[-93.49565,44.5438],[-93.48162,44.54369],[-93.44665,44.54386],[-93.40251,44.54381],[-93.34981,44.54407],[-93.28152,44.54396],[-93.28164,44.53703],[-93.28169,44.472],[-93.27259,44.47178],[-93.26579,44.47191],[-93.23931,44.47156],[-93.2327,44.47167],[-93.21571,44.47123],[-93.21527,44.47146],[-93.21474,44.4715],[-93.18086,44.47131],[-93.15093,44.47136],[-93.13067,44.47115],[-93.10991,44.4717],[-93.10555,44.47154],[-93.09934,44.47177],[-93.09068,44.47171],[-93.08049,44.47191],[-93.06015,44.4718],[-93.0548,44.47201],[-93.03949,44.47187],[-93.0394,44.47918],[-93.03993,44.48644],[-93.03972,44.51251],[-93.03934,44.51555],[-93.0392,44.51535],[-93.03777,44.51472],[-93.03627,44.51465],[-93.03483,44.51438],[-93.033,44.51442],[-93.03197,44.51474],[-93.03132,44.51518],[-93.03053,44.5154],[-93.02936,44.51541],[-93.02684,44.51622],[-93.02541,44.51707],[-93.02523,44.5174],[-93.02531,44.51786],[-93.02474,44.51805],[-93.02416,44.51798],[-93.02367,44.51761],[-93.02319,44.51619],[-93.02006,44.51555],[-93.01969,44.51561],[-93.01792,44.51504],[-93.01738,44.51503],[-93.01606,44.51511],[-93.01308,44.51602],[-93.00967,44.51623],[-93.00746,44.51627],[-93.00553,44.51579],[-93.00334,44.51586],[-93.00071,44.51658],[-92.99862,44.51756],[-92.98491,44.51882],[-92.98194,44.51865],[-92.97957,44.51812],[-92.97638,44.51705],[-92.97321,44.51469],[-92.96449,44.51461],[-92.96231,44.51579],[-92.95938,44.51539],[-92.95685,44.51455],[-92.95622,44.51352],[-92.95514,44.51087],[-92.95626,44.50929],[-92.95635,44.50856],[-92.95483,44.50702],[-92.95269,44.50698],[-92.95136,44.5077],[-92.94843,44.51089],[-92.94652,44.51257],[-92.94516,44.51279],[-92.93925,44.51147],[-92.93754,44.51145],[-92.93592,44.51168],[-92.93329,44.51242],[-92.92546,44.51517],[-92.92475,44.51552],[-92.92288,44.51794],[-92.9222,44.51745],[-92.91876,44.5176],[-92.91902,44.52077],[-92.91898,44.54325],[-92.9138,44.54339],[-92.9132,44.54324],[-92.80072,44.5432],[-92.79851,44.54319],[-92.79664,44.54274],[-92.79532,44.54266],[-92.7926,44.54297],[-92.79271,44.54324],[-92.79277,44.5504],[-92.79243,44.56922],[-92.79258,44.62972],[-92.75228,44.62945],[-92.73204,44.62949],[-92.73234,44.63698],[-92.73238,44.64373],[-92.73189,44.65821],[-92.73252,44.67143],[-92.73205,44.69443],[-92.73204,44.71434],[-92.71343,44.70109],[-92.70689,44.6967],[-92.70152,44.6934],[-92.69994,44.69176],[-92.69432,44.68862],[-92.69055,44.68557],[-92.6862,44.68237],[-92.67957,44.67627],[-92.67613,44.67253],[-92.67203,44.66921],[-92.66781,44.66619],[-92.66471,44.66338],[-92.66099,44.6609],[-92.65579,44.65808],[-92.64656,44.65467],[-92.64356,44.65314],[-92.63948,44.65222],[-92.63202,44.64919],[-92.62185,44.63902],[-92.62022,44.63419],[-92.62017,44.62953],[-92.62047,44.62789],[-92.62183,44.62505],[-92.6228,44.62346],[-92.62338,44.62182],[-92.62357,44.62064],[-92.62357,44.61923],[-92.62337,44.61814],[-92.62254,44.61605],[-92.62164,44.61493],[-92.61979,44.61358],[-92.6168,44.61224],[-92.61471,44.61166],[-92.61385,44.61159],[-92.60726,44.6124],[-92.60385,44.61248],[-92.60161,44.61204],[-92.6003,44.61145],[-92.59819,44.61012],[-92.59567,44.60806],[-92.59207,44.60646],[-92.59049,44.60594],[-92.59046,44.60553],[-92.58963,44.60404],[-92.5888,44.6017],[-92.58825,44.60109],[-92.58729,44.60043],[-92.58622,44.60009],[-92.58471,44.59986],[-92.58334,44.60017],[-92.58159,44.60085],[-92.57904,44.6038],[-92.57747,44.60462],[-92.57716,44.60504],[-92.57272,44.60462],[-92.5694,44.60362],[-92.56783,44.60253],[-92.56696,44.60167],[-92.56627,44.60059],[-92.56441,44.59845],[-92.56194,44.59622],[-92.56052,44.59455],[-92.55935,44.59279],[-92.55745,44.58941],[-92.55644,44.58809],[-92.55283,44.58469],[-92.55062,44.58232],[-92.55004,44.58147],[-92.54938,44.57997],[-92.54925,44.57847],[-92.55002,44.57564],[-92.55143,44.57298],[-92.55157,44.57221],[-92.55146,44.57147],[-92.55119,44.57055],[-92.55035,44.56924],[-92.54889,44.56825],[-92.54677,44.56737],[-92.54537,44.56707],[-92.54321,44.56687],[-92.54209,44.5669],[-92.54102,44.56713],[-92.53822,44.56821],[-92.528,44.57325],[-92.52179,44.57508],[-92.52068,44.57529],[-92.5187,44.57523],[-92.51511,44.57359],[-92.51253,44.57181],[-92.50867,44.57031],[-92.50696,44.56972],[-92.49372,44.56605],[-92.49177,44.56601],[-92.48838,44.56673],[-92.48474,44.56818],[-92.48317,44.56846],[-92.48099,44.56845],[-92.47824,44.56786],[-92.47014,44.56529],[-92.4657,44.56439],[-92.4589,44.56274],[-92.44894,44.55766],[-92.44285,44.55414],[-92.43863,44.55264],[-92.43649,44.55288],[-92.43508,44.55355],[-92.43215,44.55551],[-92.4264,44.5588],[-92.42254,44.55963],[-92.41567,44.56051],[-92.41378,44.56021],[-92.41295,44.56031],[-92.41148,44.56017],[-92.40606,44.55912],[-92.4021,44.55861],[-92.39154,44.55764],[-92.38597,44.5578],[-92.3803,44.55854],[-92.3683,44.55918],[-92.36152,44.55893],[-92.35731,44.55848],[-92.34757,44.55715],[-92.34421,44.55635],[-92.34006,44.55527],[-92.33611,44.554],[-92.33268,44.55257],[-92.32901,44.55089],[-92.32234,44.54678],[-92.31994,44.54494],[-92.31736,44.54251],[-92.31617,44.54101],[-92.27081,44.53989],[-92.25417,44.53973],[-92.23628,44.5399],[-92.21584,44.53973],[-92.20556,44.53983],[-92.17543,44.53951],[-92.1353,44.53958],[-92.13478,44.59706],[-92.13521,44.68611],[-92.135,44.72325],[-92.13535,44.74762],[-92.13586,44.76369],[-92.13632,44.77153],[-92.13629,44.78953],[-92.1364,44.78996],[-92.13637,44.79713],[-92.13598,44.80155],[-92.13619,44.80976],[-92.13632,44.87272],[-92.136,44.90604],[-92.13583,44.90719],[-92.13521,44.93013],[-92.1361,44.99996],[-92.13628,45.00264],[-92.13657,45.0465],[-92.13628,45.07005],[-92.13632,45.07451],[-92.1365,45.07539],[-92.1365,45.07668],[-92.13611,45.12139],[-92.15707,45.12161],[-92.15679,45.13547],[-92.15648,45.17026],[-92.15646,45.20955],[-92.18706,45.20964],[-92.2603,45.20921],[-92.30394,45.20934],[-92.30693,45.20924],[-92.3122,45.20936],[-92.3751,45.20918],[-92.3857,45.20935],[-92.42699,45.2093],[-92.51872,45.20963],[-92.53736,45.2098],[-92.54735,45.21013],[-92.55895,45.21027],[-92.55999,45.21042],[-92.62445,45.21019],[-92.64299,45.21027],[-92.72286,45.2098],[-92.73766,45.20988],[-92.75801,45.20957],[-92.754,45.21277],[-92.75171,45.21867],[-92.75187,45.22001],[-92.75219,45.22105],[-92.75261,45.22177],[-92.75393,45.22291],[-92.75456,45.22429],[-92.75573,45.22595],[-92.75668,45.22807],[-92.75746,45.23053],[-92.75735,45.23136],[-92.75761,45.23304],[-92.75729,45.23613],[-92.7575,45.23831],[-92.7591,45.24444],[-92.75931,45.24677],[-92.76025,45.2496],[-92.76026,45.25172],[-92.75985,45.25287],[-92.75884,45.25443],[-92.75558,45.25705],[-92.75362,45.25942],[-92.75259,45.26179],[-92.75195,45.26381],[-92.75192,45.26588],[-92.75282,45.26881],[-92.75384,45.27096],[-92.75678,45.27389],[-92.75802,45.27482],[-92.75941,45.27717],[-92.75979,45.27743],[-92.76061,45.27883],[-92.76118,45.28058],[-92.76196,45.28503],[-92.762,45.28821],[-92.76039,45.28992],[-92.75871,45.29096],[-92.75116,45.29283],[-92.75021,45.29356],[-92.74427,45.29688],[-92.74248,45.29822],[-92.74002,45.29964],[-92.73712,45.30046],[-92.73547,45.30157],[-92.7316,45.30514],[-92.72774,45.30929],[-92.72559,45.31075],[-92.72332,45.31196],[-92.7204,45.31384],[-92.71478,45.31843],[-92.70997,45.3213],[-92.70867,45.32252],[-92.70479,45.32653],[-92.70342,45.32853],[-92.70196,45.33111],[-92.69996,45.33372],[-92.69897,45.33637],[-92.69892,45.33937],[-92.69952,45.34242],[-92.70266,45.34966],[-92.70405,45.35366],[-92.70371,45.35633],[-92.70272,45.35847],[-92.7009,45.3602],[-92.6965,45.36352],[-92.69214,45.36542],[-92.68853,45.36843],[-92.68258,45.37097],[-92.67919,45.37271],[-92.67822,45.37361],[-92.67823,45.37496],[-92.67857,45.37537],[-92.67876,45.3762],[-92.67866,45.37666],[-92.67696,45.38014],[-92.67479,45.38261],[-92.67358,45.38373],[-92.67056,45.38794],[-92.66965,45.38897],[-92.66712,45.39081],[-92.6641,45.39331],[-92.6633,45.39361],[-92.66134,45.39484],[-92.66057,45.39501],[-92.65849,45.39606],[-92.6544,45.3973],[-92.65351,45.39772],[-92.65124,45.39815],[-92.65042,45.39851],[-92.65028,45.39877],[-92.65027,45.40028],[-92.65057,45.40331],[-92.64854,45.40583],[-92.64816,45.40742],[-92.64846,45.41102],[-92.64712,45.41209],[-92.64668,45.41323],[-92.64694,45.41426],[-92.64947,45.41641],[-92.64991,45.41731],[-92.65027,45.41917],[-92.64985,45.42307],[-92.64868,45.42642],[-92.6485,45.42749],[-92.64915,45.42962],[-92.64875,45.43167],[-92.64677,45.43793],[-92.64651,45.44034],[-92.6466,45.44164],[-92.6473,45.44359],[-92.64967,45.44777],[-92.65035,45.44923],[-92.65083,45.4508],[-92.652,45.45264],[-92.6527,45.45453],[-92.65355,45.45535],[-92.65605,45.4566],[-92.65969,45.45765],[-92.66162,45.45856],[-92.66862,45.46016],[-92.67328,45.46186],[-92.67722,45.46286],[-92.68023,45.46434],[-92.6811,45.4656],[-92.68109,45.46624],[-92.68148,45.46775],[-92.6826,45.46991],[-92.68359,45.47069],[-92.68553,45.47149],[-92.68679,45.47227],[-92.69096,45.47544],[-92.69214,45.47706],[-92.69315,45.47973],[-92.69418,45.48169],[-92.69642,45.48454],[-92.7009,45.49161],[-92.70636,45.4975],[-92.70779,45.49935],[-92.70916,45.49996],[-92.71189,45.50328],[-92.71286,45.50485],[-92.71581,45.50668],[-92.72043,45.50986],[-92.72434,45.51222],[-92.72668,45.51446],[-92.72707,45.51533],[-92.72722,45.51709],[-92.72774,45.51881],[-92.72806,45.52386],[-92.72802,45.52565],[-92.7266,45.52946],[-92.72623,45.53108],[-92.72613,45.53174],[-92.72662,45.53347],[-92.72643,45.53426],[-92.72497,45.53588],[-92.72465,45.53674],[-92.72459,45.53794],[-92.72476,45.53862],[-92.72608,45.54111],[-92.72736,45.54214],[-92.72999,45.54379],[-92.73253,45.54461],[-92.7338,45.54526],[-92.73914,45.54905],[-92.74315,45.55134],[-92.74559,45.55302],[-92.74711,45.5538],[-92.74948,45.55468],[-92.75021,45.55464],[-92.75463,45.55679],[-92.75691,45.5575],[-92.75902,45.55885],[-92.76052,45.56028],[-92.76265,45.56173],[-92.76457,45.56359],[-92.77022,45.56694],[-92.77341,45.56823],[-92.77599,45.56848],[-92.77842,45.56848],[-92.78574,45.56789],[-92.78775,45.56719],[-92.79014,45.56691],[-92.79498,45.56534],[-92.8015,45.56285],[-92.81208,45.56112],[-92.81773,45.56091],[-92.82331,45.56093],[-92.83415,45.5631],[-92.84378,45.56613],[-92.84645,45.56651],[-92.85359,45.56658],[-92.86126,45.56701],[-92.86513,45.56748],[-92.86891,45.56725],[-92.87108,45.56758],[-92.87221,45.56801],[-92.87365,45.56908],[-92.87521,45.57053],[-92.8773,45.57173],[-92.87934,45.57244],[-92.88114,45.57341],[-92.88375,45.57548],[-92.88495,45.57882],[-92.88465,45.58199],[-92.88331,45.58875],[-92.88328,45.58983],[-92.884,45.59122],[-92.88642,45.59488],[-92.88644,45.59868],[-92.8849,45.605],[-92.8829,45.6091],[-92.88253,45.61022],[-92.88297,45.61374],[-92.88525,45.61703],[-92.88667,45.61976],[-92.88699,45.62192],[-92.88804,45.62496],[-92.88811,45.62838],[-92.88787,45.62932],[-92.88726,45.6306],[-92.88691,45.63227],[-92.88686,45.63572],[-92.88696,45.63678],[-92.88793,45.63901],[-92.88913,45.64007],[-92.88943,45.64065],[-92.88943,45.6412],[-92.88898,45.64248],[-92.88718,45.64402],[-92.8859,45.64554],[-92.88541,45.64722],[-92.88523,45.64897],[-92.88411,45.65231],[-92.88399,45.65487],[-92.88272,45.65752],[-92.8825,45.65947],[-92.88178,45.66102],[-92.87893,45.66561],[-92.87845,45.66884],[-92.87737,45.67231],[-92.87729,45.67343],[-92.87673,45.67595],[-92.8767,45.68083],[-92.87611,45.6826],[-92.87611,45.68586],[-92.87583,45.68654],[-92.87549,45.68901],[-92.87464,45.68999],[-92.87418,45.69095],[-92.87141,45.69526],[-92.87015,45.69676],[-92.87003,45.69727],[-92.87061,45.698],[-92.87095,45.69871],[-92.87158,45.69915],[-92.87178,45.69977],[-92.87097,45.70388],[-92.87032,45.70517],[-92.87001,45.70671],[-92.86997,45.70927],[-92.86886,45.71199],[-92.86886,45.71316],[-92.86969,45.71514],[-92.86919,45.71757],[-92.86838,45.71853],[-92.86569,45.72062],[-92.8637,45.72182],[-92.8626,45.72224],[-92.86015,45.72263],[-92.8534,45.72315],[-92.85182,45.72338],[-92.85093,45.72383],[-92.85054,45.72438],[-92.8504,45.72547],[-92.85052,45.72689],[-92.85039,45.72758],[-92.84977,45.72818],[-92.84885,45.72875],[-92.84667,45.72901],[-92.84537,45.72884],[-92.84308,45.72916],[-92.84105,45.73002],[-92.84927,45.72985],[-92.85301,45.73015],[-92.85454,45.73003],[-92.92247,45.7301],[-93.02195,45.73073],[-93.06324,45.73073],[-93.0695,45.731],[-93.18291,45.73052],[-93.22452,45.73087],[-93.26589,45.73088]]]},"properties":{"GEOID":"33460","NAME":"Minneapolis-St. Paul-Bloomington, MN-WI Metro Area"}},{"type":"Feature","geometry":{"type":"Polygon","coordinates":[[[-82.05469,28.4784],[-82.05447,28.52137],[-82.05683,28.52401],[-82.05838,28.52539],[-82.05974,28.52631],[-82.06167,28.52722],[-82.06216,28.52781],[-82.0659,28.53048],[-82.06819,28.53157],[-82.07034,28.53192],[-82.07123,28.53182],[-82.07279,28.53138],[-82.07615,28.52981],[-82.07855,28.52918],[-82.08056,28.52808],[-82.08171,28.52826],[-82.08346,28.52821],[-82.08524,28.52764],[-82.08582,28.52705],[-82.0863,28.5252],[-82.0871,28.52451],[-82.08936,28.52404],[-82.09134,28.5233],[-82.09284,28.52329],[-82.09498,28.52362],[-82.09637,28.52449],[-82.09714,28.52536],[-82.09846,28.52889],[-82.09921,28.52989],[-82.10066,28.53122],[-82.10324,28.53295],[-82.10467,28.53469],[-82.10531,28.53596],[-82.10581,28.53765],[-82.10695,28.54045],[-82.10853,28.54286],[-82.10942,28.54384],[-82.11038,28.54417],[-82.11124,28.54388],[-82.11219,28.54406],[-82.11253,28.54359],[-82.11377,28.54327],[-82.11414,28.54285],[-82.11506,28.54254],[-82.11557,28.54174],[-82.11659,28.54079],[-82.11866,28.54061],[-82.12169,28.54178],[-82.12406,28.54298],[-82.1263,28.54459],[-82.12784,28.54493],[-82.12847,28.54486],[-82.12904,28.54531],[-82.1298,28.54629],[-82.13077,28.54642],[-82.13151,28.54824],[-82.13197,28.54992],[-82.13187,28.55076],[-82.13199,28.55132],[-82.13305,28.55217],[-82.13357,28.5538],[-82.13496,28.55556],[-82.13533,28.55631],[-82.13534,28.55699],[-82.13506,28.55783],[-82.13577,28.55887],[-82.13548,28.56024],[-82.13563,28.56075],[-82.13642,28.56218],[-82.13696,28.56263],[-82.13766,28.56294],[-82.13816,28.56353],[-82.13817,28.56405],[-82.13745,28.56473],[-82.13763,28.56525],[-82.13803,28.56552],[-82.14034,28.56584],[-82.14391,28.56599],[-82.14429,28.56625],[-82.14513,28.56779],[-82.14605,28.56823],[-82.14619,28.56892],[-82.14712,28.56908],[-82.14908,28.57026],[-82.14952,28.57098],[-82.15057,28.57122],[-82.15174,28.57055],[-82.15307,28.57189],[-82.15374,28.57206],[-82.15421,28.57183],[-82.15496,28.5726],[-82.15575,28.57289],[-82.15629,28.57334],[-82.15717,28.57233],[-82.15784,28.57214],[-82.15813,28.5718],[-82.15811,28.57124],[-82.15749,28.57015],[-82.15774,28.56967],[-82.15847,28.56932],[-82.15972,28.56948],[-82.16089,28.56902],[-82.16132,28.5685],[-82.16238,28.5687],[-82.16255,28.56842],[-82.16239,28.56797],[-82.16303,28.56712],[-82.16311,28.56657],[-82.16349,28.56644],[-82.1639,28.56582],[-82.16433,28.566],[-82.1643,28.5651],[-82.16474,28.56512],[-82.16502,28.56493],[-82.16525,28.56394],[-82.16601,28.56412],[-82.16627,28.56366],[-82.16684,28.56398],[-82.16653,28.56434],[-82.16712,28.56464],[-82.16726,28.56498],[-82.16763,28.56508],[-82.16777,28.56566],[-82.16768,28.56615],[-82.16829,28.56703],[-82.16874,28.56672],[-82.1691,28.5669],[-82.1696,28.5665],[-82.1699,28.56671],[-82.17015,28.56621],[-82.17051,28.56607],[-82.17083,28.5664],[-82.17138,28.56643],[-82.17212,28.56579],[-82.17238,28.56625],[-82.17294,28.56607],[-82.17314,28.56622],[-82.17296,28.56693],[-82.17304,28.56709],[-82.17415,28.56706],[-82.17428,28.56678],[-82.17457,28.56679],[-82.17506,28.56723],[-82.17598,28.5674],[-82.17642,28.56783],[-82.17659,28.56785],[-82.1769,28.56752],[-82.17752,28.56802],[-82.17733,28.56841],[-82.1784,28.56833],[-82.17896,28.56881],[-82.17941,28.56858],[-82.17958,28.56887],[-82.17987,28.5687],[-82.1802,28.56895],[-82.1806,28.56892],[-82.18147,28.56801],[-82.18168,28.56827],[-82.18253,28.56804],[-82.18317,28.5682],[-82.18312,28.5687],[-82.18333,28.5689],[-82.18376,28.56876],[-82.18385,28.56908],[-82.18433,28.56944],[-82.18435,28.56984],[-82.18463,28.5699],[-82.18461,28.57015],[-82.18484,28.57027],[-82.18549,28.5702],[-82.18569,28.57002],[-82.18573,28.5693],[-82.18622,28.56897],[-82.1862,28.5686],[-82.1866,28.56858],[-82.18805,28.56946],[-82.188,28.5698],[-82.18726,28.57004],[-82.18739,28.5704],[-82.18703,28.57179],[-82.18703,28.5727],[-82.18715,28.57284],[-82.18764,28.57271],[-82.18775,28.57314],[-82.18831,28.57297],[-82.18833,28.57326],[-82.18906,28.57323],[-82.18938,28.57366],[-82.18985,28.5735],[-82.19008,28.57296],[-82.19034,28.57288],[-82.19108,28.57367],[-82.19118,28.57397],[-82.19165,28.57432],[-82.19153,28.5747],[-82.19167,28.57493],[-82.19199,28.57482],[-82.19244,28.57404],[-82.19287,28.5738],[-82.1932,28.57412],[-82.19383,28.57429],[-82.19363,28.57487],[-82.19374,28.57498],[-82.19419,28.57484],[-82.19449,28.57531],[-82.19479,28.57527],[-82.19508,28.57551],[-82.19604,28.57556],[-82.19627,28.57527],[-82.19644,28.57566],[-82.19661,28.57568],[-82.1971,28.57551],[-82.19781,28.57458],[-82.19843,28.57419],[-82.19889,28.57302],[-82.19978,28.57311],[-82.20022,28.57267],[-82.20195,28.57223],[-82.20521,28.57226],[-82.20701,28.57205],[-82.20698,28.57191],[-82.20818,28.57205],[-82.2097,28.57277],[-82.21195,28.57405],[-82.21372,28.57536],[-82.2153,28.57691],[-82.2164,28.57903],[-82.21795,28.58135],[-82.21928,28.58265],[-82.22057,28.5861],[-82.22031,28.58689],[-82.22109,28.5888],[-82.22128,28.59012],[-82.2223,28.59178],[-82.22228,28.5924],[-82.22165,28.59324],[-82.22177,28.59363],[-82.22313,28.59457],[-82.22406,28.59545],[-82.22493,28.59694],[-82.22756,28.59843],[-82.22748,28.59861],[-82.22694,28.59878],[-82.22696,28.59909],[-82.22811,28.59917],[-82.22817,28.59952],[-82.22776,28.59994],[-82.22826,28.60052],[-82.22865,28.60074],[-82.22928,28.60066],[-82.22982,28.60009],[-82.23005,28.60009],[-82.23062,28.60054],[-82.23224,28.6005],[-82.23238,28.60021],[-82.23275,28.60026],[-82.23301,28.60051],[-82.23343,28.60137],[-82.23274,28.60222],[-82.23279,28.60285],[-82.23341,28.60374],[-82.2338,28.60392],[-82.23463,28.60585],[-82.23462,28.60657],[-82.23405,28.60721],[-82.234,28.60782],[-82.2342,28.60866],[-82.2349,28.60938],[-82.23626,28.60997],[-82.23666,28.61035],[-82.2379,28.61228],[-82.23881,28.6129],[-82.23999,28.61346],[-82.2406,28.61334],[-82.24077,28.61306],[-82.24113,28.61289],[-82.24193,28.613],[-82.24224,28.61332],[-82.24216,28.61374],[-82.2416,28.61433],[-82.24156,28.6146],[-82.24202,28.61525],[-82.24297,28.61567],[-82.24332,28.61599],[-82.24341,28.61638],[-82.24333,28.61663],[-82.24279,28.61696],[-82.24247,28.61779],[-82.24246,28.61835],[-82.24269,28.61896],[-82.24405,28.61961],[-82.24454,28.61973],[-82.24533,28.61953],[-82.24612,28.61986],[-82.24634,28.62006],[-82.24698,28.62206],[-82.24736,28.62253],[-82.2472,28.62378],[-82.24669,28.62377],[-82.2463,28.62432],[-82.2458,28.6247],[-82.24581,28.62529],[-82.24627,28.62569],[-82.24595,28.62677],[-82.24706,28.62718],[-82.2474,28.62841],[-82.24819,28.62897],[-82.24812,28.6295],[-82.24841,28.62987],[-82.24946,28.63018],[-82.25045,28.6301],[-82.25193,28.6291],[-82.25324,28.62962],[-82.2537,28.63065],[-82.25545,28.63269],[-82.25701,28.63335],[-82.25838,28.63348],[-82.26016,28.63504],[-82.26079,28.63729],[-82.26038,28.6383],[-82.25985,28.63871],[-82.25968,28.63917],[-82.25962,28.63965],[-82.25993,28.64095],[-82.25989,28.64179],[-82.25945,28.6429],[-82.25688,28.64523],[-82.25675,28.64565],[-82.25681,28.64883],[-82.2571,28.64896],[-82.25834,28.64877],[-82.2585,28.64861],[-82.25839,28.64791],[-82.25871,28.64737],[-82.26086,28.64698],[-82.26172,28.64716],[-82.26243,28.64772],[-82.26479,28.64821],[-82.26639,28.64807],[-82.2673,28.64822],[-82.2692,28.64917],[-82.2705,28.65016],[-82.27147,28.65116],[-82.2741,28.6546],[-82.27482,28.6562],[-82.27487,28.6567],[-82.27471,28.65849],[-82.27433,28.66025],[-82.27401,28.66068],[-82.27224,28.66141],[-82.27122,28.66138],[-82.27038,28.66108],[-82.26902,28.66014],[-82.26838,28.66005],[-82.26728,28.66022],[-82.26719,28.66043],[-82.26654,28.66071],[-82.26654,28.66085],[-82.26705,28.66156],[-82.26742,28.6616],[-82.26764,28.66187],[-82.26777,28.66281],[-82.26474,28.66611],[-82.26305,28.66763],[-82.26884,28.6669],[-82.29604,28.66701],[-82.31855,28.66673],[-82.32275,28.66685],[-82.35117,28.66604],[-82.37479,28.66567],[-82.418,28.66592],[-82.41835,28.69486],[-82.53456,28.69459],[-82.58489,28.69464],[-82.62621,28.69442],[-82.6439,28.69414],[-82.77793,28.69365],[-82.8213,28.69364],[-82.88954,28.69321],[-82.88827,28.68619],[-82.88564,28.67577],[-82.88427,28.6714],[-82.88117,28.66299],[-82.87997,28.65399],[-82.8788,28.64735],[-82.87756,28.64182],[-82.87567,28.63493],[-82.87341,28.62813],[-82.87086,28.6216],[-82.86791,28.61503],[-82.86496,28.60924],[-82.86222,28.60436],[-82.85763,28.59708],[-82.85248,28.58989],[-82.84896,28.58543],[-82.84282,28.57841],[-82.83914,28.57458],[-82.8424,28.56873],[-82.84522,28.56311],[-82.84756,28.55789],[-82.84955,28.55294],[-82.85158,28.54724],[-82.85319,28.542],[-82.8551,28.53452],[-82.85645,28.52774],[-82.85692,28.52487],[-82.85813,28.5101],[-82.85827,28.50357],[-82.85818,28.49903],[-82.85757,28.49038],[-82.85663,28.48361],[-82.85543,28.47721],[-82.86044,28.4689],[-82.86109,28.46724],[-82.86405,28.46148],[-82.86584,28.45765],[-82.87094,28.44526],[-82.87343,28.43703],[-82.87494,28.43079],[-82.87662,28.42152],[-82.87761,28.41268],[-82.88175,28.40101],[-82.88476,28.39064],[-82.88675,28.38666],[-82.88963,28.38024],[-82.89228,28.37337],[-82.89493,28.36517],[-82.89664,28.35864],[-82.89736,28.35701],[-82.90489,28.35499],[-82.91279,28.3525],[-82.91281,28.35191],[-82.92096,28.34878],[-82.92709,28.34623],[-82.93381,28.34312],[-82.94072,28.33956],[-82.94676,28.33612],[-82.95378,28.3317],[-82.95926,28.3279],[-82.96349,28.32474],[-82.96895,28.32034],[-82.97418,28.31574],[-82.97863,28.31148],[-82.98381,28.30609],[-82.98821,28.30107],[-82.99258,28.29559],[-82.99647,28.29026],[-82.99971,28.28541],[-83.00282,28.28029],[-83.0074,28.27175],[-83.00992,28.26638],[-83.0124,28.26041],[-83.01529,28.25226],[-83.01698,28.24645],[-83.01942,28.23637],[-83.02025,28.23135],[-83.02163,28.2211],[-83.02224,28.21482],[-83.02236,28.21138],[-83.02236,28.20559],[-83.02205,28.19891],[-83.02141,28.19224],[-83.0202,28.18233],[-83.01717,28.15933],[-83.01427,28.14161],[-83.01251,28.13374],[-83.01311,28.12326],[-83.01316,28.11817],[-83.01293,28.11146],[-83.0123,28.10422],[-83.01173,28.09989],[-83.01072,28.09396],[-83.00961,28.08878],[-83.00941,28.07515],[-83.00875,28.06645],[-83.00819,28.06194],[-83.00682,28.05404],[-83.00562,28.04873],[-83.00466,28.04504],[-83.00139,28.03443],[-82.99924,28.02687],[-82.99937,28.02235],[-82.99929,28.0162],[-82.99746,28.01275],[-82.99757,28.00569],[-82.99845,27.99026],[-83.0015,27.9826],[-83.00419,27.97447],[-83.01017,27.95206],[-83.0144,27.93165],[-83.01853,27.90627],[-83.01935,27.90039],[-83.01998,27.89341],[-83.02034,27.88701],[-83.02054,27.87831],[-83.02046,27.87579],[-83.01908,27.85806],[-83.01795,27.84836],[-83.0173,27.84442],[-83.01597,27.83802],[-83.01181,27.82055],[-83.00929,27.81198],[-83.00695,27.80544],[-83.00329,27.79681],[-82.99668,27.78311],[-82.99389,27.77767],[-82.9899,27.77073],[-82.98215,27.75873],[-82.97758,27.7509],[-82.97529,27.74726],[-82.96981,27.73942],[-82.9655,27.73391],[-82.95847,27.72594],[-82.94821,27.7154],[-82.93174,27.70117],[-82.92424,27.6954],[-82.9205,27.6905],[-82.91522,27.68413],[-82.91522,27.68163],[-82.91593,27.67538],[-82.91641,27.66893],[-82.91739,27.66282],[-82.91986,27.65771],[-82.92222,27.6523],[-82.92409,27.64749],[-82.92677,27.6394],[-82.93096,27.62501],[-82.93284,27.61653],[-82.93365,27.61172],[-82.9346,27.60394],[-82.93491,27.59945],[-82.93515,27.59108],[-82.93493,27.5837],[-82.93391,27.57072],[-82.93292,27.56203],[-82.93132,27.55325],[-82.93015,27.54828],[-82.92878,27.54335],[-82.92595,27.5352],[-82.92417,27.53075],[-82.74955,27.56568],[-82.55565,27.64556],[-82.52569,27.6454],[-82.38471,27.64639],[-82.36901,27.6463],[-82.29834,27.64668],[-82.29051,27.64649],[-82.25327,27.6466],[-82.12491,27.64603],[-82.08924,27.64619],[-82.07734,27.64608],[-82.05727,27.64618],[-82.05435,27.64638],[-82.05436,27.64659],[-82.05421,27.64659],[-82.05446,27.67562],[-82.05486,27.69014],[-82.05498,27.71201],[-82.05509,27.79232],[-82.05497,27.8069],[-82.05528,27.86816],[-82.05534,27.9502],[-82.0556,27.96273],[-82.05564,27.97599],[-82.05594,27.97874],[-82.05596,27.98083],[-82.05595,27.98948],[-82.05551,27.99281],[-82.05585,27.99514],[-82.05594,28.00186],[-82.05591,28.00298],[-82.05562,28.00471],[-82.05559,28.00745],[-82.05575,28.02406],[-82.05565,28.0254],[-82.05593,28.03184],[-82.05604,28.05481],[-82.05624,28.17171],[-82.10585,28.1718],[-82.10584,28.21523],[-82.10621,28.2242],[-82.10624,28.25024],[-82.10621,28.25924],[-82.07597,28.25928],[-82.05553,28.25893],[-82.0555,28.29504],[-82.05585,28.30049],[-82.05582,28.31279],[-82.05555,28.33328],[-82.05529,28.39671],[-82.05469,28.4784]]]},"properties":{"GEOID":"45300","NAME":"Tampa-St. Petersburg-Clearwater, FL Metro Area"}},{"type":"Feature","geometry":{"type":"Polygon","coordinates":[[[-75.48136,39.38755],[-75.47119,39.37502],[-75.46944,39.37315],[-75.44475,39.35509],[-75.41288,39.37511],[-75.40668,39.38029],[-75.40754,39.38279],[-75.40796,39.3858],[-75.40854,39.38725],[-75.40891,39.38756],[-75.40972,39.38769],[-75.4107,39.38749],[-75.4113,39.38717],[-75.41161,39.3867],[-75.41185,39.38493],[-75.41244,39.3844],[-75.41362,39.38448],[-75.41482,39.38526],[-75.41695,39.3875],[-75.41729,39.38867],[-75.41678,39.38934],[-75.41505,39.39042],[-75.4148,39.39079],[-75.41491,39.39121],[-75.4169,39.39238],[-75.4178,39.39323],[-75.418,39.39432],[-75.41775,39.39522],[-75.41728,39.39572],[-75.41686,39.39586],[-75.4157,39.3957],[-75.41351,39.39487],[-75.41158,39.39464],[-75.40936,39.39491],[-75.40865,39.39516],[-75.40746,39.39595],[-75.40717,39.39662],[-75.40737,39.39803],[-75.40845,39.39876],[-75.40988,39.39936],[-75.41111,39.40024],[-75.41124,39.40075],[-75.41116,39.40109],[-75.41078,39.40145],[-75.40947,39.4023],[-75.40668,39.40363],[-75.40592,39.40416],[-75.40521,39.40525],[-75.40504,39.40647],[-75.40507,39.40723],[-75.40535,39.40764],[-75.40977,39.4087],[-75.41085,39.40868],[-75.41129,39.40844],[-75.41172,39.40787],[-75.41181,39.4073],[-75.41168,39.40545],[-75.41301,39.40445],[-75.41369,39.40453],[-75.41429,39.40474],[-75.41512,39.40562],[-75.41519,39.40773],[-75.41562,39.40872],[-75.41706,39.40973],[-75.41891,39.41042],[-75.41941,39.41121],[-75.41956,39.41326],[-75.41925,39.4144],[-75.4188,39.41512],[-75.4179,39.41554],[-75.41644,39.4153],[-75.41542,39.4153],[-75.41478,39.4155],[-75.41427,39.41596],[-75.41435,39.41704],[-75.41473,39.41764],[-75.41488,39.41858],[-75.41491,39.41915],[-75.41476,39.4195],[-75.4112,39.42039],[-75.41113,39.42077],[-75.41234,39.42217],[-75.41234,39.42271],[-75.41198,39.4235],[-75.41128,39.42372],[-75.40875,39.42378],[-75.40834,39.42397],[-75.40817,39.42428],[-75.40828,39.42509],[-75.41016,39.42692],[-75.41038,39.42737],[-75.40997,39.42872],[-75.41011,39.43017],[-75.41085,39.43097],[-75.41148,39.4311],[-75.41244,39.43086],[-75.41385,39.42889],[-75.41503,39.42872],[-75.41639,39.42908],[-75.41768,39.42969],[-75.41809,39.43134],[-75.41882,39.4323],[-75.41841,39.43311],[-75.41791,39.43364],[-75.41715,39.43408],[-75.41616,39.43436],[-75.41292,39.43331],[-75.41198,39.43341],[-75.41156,39.43367],[-75.40964,39.43672],[-75.40939,39.43754],[-75.40972,39.43842],[-75.41049,39.4386],[-75.41277,39.43781],[-75.41416,39.43697],[-75.41525,39.43726],[-75.4166,39.43847],[-75.41674,39.43911],[-75.41645,39.43988],[-75.4161,39.44014],[-75.4156,39.44018],[-75.41427,39.43959],[-75.41326,39.43948],[-75.41197,39.43984],[-75.41015,39.44166],[-75.40921,39.44306],[-75.41008,39.44395],[-75.41062,39.44419],[-75.41157,39.44544],[-75.41161,39.4467],[-75.41148,39.44743],[-75.41048,39.44916],[-75.41027,39.45002],[-75.41048,39.45044],[-75.41104,39.45062],[-75.41404,39.45064],[-75.41438,39.45095],[-75.41466,39.45147],[-75.41469,39.45226],[-75.41386,39.45366],[-75.41219,39.45466],[-75.41113,39.45563],[-75.41023,39.45673],[-75.40779,39.45872],[-75.40434,39.46044],[-75.40267,39.46158],[-75.39983,39.46227],[-75.39921,39.46208],[-75.39859,39.46155],[-75.39408,39.4598],[-75.39281,39.45949],[-75.39132,39.45936],[-75.38755,39.45832],[-75.38656,39.45784],[-75.38446,39.45799],[-75.38199,39.45787],[-75.38124,39.45819],[-75.38074,39.45866],[-75.37952,39.45855],[-75.37919,39.45808],[-75.37909,39.45722],[-75.37763,39.45708],[-75.37615,39.4563],[-75.37572,39.45627],[-75.37538,39.45569],[-75.37436,39.45513],[-75.3731,39.45578],[-75.37176,39.45584],[-75.37132,39.45603],[-75.37055,39.45605],[-75.37002,39.4563],[-75.36922,39.45623],[-75.36884,39.45644],[-75.36821,39.45648],[-75.36769,39.45727],[-75.36627,39.45826],[-75.36614,39.45862],[-75.36574,39.45898],[-75.36561,39.46002],[-75.36518,39.46013],[-75.36472,39.46048],[-75.36468,39.46096],[-75.36317,39.46219],[-75.36308,39.46281],[-75.36329,39.46319],[-75.36315,39.46443],[-75.36234,39.46476],[-75.36198,39.46509],[-75.36116,39.46532],[-75.3612,39.46556],[-75.36153,39.46562],[-75.3618,39.46607],[-75.36116,39.46637],[-75.36035,39.46617],[-75.36021,39.46675],[-75.35989,39.46706],[-75.35968,39.46763],[-75.3582,39.46817],[-75.35827,39.46843],[-75.35774,39.46884],[-75.35709,39.47026],[-75.35483,39.4705],[-75.35299,39.47031],[-75.35225,39.47077],[-75.35122,39.47182],[-75.35101,39.47247],[-75.35121,39.47368],[-75.35058,39.47516],[-75.35103,39.47616],[-75.35009,39.47886],[-75.34998,39.47976],[-75.34955,39.48015],[-75.34872,39.48043],[-75.34866,39.48082],[-75.34812,39.48144],[-75.348,39.48194],[-75.34761,39.48242],[-75.34682,39.4829],[-75.34675,39.48323],[-75.34648,39.48332],[-75.34635,39.48391],[-75.34394,39.48573],[-75.34387,39.48597],[-75.34404,39.48621],[-75.34389,39.48729],[-75.34417,39.48782],[-75.34421,39.48866],[-75.34238,39.49062],[-75.338,39.49053],[-75.33718,39.48979],[-75.33698,39.48938],[-75.33607,39.48873],[-75.33533,39.48844],[-75.3345,39.4886],[-75.33325,39.48925],[-75.33076,39.48954],[-75.32782,39.48921],[-75.32695,39.48857],[-75.32639,39.48844],[-75.32552,39.48876],[-75.32322,39.49009],[-75.31956,39.49134],[-75.31802,39.49204],[-75.31598,39.49352],[-75.31176,39.4974],[-75.31055,39.49827],[-75.30933,39.49964],[-75.30533,39.50262],[-75.30517,39.50279],[-75.30509,39.50344],[-75.29391,39.51155],[-75.27749,39.52538],[-75.27044,39.5309],[-75.23843,39.55904],[-75.17792,39.52106],[-75.10853,39.47391],[-75.08387,39.45738],[-75.08383,39.45755],[-75.08334,39.45753],[-75.08317,39.45777],[-75.08346,39.45801],[-75.08347,39.45828],[-75.08277,39.45914],[-75.0821,39.45904],[-75.08171,39.45945],[-75.08185,39.45967],[-75.08177,39.45994],[-75.08089,39.46001],[-75.08029,39.46048],[-75.08043,39.46079],[-75.08089,39.46102],[-75.08077,39.46209],[-75.08045,39.46233],[-75.08046,39.46257],[-75.08126,39.46267],[-75.08133,39.46289],[-75.08106,39.46373],[-75.08187,39.46391],[-75.08122,39.46421],[-75.08114,39.46443],[-75.08199,39.46467],[-75.08157,39.46507],[-75.08182,39.46539],[-75.08144,39.46576],[-75.08165,39.46646],[-75.08128,39.46756],[-75.08071,39.4675],[-75.08064,39.46787],[-75.07987,39.46802],[-75.07963,39.46823],[-75.07962,39.46838],[-75.08014,39.4688],[-75.08003,39.46945],[-75.08076,39.46961],[-75.08079,39.47007],[-75.08039,39.47038],[-75.08071,39.47097],[-75.08028,39.47125],[-75.08063,39.47155],[-75.08063,39.47179],[-75.07997,39.47215],[-75.07869,39.4724],[-75.07854,39.47295],[-75.07803,39.47334],[-75.07807,39.47377],[-75.07887,39.47404],[-75.07895,39.4743],[-75.07887,39.47451],[-75.07834,39.47455],[-75.07816,39.47508],[-75.07822,39.47577],[-75.07806,39.47637],[-75.07842,39.47686],[-75.07813,39.47701],[-75.07793,39.47682],[-75.07704,39.4766],[-75.07687,39.47675],[-75.07684,39.47711],[-75.07752,39.47723],[-75.07748,39.47748],[-75.07693,39.47776],[-75.07731,39.47879],[-75.07669,39.47877],[-75.07643,39.4793],[-75.07595,39.47923],[-75.07574,39.47977],[-75.07591,39.48084],[-75.07578,39.4812],[-75.07608,39.48152],[-75.0746,39.48213],[-75.07457,39.4828],[-75.07396,39.48329],[-75.07448,39.48369],[-75.07445,39.48399],[-75.07338,39.4845],[-75.07338,39.48467],[-75.07377,39.4848],[-75.07387,39.48501],[-75.07372,39.48518],[-75.0733,39.48513],[-75.07318,39.48531],[-75.0733,39.48554],[-75.07434,39.48611],[-75.07396,39.48654],[-75.07429,39.48685],[-75.07427,39.48736],[-75.07473,39.48752],[-75.07525,39.48873],[-75.07519,39.48897],[-75.07451,39.48903],[-75.07434,39.48927],[-75.07542,39.4897],[-75.07528,39.48991],[-75.07483,39.48992],[-75.07465,39.49021],[-75.07468,39.49051],[-75.07515,39.49083],[-75.07502,39.49124],[-75.0737,39.49147],[-75.07424,39.49205],[-75.07385,39.49224],[-75.07385,39.49259],[-75.07471,39.49306],[-75.07443,39.4935],[-75.07455,39.49365],[-75.07501,39.49399],[-75.07547,39.49399],[-75.07586,39.49444],[-75.07639,39.49607],[-75.07689,39.49679],[-75.07732,39.49694],[-75.07782,39.49682],[-75.07854,39.4971],[-75.07834,39.49751],[-75.07865,39.49777],[-75.07871,39.49806],[-75.07828,39.49845],[-75.0785,39.49859],[-75.07882,39.49839],[-75.07907,39.49855],[-75.07901,39.49902],[-75.07863,39.49944],[-75.07928,39.4995],[-75.07923,39.5001],[-75.07977,39.50118],[-75.07945,39.50172],[-75.0788,39.50212],[-75.07887,39.50266],[-75.07819,39.50283],[-75.07861,39.50322],[-75.07863,39.50361],[-75.07772,39.50387],[-75.07772,39.50416],[-75.07811,39.50441],[-75.07686,39.5049],[-75.07717,39.50526],[-75.0777,39.50512],[-75.07807,39.50525],[-75.07709,39.50607],[-75.07788,39.50646],[-75.078,39.50678],[-75.07767,39.50728],[-75.07722,39.50711],[-75.07663,39.50771],[-75.07672,39.50792],[-75.07724,39.50806],[-75.07672,39.50855],[-75.07766,39.50901],[-75.07746,39.50942],[-75.07786,39.50985],[-75.07732,39.50998],[-75.07753,39.51035],[-75.07741,39.51086],[-75.07714,39.51116],[-75.07738,39.51134],[-75.07777,39.51114],[-75.07796,39.51119],[-75.07775,39.51166],[-75.07804,39.51216],[-75.0778,39.51237],[-75.07726,39.51228],[-75.07747,39.51258],[-75.07742,39.51282],[-75.07717,39.51315],[-75.07671,39.51328],[-75.07691,39.51389],[-75.07722,39.51396],[-75.0772,39.51422],[-75.07674,39.51423],[-75.07602,39.51468],[-75.07588,39.51514],[-75.07545,39.51512],[-75.07545,39.51556],[-75.07563,39.5158],[-75.07511,39.51608],[-75.07543,39.51659],[-75.07532,39.51702],[-75.07505,39.51728],[-75.07555,39.51774],[-75.07499,39.51808],[-75.07553,39.51824],[-75.07567,39.51884],[-75.07492,39.51897],[-75.07477,39.51918],[-75.07528,39.51965],[-75.07436,39.51966],[-75.07432,39.51996],[-75.07474,39.52017],[-75.07474,39.52035],[-75.07437,39.52042],[-75.07429,39.52084],[-75.07377,39.52081],[-75.07385,39.52118],[-75.07295,39.52185],[-75.073,39.52247],[-75.07248,39.52276],[-75.07254,39.52289],[-75.07288,39.52286],[-75.07292,39.52354],[-75.07224,39.52377],[-75.07222,39.52428],[-75.07286,39.52429],[-75.07272,39.52471],[-75.0725,39.52484],[-75.07282,39.5253],[-75.07261,39.52571],[-75.07309,39.52591],[-75.07286,39.52622],[-75.07329,39.52647],[-75.0734,39.52672],[-75.07314,39.52713],[-75.07358,39.52739],[-75.07297,39.52766],[-75.07288,39.52799],[-75.07257,39.52818],[-75.07284,39.52859],[-75.07199,39.52915],[-75.0723,39.52952],[-75.07178,39.53021],[-75.07243,39.5306],[-75.07246,39.53076],[-75.07111,39.53151],[-75.07161,39.53182],[-75.07125,39.53197],[-75.0711,39.53251],[-75.07143,39.53266],[-75.07225,39.53261],[-75.07209,39.53353],[-75.07252,39.53382],[-75.07242,39.53433],[-75.0727,39.53593],[-75.07258,39.53609],[-75.07219,39.53587],[-75.0719,39.53628],[-75.07136,39.53649],[-75.07143,39.53667],[-75.07191,39.53671],[-75.07181,39.53721],[-75.07214,39.53757],[-75.07188,39.53786],[-75.07199,39.53816],[-75.07157,39.53827],[-75.07159,39.53892],[-75.0712,39.53925],[-75.0713,39.5395],[-75.07103,39.54015],[-75.07163,39.54017],[-75.07182,39.54099],[-75.07162,39.54137],[-75.0722,39.54169],[-75.07234,39.54241],[-75.07291,39.54291],[-75.07295,39.54313],[-75.07318,39.54313],[-75.07348,39.54276],[-75.07374,39.54284],[-75.07375,39.54328],[-75.07324,39.54373],[-75.07358,39.54379],[-75.07369,39.54406],[-75.07436,39.54426],[-75.07448,39.54451],[-75.07404,39.54493],[-75.07403,39.5452],[-75.07355,39.54533],[-75.07396,39.54558],[-75.07383,39.54585],[-75.07409,39.54612],[-75.07373,39.54611],[-75.07332,39.54645],[-75.07339,39.54664],[-75.07387,39.54656],[-75.07364,39.54737],[-75.07319,39.5477],[-75.07248,39.54868],[-75.07151,39.54869],[-75.07153,39.54891],[-75.07099,39.55004],[-75.07106,39.55054],[-75.06987,39.55312],[-75.06854,39.55454],[-75.06794,39.55552],[-75.06697,39.55601],[-75.06636,39.55657],[-75.0665,39.55706],[-75.06623,39.55712],[-75.06605,39.5576],[-75.06633,39.55799],[-75.0659,39.55859],[-75.06621,39.55971],[-75.06627,39.56112],[-75.06543,39.56185],[-75.06486,39.56326],[-75.06446,39.56387],[-75.06462,39.5643],[-75.06437,39.56449],[-75.06445,39.56475],[-75.06329,39.56544],[-75.06303,39.5664],[-75.06272,39.56667],[-75.0625,39.56735],[-75.06207,39.56792],[-75.06185,39.56875],[-74.98527,39.51497],[-74.88051,39.60556],[-74.73622,39.72977],[-74.72386,39.72206],[-74.67614,39.69162],[-74.67621,39.69149],[-74.67546,39.69056],[-74.67529,39.68997],[-74.67457,39.6896],[-74.67483,39.68909],[-74.67478,39.68889],[-74.67441,39.68858],[-74.67382,39.68869],[-74.67337,39.68844],[-74.67344,39.68814],[-74.67388,39.68797],[-74.67349,39.68769],[-74.6739,39.68755],[-74.67332,39.68651],[-74.67299,39.68629],[-74.67254,39.68645],[-74.67136,39.68565],[-74.67156,39.68475],[-74.67094,39.68502],[-74.67071,39.68549],[-74.67032,39.68554],[-74.67009,39.68537],[-74.67002,39.68493],[-74.66937,39.68495],[-74.66939,39.68413],[-74.66925,39.68389],[-74.66785,39.68361],[-74.66767,39.68251],[-74.66722,39.68185],[-74.66623,39.6814],[-74.66632,39.68122],[-74.66682,39.68116],[-74.66648,39.68084],[-74.66607,39.67997],[-74.6653,39.67986],[-74.66517,39.67952],[-74.66543,39.67932],[-74.66539,39.67901],[-74.66479,39.67842],[-74.66478,39.67815],[-74.66509,39.67774],[-74.66462,39.67736],[-74.66432,39.67673],[-74.6646,39.67622],[-74.6652,39.67604],[-74.66475,39.67419],[-74.66446,39.67385],[-74.66394,39.67379],[-74.66398,39.67332],[-74.66364,39.6726],[-74.66303,39.67255],[-74.66269,39.67202],[-74.66204,39.6724],[-74.66183,39.67167],[-74.66277,39.67164],[-74.66295,39.67147],[-74.66291,39.67111],[-74.66232,39.67064],[-74.66184,39.67057],[-74.6611,39.6701],[-74.66109,39.66993],[-74.66144,39.6696],[-74.66041,39.6687],[-74.66056,39.66806],[-74.65979,39.6678],[-74.66025,39.66739],[-74.66013,39.66636],[-74.66031,39.666],[-74.66012,39.66567],[-74.66039,39.6654],[-74.66032,39.6652],[-74.65972,39.66512],[-74.65953,39.66494],[-74.65996,39.6643],[-74.65986,39.664],[-74.65932,39.66375],[-74.65964,39.66324],[-74.65947,39.66276],[-74.65969,39.66261],[-74.65861,39.66218],[-74.6585,39.66178],[-74.65785,39.66133],[-74.65794,39.66094],[-74.65855,39.66111],[-74.65865,39.66091],[-74.65837,39.66066],[-74.65775,39.66064],[-74.6577,39.66047],[-74.65818,39.66012],[-74.65856,39.66033],[-74.65911,39.66007],[-74.65851,39.65931],[-74.65905,39.65897],[-74.65872,39.65853],[-74.65902,39.65796],[-74.65848,39.6577],[-74.65853,39.65729],[-74.65823,39.65691],[-74.65876,39.65658],[-74.65917,39.65605],[-74.65926,39.65533],[-74.65876,39.65507],[-74.65846,39.6539],[-74.65863,39.65349],[-74.6592,39.6534],[-74.66038,39.65258],[-74.66024,39.6523],[-74.65974,39.65208],[-74.65971,39.65192],[-74.65995,39.65174],[-74.6599,39.65155],[-74.65878,39.65181],[-74.65854,39.65167],[-74.65853,39.65146],[-74.65878,39.65113],[-74.65876,39.65062],[-74.65821,39.65059],[-74.65809,39.65044],[-74.65829,39.64989],[-74.65871,39.64996],[-74.65884,39.64981],[-74.6581,39.6489],[-74.65897,39.64881],[-74.6587,39.64833],[-74.65894,39.64793],[-74.65873,39.64766],[-74.65914,39.64739],[-74.65934,39.64673],[-74.65901,39.64646],[-74.6589,39.646],[-74.65773,39.64578],[-74.65752,39.64526],[-74.65709,39.64484],[-74.65706,39.64433],[-74.65718,39.64402],[-74.65782,39.64397],[-74.65768,39.64346],[-74.65835,39.6434],[-74.65831,39.6432],[-74.65757,39.64286],[-74.65753,39.64262],[-74.65869,39.642],[-74.65889,39.64115],[-74.65964,39.64083],[-74.65966,39.64055],[-74.65927,39.63971],[-74.65997,39.63924],[-74.65992,39.63897],[-74.65957,39.63866],[-74.65933,39.63802],[-74.65894,39.63753],[-74.65831,39.63582],[-74.65862,39.63501],[-74.65875,39.63411],[-74.65918,39.63324],[-74.65937,39.63158],[-74.6593,39.63123],[-74.65887,39.63098],[-74.65762,39.63099],[-74.65668,39.63134],[-74.65613,39.63131],[-74.65536,39.63086],[-74.65523,39.63029],[-74.65459,39.63008],[-74.65444,39.62983],[-74.65474,39.62944],[-74.65458,39.6288],[-74.65508,39.62795],[-74.65502,39.62712],[-74.6548,39.62685],[-74.65439,39.62676],[-74.65371,39.62695],[-74.65336,39.62661],[-74.65307,39.62655],[-74.65167,39.62744],[-74.65124,39.62823],[-74.65089,39.62853],[-74.64889,39.62899],[-74.64836,39.62832],[-74.64767,39.62797],[-74.64745,39.62766],[-74.64752,39.62745],[-74.6482,39.62728],[-74.64854,39.62691],[-74.64846,39.62658],[-74.64766,39.62588],[-74.64765,39.62566],[-74.64797,39.62526],[-74.64788,39.62501],[-74.6468,39.6249],[-74.64526,39.62521],[-74.64479,39.62545],[-74.64442,39.62593],[-74.64409,39.62603],[-74.64321,39.62577],[-74.64187,39.62588],[-74.64049,39.62565],[-74.63997,39.62534],[-74.63992,39.62485],[-74.641,39.62427],[-74.64101,39.62364],[-74.64032,39.62269],[-74.63948,39.62243],[-74.63859,39.6227],[-74.63729,39.62341],[-74.63691,39.62456],[-74.63559,39.62712],[-74.63481,39.62797],[-74.63415,39.62807],[-74.63205,39.62668],[-74.63141,39.62549],[-74.6314,39.62501],[-74.63204,39.62214],[-74.63187,39.62131],[-74.63077,39.62043],[-74.62877,39.62009],[-74.62761,39.62039],[-74.62623,39.62182],[-74.62554,39.62311],[-74.62475,39.62576],[-74.62445,39.62616],[-74.62285,39.62672],[-74.62202,39.62682],[-74.62103,39.62669],[-74.61633,39.62344],[-74.61482,39.62315],[-74.61186,39.62306],[-74.611,39.62277],[-74.59581,39.61394],[-74.59307,39.61284],[-74.58952,39.61213],[-74.58848,39.61166],[-74.58761,39.61094],[-74.58699,39.60995],[-74.58639,39.60657],[-74.58579,39.60554],[-74.58458,39.60466],[-74.58057,39.60319],[-74.58017,39.60286],[-74.57794,39.59956],[-74.57666,39.5986],[-74.57575,39.5984],[-74.57296,39.59889],[-74.57171,39.59894],[-74.56991,39.59861],[-74.56478,39.59688],[-74.56376,39.59671],[-74.55889,39.59729],[-74.55562,39.59843],[-74.5539,39.59841],[-74.55324,39.59774],[-74.54865,39.58979],[-74.54704,39.58836],[-74.54335,39.58672],[-74.54198,39.58582],[-74.54268,39.58149],[-74.54278,39.58038],[-74.54264,39.57912],[-74.54157,39.57673],[-74.54056,39.57561],[-74.5397,39.57499],[-74.53851,39.57452],[-74.53434,39.57407],[-74.53315,39.57378],[-74.53182,39.57287],[-74.5291,39.57022],[-74.52764,39.56963],[-74.52562,39.56935],[-74.52406,39.56942],[-74.52171,39.57025],[-74.51949,39.57176],[-74.51787,39.57361],[-74.51735,39.57401],[-74.51617,39.57427],[-74.51479,39.574],[-74.51404,39.57348],[-74.51264,39.57054],[-74.51223,39.56995],[-74.51171,39.56954],[-74.51092,39.56926],[-74.51003,39.56925],[-74.50713,39.56977],[-74.50592,39.56965],[-74.50449,39.5692],[-74.50324,39.56833],[-74.5,39.56446],[-74.49547,39.56203],[-74.49487,39.56134],[-74.49446,39.56041],[-74.49446,39.55856],[-74.49409,39.55641],[-74.49337,39.55574],[-74.49279,39.55559],[-74.49096,39.55574],[-74.48635,39.55821],[-74.48443,39.55863],[-74.48294,39.55854],[-74.48155,39.55794],[-74.4805,39.55704],[-74.479,39.55442],[-74.47787,39.55309],[-74.47666,39.55203],[-74.47566,39.55146],[-74.47404,39.55122],[-74.47283,39.55143],[-74.4721,39.5518],[-74.46776,39.55567],[-74.46708,39.55607],[-74.46556,39.55648],[-74.463,39.55644],[-74.46193,39.55591],[-74.46122,39.55514],[-74.46075,39.55428],[-74.4604,39.55042],[-74.45958,39.54858],[-74.45877,39.54783],[-74.45792,39.54747],[-74.45609,39.54727],[-74.45423,39.5478],[-74.45345,39.54857],[-74.45302,39.55144],[-74.45332,39.55373],[-74.45329,39.55512],[-74.45261,39.55691],[-74.4517,39.55789],[-74.45076,39.55846],[-74.44893,39.55899],[-74.44672,39.55906],[-74.44556,39.55857],[-74.44485,39.55808],[-74.44389,39.55686],[-74.4435,39.55543],[-74.44357,39.55476],[-74.44512,39.55204],[-74.44613,39.54974],[-74.44614,39.54787],[-74.44573,39.54635],[-74.44477,39.54524],[-74.44251,39.54321],[-74.44088,39.54211],[-74.43953,39.54162],[-74.4375,39.5412],[-74.43612,39.54127],[-74.43522,39.54151],[-74.43445,39.54196],[-74.43375,39.54273],[-74.43345,39.54384],[-74.43354,39.54457],[-74.43426,39.54658],[-74.43503,39.54762],[-74.4375,39.55021],[-74.43854,39.55165],[-74.43873,39.55274],[-74.43837,39.55352],[-74.4375,39.55422],[-74.43572,39.55529],[-74.43493,39.55552],[-74.43347,39.55563],[-74.43274,39.55553],[-74.43182,39.55517],[-74.42842,39.55332],[-74.42753,39.55313],[-74.42656,39.55316],[-74.42539,39.55352],[-74.4249,39.55385],[-74.42365,39.55479],[-74.42205,39.55635],[-74.42082,39.5572],[-74.41985,39.55753],[-74.41886,39.55758],[-74.41739,39.55725],[-74.4166,39.55921],[-74.41518,39.56017],[-74.4144,39.56098],[-74.41414,39.56161],[-74.4141,39.5624],[-74.41471,39.56324],[-74.41597,39.56355],[-74.4171,39.56411],[-74.41779,39.56527],[-74.41833,39.56701],[-74.41909,39.56783],[-74.41904,39.56837],[-74.41599,39.57046],[-74.41525,39.57054],[-74.41331,39.57018],[-74.41273,39.57022],[-74.41039,39.57102],[-74.40987,39.57086],[-74.40892,39.5696],[-74.40844,39.56943],[-74.40666,39.56929],[-74.40547,39.5695],[-74.40421,39.5701],[-74.40315,39.57178],[-74.40145,39.57201],[-74.40082,39.57224],[-74.40052,39.57332],[-74.39997,39.57362],[-74.39987,39.57401],[-74.39912,39.57518],[-74.39901,39.57584],[-74.39819,39.57647],[-74.39768,39.57767],[-74.39755,39.57984],[-74.39781,39.58049],[-74.3977,39.58134],[-74.39688,39.58229],[-74.39688,39.58316],[-74.39659,39.58362],[-74.39669,39.58456],[-74.39629,39.58487],[-74.39637,39.5852],[-74.39611,39.58571],[-74.39607,39.58628],[-74.39555,39.58666],[-74.39557,39.58695],[-74.39531,39.58718],[-74.39537,39.58742],[-74.39519,39.58759],[-74.39535,39.58793],[-74.39519,39.58823],[-74.39497,39.58829],[-74.39506,39.58867],[-74.39486,39.58905],[-74.39451,39.58912],[-74.39412,39.58963],[-74.3942,39.59035],[-74.3923,39.59456],[-74.39111,39.59535],[-74.3904,39.59604],[-74.38971,39.77328],[-74.41178,39.81338],[-74.41514,39.81975],[-74.41657,39.82208],[-74.42941,39.8454],[-74.43422,39.85516],[-74.47151,39.92492],[-74.50648,39.99144],[-74.52869,40.03745],[-74.53305,40.04525],[-74.53981,40.05675],[-74.56566,40.10045],[-74.57951,40.12354],[-74.58574,40.13468],[-74.58659,40.13646],[-74.58784,40.13825],[-74.58865,40.13805],[-74.58957,40.13806],[-74.58976,40.13841],[-74.58954,40.13882],[-74.59,40.13896],[-74.59024,40.13855],[-74.59141,40.13779],[-74.59178,40.13792],[-74.59208,40.13847],[-74.59237,40.13859],[-74.59267,40.13836],[-74.59252,40.13789],[-74.59262,40.13773],[-74.59316,40.13789],[-74.59418,40.13751],[-74.59468,40.13775],[-74.59504,40.13836],[-74.59527,40.13839],[-74.59551,40.13806],[-74.59561,40.13751],[-74.59586,40.13739],[-74.59674,40.1375],[-74.5977,40.13795],[-74.59888,40.13718],[-74.60211,40.13678],[-74.6024,40.13694],[-74.60276,40.13826],[-74.60307,40.13857],[-74.60393,40.13865],[-74.60516,40.13851],[-74.60604,40.13886],[-74.60678,40.13846],[-74.6073,40.13868],[-74.60764,40.13939],[-74.60752,40.13961],[-74.60668,40.14009],[-74.60665,40.14044],[-74.60696,40.1407],[-74.60822,40.14047],[-74.60884,40.14009],[-74.61031,40.13964],[-74.61376,40.14074],[-74.6152,40.14051],[-74.61574,40.14099],[-74.61546,40.14161],[-74.61554,40.14181],[-74.61722,40.14126],[-74.61863,40.14053],[-74.61942,40.14056],[-74.62033,40.14129],[-74.6218,40.14112],[-74.62254,40.14195],[-74.62288,40.14193],[-74.62334,40.14221],[-74.62338,40.14271],[-74.62242,40.14343],[-74.62232,40.14366],[-74.62255,40.14413],[-74.62205,40.1445],[-74.62199,40.14472],[-74.62325,40.14584],[-74.6234,40.14616],[-74.62316,40.14864],[-74.62352,40.1491],[-74.62464,40.14914],[-74.62539,40.14958],[-74.62706,40.14955],[-74.6275,40.14934],[-74.62729,40.14892],[-74.62749,40.1486],[-74.62867,40.14853],[-74.63007,40.14869],[-74.63024,40.1489],[-74.63003,40.1495],[-74.63072,40.14939],[-74.63111,40.14949],[-74.63103,40.14973],[-74.63061,40.14996],[-74.63059,40.15015],[-74.63161,40.15043],[-74.63262,40.14982],[-74.63317,40.14902],[-74.63367,40.14898],[-74.63403,40.14946],[-74.63399,40.14988],[-74.63368,40.1504],[-74.63433,40.15084],[-74.63485,40.15154],[-74.63543,40.15162],[-74.63634,40.15117],[-74.63806,40.15196],[-74.63824,40.15285],[-74.63823,40.15398],[-74.63848,40.15434],[-74.64015,40.1544],[-74.64094,40.1547],[-74.64124,40.15526],[-74.64192,40.15529],[-74.64288,40.15472],[-74.64295,40.15451],[-74.64276,40.15418],[-74.64301,40.1541],[-74.64459,40.15467],[-74.64469,40.15489],[-74.6445,40.15539],[-74.6457,40.15598],[-74.64617,40.15601],[-74.64622,40.15583],[-74.64593,40.15551],[-74.64618,40.15535],[-74.6471,40.15566],[-74.64804,40.15555],[-74.64869,40.15565],[-74.64996,40.15765],[-74.6509,40.15797],[-74.65104,40.1586],[-74.65224,40.159],[-74.65425,40.15833],[-74.65474,40.15864],[-74.65483,40.15955],[-74.65516,40.1599],[-74.65595,40.16036],[-74.657,40.16052],[-74.65743,40.16085],[-74.65829,40.16092],[-74.65856,40.16136],[-74.65919,40.16159],[-74.6592,40.16209],[-74.65935,40.16227],[-74.66016,40.1624],[-74.66102,40.16203],[-74.66139,40.16211],[-74.66157,40.16242],[-74.66157,40.16353],[-74.66201,40.16427],[-74.66207,40.16503],[-74.66233,40.16521],[-74.66366,40.16538],[-74.66445,40.16487],[-74.66532,40.16464],[-74.66547,40.16486],[-74.66506,40.16555],[-74.66538,40.16608],[-74.66575,40.16611],[-74.66615,40.16575],[-74.66729,40.1657],[-74.66748,40.16588],[-74.6674,40.16645],[-74.66835,40.16675],[-74.66953,40.16655],[-74.66959,40.16594],[-74.66929,40.16539],[-74.66939,40.16523],[-74.6697,40.16523],[-74.67139,40.16591],[-74.67141,40.16613],[-74.67083,40.16661],[-74.67084,40.16689],[-74.67107,40.16705],[-74.67179,40.16656],[-74.67219,40.16651],[-74.67253,40.16659],[-74.67302,40.16708],[-74.67336,40.1671],[-74.67408,40.16602],[-74.67464,40.16601],[-74.67573,40.16567],[-74.67743,40.16607],[-74.67766,40.16634],[-74.67765,40.16669],[-74.67675,40.16852],[-74.67634,40.16861],[-74.67592,40.16833],[-74.67553,40.16836],[-74.67439,40.16969],[-74.67438,40.17018],[-74.67578,40.17251],[-74.67453,40.17326],[-74.67444,40.1736],[-74.67508,40.17369],[-74.67667,40.17343],[-74.67911,40.1735],[-74.68059,40.17479],[-74.6807,40.1754],[-74.6805,40.17591],[-74.68062,40.17604],[-74.68127,40.17624],[-74.68153,40.17561],[-74.68186,40.17529],[-74.68225,40.17518],[-74.68273,40.17533],[-74.68287,40.17569],[-74.68264,40.17665],[-74.68362,40.17705],[-74.68472,40.17805],[-74.68508,40.1779],[-74.68521,40.17665],[-74.68443,40.17562],[-74.68476,40.17538],[-74.68554,40.17528],[-74.68577,40.17538],[-74.6865,40.17698],[-74.68697,40.17732],[-74.68733,40.17733],[-74.68792,40.17706],[-74.68917,40.17735],[-74.69027,40.17691],[-74.69079,40.17696],[-74.6918,40.17807],[-74.69185,40.17874],[-74.69207,40.1791],[-74.69241,40.1793],[-74.69328,40.17947],[-74.69471,40.17903],[-74.69617,40.17893],[-74.6965,40.17915],[-74.69648,40.17943],[-74.69573,40.18],[-74.69477,40.18131],[-74.6946,40.18175],[-74.69468,40.1822],[-74.69533,40.18268],[-74.69605,40.18276],[-74.69786,40.18228],[-74.6989,40.18228],[-74.69918,40.18242],[-74.69979,40.18339],[-74.70042,40.18365],[-74.70076,40.1836],[-74.7015,40.18297],[-74.70253,40.18243],[-74.70571,40.18188],[-74.70828,40.1819],[-74.7101,40.18128],[-74.71107,40.18071],[-74.71116,40.17968],[-74.70986,40.17892],[-74.70974,40.17875],[-74.70978,40.17827],[-74.71133,40.17613],[-74.71266,40.17547],[-74.71283,40.17474],[-74.71267,40.17441],[-74.71186,40.17389],[-74.71086,40.17285],[-74.70875,40.17223],[-74.70842,40.17185],[-74.70839,40.17149],[-74.70889,40.17031],[-74.71027,40.16931],[-74.71067,40.16862],[-74.71078,40.16805],[-74.71063,40.16738],[-74.71035,40.16695],[-74.70977,40.16656],[-74.70839,40.16667],[-74.70804,40.16684],[-74.70645,40.16854],[-74.70576,40.16898],[-74.70495,40.1691],[-74.70421,40.16873],[-74.70418,40.16848],[-74.70627,40.16179],[-74.70689,40.16085],[-74.70899,40.15957],[-74.71032,40.15776],[-74.71101,40.15714],[-74.71247,40.15639],[-74.71328,40.15573],[-74.71349,40.15518],[-74.71342,40.15355],[-74.71387,40.15265],[-74.71797,40.15016],[-74.71969,40.14994],[-74.72115,40.15003],[-74.72205,40.15031],[-74.72191,40.15272],[-74.72158,40.15404],[-74.72152,40.15857],[-74.72233,40.16073],[-74.7338,40.17451],[-74.7372,40.17761],[-74.74411,40.18101],[-74.7495,40.18251],[-74.7517,40.18331],[-74.7517,40.18381],[-74.7543,40.18521],[-74.7556,40.18671],[-74.75691,40.18941],[-74.75951,40.19691],[-74.76061,40.19891],[-74.76344,40.2026],[-74.76727,40.20708],[-74.76796,40.20835],[-74.76859,40.21043],[-74.76928,40.21189],[-74.77144,40.21518],[-74.77265,40.2157],[-74.77366,40.2165],[-74.77401,40.21706],[-74.78121,40.22151],[-74.78901,40.22601],[-74.79531,40.22941],[-74.80521,40.23341],[-74.81951,40.23851],[-74.82391,40.24151],[-74.83631,40.24621],[-74.84231,40.25051],[-74.84801,40.26171],[-74.85163,40.26708],[-74.85311,40.26971],[-74.85648,40.27735],[-74.8594,40.28234],[-74.86049,40.28458],[-74.86469,40.29068],[-74.86821,40.29521],[-74.88061,40.30561],[-74.88711,40.31031],[-74.89161,40.31301],[-74.89641,40.31511],[-74.90331,40.31561],[-74.90831,40.31691],[-74.91741,40.32241],[-74.92681,40.32941],[-74.93311,40.33311],[-74.93971,40.33801],[-74.94284,40.34151],[-74.94404,40.34371],[-74.94452,40.34506],[-74.94536,40.34877],[-74.94535,40.3521],[-74.94583,40.35507],[-74.94712,40.36021],[-74.9489,40.36506],[-74.9516,40.37045],[-74.95208,40.37178],[-74.95334,40.37428],[-74.95425,40.37678],[-74.95578,40.38003],[-74.95848,40.38398],[-74.96148,40.38894],[-74.96307,40.39335],[-74.96397,40.3952],[-74.96496,40.39657],[-74.96655,40.39815],[-74.9675,40.39881],[-74.96875,40.3994],[-74.97358,40.40077],[-74.97737,40.40203],[-74.98313,40.4046],[-74.98424,40.40529],[-74.98612,40.40699],[-74.98841,40.40849],[-74.99164,40.40958],[-74.99387,40.41013],[-74.99586,40.41038],[-74.99811,40.41029],[-75.0,40.40978],[-75.00235,40.40831],[-75.00405,40.40752],[-75.00744,40.4076],[-75.02303,40.40369],[-75.02571,40.40348],[-75.02863,40.40397],[-75.03178,40.40481],[-75.03443,40.40607],[-75.03491,40.40639],[-75.0355,40.40744],[-75.04231,40.411],[-75.0442,40.41278],[-75.04553,40.41368],[-75.04728,40.41434],[-75.0525,40.41533],[-75.05483,40.41606],[-75.05762,40.41734],[-75.05858,40.41819],[-75.06092,40.42174],[-75.06183,40.4241],[-75.06213,40.42532],[-75.06229,40.43011],[-75.06309,40.43331],[-75.06438,40.4364],[-75.06416,40.43816],[-75.06467,40.43995],[-75.06557,40.44184],[-75.06595,40.44527],[-75.06651,40.44718],[-75.06722,40.4483],[-75.0677,40.44967],[-75.06903,40.45222],[-75.07061,40.4562],[-75.07068,40.45679],[-75.07028,40.45877],[-75.06817,40.46216],[-75.06702,40.46531],[-75.06706,40.4666],[-75.06745,40.4675],[-75.06766,40.4685],[-75.06802,40.47138],[-75.06792,40.47291],[-75.06771,40.47367],[-75.0671,40.47432],[-75.06612,40.47496],[-75.06479,40.47648],[-75.0633,40.47894],[-75.06266,40.48044],[-75.06287,40.48164],[-75.06286,40.48445],[-75.06262,40.48829],[-75.06258,40.49407],[-75.0633,40.49973],[-75.06484,40.5035],[-75.06482,40.5089],[-75.06522,40.51312],[-75.06568,40.52168],[-75.06564,40.52264],[-75.06511,40.52522],[-75.0651,40.52641],[-75.06683,40.53636],[-75.06706,40.53844],[-75.0681,40.54149],[-75.06858,40.54219],[-75.0704,40.54349],[-75.07294,40.54446],[-75.07514,40.54558],[-75.07805,40.54788],[-75.08162,40.55136],[-75.08543,40.55466],[-75.08652,40.55585],[-75.09211,40.56054],[-75.09583,40.56448],[-75.09983,40.5674],[-75.10244,40.56848],[-75.10682,40.56977],[-75.10865,40.57049],[-75.11072,40.571],[-75.11417,40.57241],[-75.11639,40.57306],[-75.11916,40.57359],[-75.1226,40.57383],[-75.12811,40.57449],[-75.135,40.57566],[-75.14017,40.57537],[-75.14448,40.57405],[-75.14842,40.57202],[-75.15525,40.56715],[-75.1583,40.56518],[-75.16048,40.5644],[-75.16231,40.56419],[-75.16992,40.56415],[-75.17288,40.56442],[-75.17736,40.56554],[-75.18125,40.56672],[-75.18491,40.56831],[-75.18827,40.57055],[-75.19061,40.573],[-75.19411,40.57608],[-75.19494,40.57714],[-75.1955,40.57863],[-75.19522,40.5803],[-75.19415,40.58284],[-75.19097,40.58593],[-75.19003,40.58712],[-75.1895,40.58819],[-75.18927,40.58992],[-75.1896,40.59178],[-75.19014,40.59294],[-75.19108,40.59431],[-75.19144,40.59549],[-75.19223,40.59973],[-75.19229,40.60268],[-75.19271,40.60346],[-75.19413,40.60464],[-75.19592,40.60679],[-75.19671,40.60815],[-75.1968,40.60858],[-75.23729,40.59056],[-75.24673,40.58684],[-75.25654,40.58273],[-75.25815,40.58201],[-75.26094,40.58032],[-75.26637,40.57758],[-75.29353,40.56198],[-75.30881,40.55257],[-75.31678,40.54717],[-75.33305,40.53677],[-75.33351,40.53706],[-75.33863,40.53407],[-75.36328,40.51757],[-75.40973,40.48798],[-75.44791,40.45236],[-75.46075,40.44008],[-75.46376,40.43744],[-75.46903,40.43236],[-75.48386,40.41863],[-75.49719,40.4269],[-75.51169,40.43559],[-75.52981,40.44709],[-75.54271,40.43061],[-75.54587,40.42698],[-75.54815,40.42397],[-75.58784,40.37505],[-75.59404,40.3678],[-75.60932,40.34917],[-75.62318,40.33213],[-75.62489,40.32977],[-75.63241,40.32081],[-75.63489,40.31754],[-75.66052,40.28622],[-75.66455,40.28107],[-75.67896,40.26378],[-75.69595,40.24237],[-75.72986,40.22449],[-75.74318,40.21672],[-75.82098,40.16972],[-75.84652,40.1538],[-75.85461,40.14926],[-75.86681,40.14112],[-75.87317,40.13718],[-75.87779,40.13548],[-75.89046,40.12953],[-75.91255,40.12063],[-75.943,40.10927],[-75.94128,40.10092],[-75.93613,40.07859],[-75.93623,40.06528],[-75.93433,40.04757],[-75.93587,40.03747],[-75.96748,39.99444],[-75.9863,39.96785],[-75.9867,39.96724],[-75.98674,39.96681],[-75.98636,39.96627],[-75.98648,39.96598],[-75.98598,39.96457],[-75.98642,39.96437],[-75.98636,39.96416],[-75.98613,39.96411],[-75.98628,39.96356],[-75.9866,39.96352],[-75.9885,39.96182],[-75.98897,39.96082],[-75.98953,39.96017],[-75.98948,39.96],[-75.98986,39.95994],[-75.98989,39.95965],[-75.99043,39.95926],[-75.99036,39.959],[-75.99072,39.9586],[-75.99063,39.95796],[-75.991,39.95739],[-75.99111,39.95658],[-75.99132,39.95652],[-75.99156,39.95588],[-75.99181,39.95586],[-75.99209,39.95548],[-75.99338,39.95462],[-75.99354,39.9541],[-75.99414,39.9537],[-75.99463,39.95243],[-75.99454,39.9521],[-75.99405,39.95167],[-75.99333,39.95061],[-75.99268,39.95016],[-75.99109,39.9477],[-75.99104,39.9475],[-75.9919,39.94715],[-75.99232,39.94643],[-75.9923,39.94582],[-75.99187,39.94521],[-75.99157,39.94503],[-75.99103,39.94491],[-75.99006,39.94516],[-75.98969,39.94485],[-75.98956,39.94457],[-75.9897,39.94424],[-75.98928,39.94392],[-75.98906,39.94341],[-75.98912,39.94229],[-75.98935,39.94199],[-75.98903,39.9416],[-75.98845,39.9414],[-75.9888,39.94084],[-75.98856,39.94041],[-75.98828,39.94044],[-75.98809,39.94027],[-75.98821,39.93968],[-75.98788,39.93956],[-75.98737,39.93993],[-75.98738,39.93961],[-75.98692,39.93909],[-75.98661,39.939],[-75.98638,39.93868],[-75.98595,39.93863],[-75.98574,39.93824],[-75.98518,39.93821],[-75.98513,39.9379],[-75.98455,39.93776],[-75.98445,39.93751],[-75.98215,39.93562],[-75.98121,39.93424],[-75.98097,39.93348],[-75.98128,39.93285],[-75.98122,39.93234],[-75.98158,39.93177],[-75.98164,39.9313],[-75.98128,39.93023],[-75.98136,39.92976],[-75.9817,39.92946],[-75.98258,39.92968],[-75.98408,39.93176],[-75.98477,39.93213],[-75.98527,39.93203],[-75.98583,39.93166],[-75.98618,39.93071],[-75.98696,39.92994],[-75.99176,39.92884],[-75.99192,39.92858],[-75.99184,39.92836],[-75.99117,39.92726],[-75.9912,39.92691],[-75.99152,39.92673],[-75.9926,39.92657],[-75.99343,39.92674],[-75.99404,39.92706],[-75.99525,39.92813],[-75.99645,39.92862],[-75.99716,39.92867],[-75.99741,39.92806],[-75.9973,39.92701],[-75.99672,39.92565],[-75.99583,39.92459],[-75.99652,39.92328],[-75.99711,39.92288],[-75.9971,39.92191],[-75.99642,39.92003],[-75.99511,39.91767],[-75.99491,39.91678],[-75.99501,39.91626],[-75.99591,39.91507],[-75.9961,39.91455],[-75.99595,39.91299],[-75.99532,39.91153],[-75.99724,39.91065],[-75.99752,39.91],[-75.99721,39.90925],[-75.99669,39.90663],[-75.99613,39.90515],[-75.99621,39.90455],[-75.99599,39.90379],[-75.99549,39.90317],[-75.99449,39.90237],[-75.9949,39.90109],[-75.99479,39.89999],[-75.9951,39.89917],[-75.99501,39.8985],[-75.99456,39.8982],[-75.99353,39.899],[-75.99333,39.899],[-75.99214,39.89792],[-75.98917,39.89579],[-75.98858,39.89466],[-75.98822,39.89458],[-75.98799,39.89484],[-75.98784,39.89482],[-75.98772,39.89353],[-75.98738,39.89317],[-75.98685,39.89305],[-75.98673,39.89288],[-75.98692,39.89211],[-75.98867,39.8912],[-75.98937,39.89062],[-75.98984,39.88962],[-75.99051,39.88896],[-75.99076,39.88803],[-75.99132,39.88749],[-75.99158,39.88641],[-75.99158,39.88556],[-75.99149,39.88524],[-75.99078,39.88496],[-75.9906,39.88448],[-75.99136,39.88348],[-75.99158,39.88285],[-75.99238,39.88223],[-75.99116,39.88097],[-75.99099,39.88027],[-75.98953,39.87905],[-75.98849,39.87843],[-75.98793,39.87658],[-75.98726,39.87523],[-75.98674,39.87466],[-75.9868,39.87366],[-75.98763,39.87322],[-75.98747,39.87248],[-75.9876,39.87225],[-75.98829,39.87195],[-75.98879,39.87211],[-75.98914,39.87204],[-75.9904,39.87104],[-75.99088,39.87024],[-75.99112,39.86886],[-75.99149,39.86869],[-75.99663,39.87104],[-75.99837,39.87203],[-75.99855,39.87252],[-75.99828,39.87292],[-75.99712,39.87302],[-75.99719,39.87331],[-75.9978,39.87381],[-75.99843,39.87404],[-75.99913,39.87402],[-75.99978,39.87468],[-76.0006,39.87486],[-76.00131,39.87483],[-76.00243,39.87435],[-76.00438,39.87256],[-76.00444,39.87196],[-76.00405,39.87059],[-76.00444,39.86887],[-76.0048,39.86805],[-76.00564,39.86735],[-76.00586,39.86683],[-76.00551,39.86605],[-76.00605,39.86543],[-76.00617,39.86427],[-76.00652,39.86373],[-76.00643,39.86353],[-76.00658,39.86309],[-76.00644,39.86276],[-76.00682,39.8624],[-76.00626,39.8619],[-76.00618,39.86159],[-76.00676,39.86069],[-76.00668,39.85968],[-76.00704,39.85898],[-76.00704,39.8581],[-76.0076,39.85743],[-76.00765,39.85716],[-76.00764,39.8562],[-76.00733,39.85487],[-76.00676,39.85411],[-76.00674,39.85382],[-76.00706,39.85331],[-76.00743,39.85329],[-76.00758,39.85235],[-76.00857,39.85197],[-76.00959,39.85256],[-76.01049,39.85267],[-76.01178,39.85319],[-76.01468,39.85285],[-76.01537,39.85325],[-76.0157,39.85371],[-76.01641,39.85396],[-76.01882,39.85408],[-76.01991,39.85352],[-76.02116,39.85209],[-76.02148,39.85124],[-76.02222,39.85076],[-76.02282,39.84984],[-76.02286,39.8489],[-76.02265,39.84858],[-76.02224,39.8486],[-76.02123,39.84957],[-76.02095,39.84946],[-76.02083,39.84913],[-76.02039,39.84764],[-76.02044,39.84616],[-76.02073,39.84466],[-76.02036,39.8439],[-76.0195,39.84394],[-76.01976,39.84285],[-76.01942,39.84148],[-76.01877,39.84051],[-76.01908,39.84011],[-76.01977,39.84032],[-76.01993,39.8403],[-76.01996,39.84003],[-76.01964,39.83955],[-76.01887,39.83917],[-76.01781,39.83817],[-76.01771,39.83782],[-76.01814,39.83666],[-76.01794,39.83627],[-76.01711,39.83581],[-76.0175,39.83552],[-76.01778,39.83488],[-76.01736,39.83437],[-76.01746,39.83371],[-76.01649,39.83135],[-76.01757,39.83056],[-76.01929,39.83105],[-76.02283,39.8308],[-76.02319,39.83037],[-76.02331,39.82971],[-76.02358,39.82939],[-76.02343,39.82824],[-76.02378,39.82713],[-76.02587,39.82477],[-76.02703,39.82415],[-76.02877,39.82394],[-76.03023,39.82397],[-76.0331,39.82599],[-76.03376,39.82627],[-76.03509,39.82644],[-76.03658,39.82687],[-76.03764,39.82692],[-76.03795,39.82591],[-76.03732,39.82453],[-76.03631,39.82332],[-76.03312,39.8205],[-76.03138,39.81829],[-76.03107,39.81753],[-76.03094,39.81654],[-76.03107,39.81477],[-76.03043,39.81361],[-76.02959,39.813],[-76.02962,39.81273],[-76.03118,39.81207],[-76.03184,39.81207],[-76.0339,39.81255],[-76.03444,39.81252],[-76.03522,39.81184],[-76.03544,39.81065],[-76.03539,39.81007],[-76.03502,39.80934],[-76.03525,39.80774],[-76.03602,39.8059],[-76.03751,39.80327],[-76.0385,39.80173],[-76.03902,39.80122],[-76.04022,39.80112],[-76.04267,39.80267],[-76.04572,39.80378],[-76.04662,39.80396],[-76.04829,39.80397],[-76.04876,39.8038],[-76.04916,39.80353],[-76.04976,39.80269],[-76.04975,39.80243],[-76.04947,39.80221],[-76.04574,39.80099],[-76.04439,39.79963],[-76.04379,39.79817],[-76.04351,39.79785],[-76.04242,39.79766],[-76.04136,39.7972],[-76.04126,39.79695],[-76.04138,39.79663],[-76.04229,39.79584],[-76.04338,39.79438],[-76.04432,39.79392],[-76.04513,39.79316],[-76.0444,39.79228],[-76.04364,39.79189],[-76.04349,39.79137],[-76.04517,39.79057],[-76.04694,39.79023],[-76.04853,39.78924],[-76.04933,39.78665],[-76.04939,39.78571],[-76.04963,39.78505],[-76.04968,39.78378],[-76.05053,39.78279],[-76.05188,39.78197],[-76.05364,39.7816],[-76.05565,39.78016],[-76.0584,39.77986],[-76.06031,39.77633],[-76.06052,39.77501],[-76.06225,39.77371],[-76.06456,39.77119],[-76.06489,39.77068],[-76.06492,39.77028],[-76.06377,39.76759],[-76.06267,39.76561],[-76.06247,39.7651],[-76.0626,39.7645],[-76.0637,39.76311],[-76.06453,39.76265],[-76.06489,39.76188],[-76.06619,39.76095],[-76.06656,39.76048],[-76.06668,39.75997],[-76.06743,39.75965],[-76.06852,39.75994],[-76.06983,39.75992],[-76.07382,39.76117],[-76.07646,39.76181],[-76.07957,39.76196],[-76.08185,39.76135],[-76.0826,39.76079],[-76.0841,39.75904],[-76.08472,39.75746],[-76.0854,39.75677],[-76.08579,39.75589],[-76.08511,39.75508],[-76.08336,39.75439],[-76.0826,39.75305],[-76.08419,39.75046],[-76.08431,39.74849],[-76.08466,39.74777],[-76.08677,39.74579],[-76.08803,39.74493],[-76.09204,39.74312],[-76.09299,39.74283],[-76.09403,39.74273],[-76.09688,39.74311],[-76.09744,39.74387],[-76.09782,39.74407],[-76.09861,39.74549],[-76.09982,39.7459],[-76.10034,39.74572],[-76.10081,39.74439],[-76.10094,39.74349],[-76.10066,39.74288],[-76.10068,39.74247],[-76.10197,39.74021],[-76.10195,39.73953],[-76.10159,39.7391],[-76.10041,39.73858],[-76.09972,39.73803],[-76.0982,39.73801],[-76.09619,39.73724],[-76.09442,39.736],[-76.09294,39.73462],[-76.09259,39.73419],[-76.09251,39.7338],[-76.09638,39.72934],[-76.09989,39.72744],[-76.10092,39.72652],[-76.10169,39.72542],[-76.10168,39.7246],[-76.10201,39.72413],[-76.10451,39.72395],[-76.10619,39.72422],[-76.10655,39.72458],[-76.10796,39.72537],[-76.11092,39.72786],[-76.11118,39.72852],[-76.11089,39.72921],[-76.11033,39.72979],[-76.10994,39.73054],[-76.10915,39.73377],[-76.10875,39.73407],[-76.10844,39.73464],[-76.10856,39.73484],[-76.11096,39.73617],[-76.11386,39.73716],[-76.11536,39.7366],[-76.11642,39.73664],[-76.11723,39.73643],[-76.11922,39.73656],[-76.11992,39.73636],[-76.12043,39.73579],[-76.12064,39.73484],[-76.11978,39.73193],[-76.12049,39.73109],[-76.12048,39.73049],[-76.1191,39.72715],[-76.11835,39.72606],[-76.11823,39.72541],[-76.1183,39.72481],[-76.1191,39.7235],[-76.1204,39.7233],[-76.12249,39.7235],[-76.12347,39.72478],[-76.12454,39.72574],[-76.12471,39.72661],[-76.12497,39.72681],[-76.12534,39.72696],[-76.12663,39.72699],[-76.12762,39.72756],[-76.12872,39.72762],[-76.13001,39.72722],[-76.13404,39.72717],[-76.13645,39.72568],[-76.13667,39.72527],[-76.13632,39.72324],[-76.13548,39.72115],[-76.14374,39.72152],[-76.18471,39.72131],[-76.23328,39.72137],[-76.22928,39.70913],[-76.22428,39.7029],[-76.21268,39.6864],[-76.19548,39.6751],[-76.19308,39.6727],[-76.18658,39.66951],[-76.18397,39.66661],[-76.17357,39.66001],[-76.16841,39.65613],[-76.16176,39.64962],[-76.14747,39.61941],[-76.14383,39.61758],[-76.13597,39.61411],[-76.13567,39.61311],[-76.09323,39.56639],[-76.09013,39.56324],[-76.08801,39.56044],[-76.08597,39.55901],[-76.07627,39.54381],[-76.06987,39.53451],[-76.05887,39.51961],[-76.05047,39.50981],[-76.04494,39.50011],[-76.04413,39.49945],[-76.04266,39.49558],[-76.04198,39.49423],[-76.04036,39.48979],[-76.03923,39.48626],[-76.03824,39.48246],[-76.03685,39.47604],[-76.03582,39.46746],[-76.03586,39.46283],[-76.03606,39.46078],[-76.03696,39.45544],[-76.03841,39.44987],[-76.0402,39.44456],[-76.0429,39.43821],[-76.04546,39.43357],[-76.04886,39.42886],[-76.05343,39.42346],[-76.05525,39.4218],[-76.06257,39.41594],[-76.0664,39.41335],[-76.07195,39.40992],[-76.07691,39.407],[-76.07993,39.40551],[-76.07439,39.39894],[-76.0686,39.39327],[-76.06458,39.39001],[-76.0597,39.38649],[-76.05587,39.38411],[-76.05074,39.38134],[-76.04671,39.37976],[-76.0419,39.37819],[-76.03602,39.37689],[-76.02686,39.37562],[-76.0212,39.37528],[-76.01384,39.37527],[-76.00667,39.37575],[-76.0041,39.37625],[-76.00022,39.37665],[-75.99509,39.37611],[-75.99232,39.37535],[-75.989,39.37377],[-75.98714,39.37258],[-75.98527,39.37081],[-75.9827,39.36749],[-75.98111,39.36657],[-75.97903,39.36658],[-75.97771,39.36687],[-75.97625,39.36746],[-75.97442,39.36862],[-75.97279,39.37089],[-75.9706,39.37285],[-75.96827,39.37397],[-75.96601,39.3745],[-75.96407,39.37472],[-75.95697,39.3746],[-75.95182,39.37364],[-75.9504,39.37315],[-75.94934,39.37251],[-75.94777,39.37103],[-75.94683,39.36984],[-75.94536,39.36858],[-75.94234,39.36775],[-75.93985,39.36779],[-75.93773,39.36874],[-75.93411,39.37086],[-75.93202,39.3715],[-75.92996,39.37168],[-75.92794,39.37146],[-75.92659,39.37099],[-75.92528,39.36975],[-75.92395,39.36801],[-75.92277,39.36725],[-75.91891,39.36688],[-75.91656,39.36682],[-75.91501,39.36658],[-75.912,39.36541],[-75.90803,39.3645],[-75.90379,39.36435],[-75.90036,39.36476],[-75.89598,39.36587],[-75.89452,39.36564],[-75.89229,39.36462],[-75.88854,39.36191],[-75.88586,39.3608],[-75.8851,39.36084],[-75.88439,39.36135],[-75.88214,39.36432],[-75.88093,39.36493],[-75.87946,39.36547],[-75.87441,39.36579],[-75.87206,39.36634],[-75.86838,39.36772],[-75.86761,39.36781],[-75.86567,39.36654],[-75.86375,39.36644],[-75.86252,39.36737],[-75.86104,39.36761],[-75.85725,39.36506],[-75.85543,39.36456],[-75.85365,39.36533],[-75.85239,39.36653],[-75.84939,39.36763],[-75.8485,39.36821],[-75.8469,39.36753],[-75.84548,39.3677],[-75.8443,39.36957],[-75.84238,39.37098],[-75.83961,39.37198],[-75.83661,39.37276],[-75.83401,39.37376],[-75.83117,39.37417],[-75.83002,39.37509],[-75.83018,39.37534],[-75.82951,39.3765],[-75.82799,39.37792],[-75.82543,39.37985],[-75.82446,39.38096],[-75.82366,39.38141],[-75.81883,39.3823],[-75.81798,39.38192],[-75.81631,39.38065],[-75.81298,39.38003],[-75.80945,39.37975],[-75.80924,39.37949],[-75.80942,39.37883],[-75.8092,39.3781],[-75.8079,39.37796],[-75.80699,39.37726],[-75.80642,39.3771],[-75.80617,39.3768],[-75.80633,39.37621],[-75.80623,39.3759],[-75.8065,39.37547],[-75.8062,39.3752],[-75.80574,39.3755],[-75.80469,39.37543],[-75.80435,39.37582],[-75.80416,39.37658],[-75.80379,39.37697],[-75.80182,39.37792],[-75.8007,39.37769],[-75.80046,39.3772],[-75.7996,39.37737],[-75.79885,39.37712],[-75.79822,39.37728],[-75.79778,39.37714],[-75.79697,39.3773],[-75.79655,39.37759],[-75.79636,39.37723],[-75.79573,39.37724],[-75.79482,39.37801],[-75.79438,39.37954],[-75.7938,39.37998],[-75.79299,39.38013],[-75.79236,39.3798],[-75.79118,39.37992],[-75.7894,39.38113],[-75.78858,39.38106],[-75.78835,39.38051],[-75.78803,39.38035],[-75.78604,39.38006],[-75.78497,39.38009],[-75.78442,39.38036],[-75.78433,39.38069],[-75.78442,39.38253],[-75.78365,39.38244],[-75.78224,39.38186],[-75.7811,39.38212],[-75.78047,39.38194],[-75.78013,39.38147],[-75.77806,39.38029],[-75.777,39.38041],[-75.7763,39.38026],[-75.77631,39.37899],[-75.77504,39.37907],[-75.77425,39.37892],[-75.77351,39.37955],[-75.77269,39.37952],[-75.77133,39.37866],[-75.77039,39.37874],[-75.76947,39.37857],[-75.76933,39.37819],[-75.76853,39.37811],[-75.76836,39.37797],[-75.76806,39.37813],[-75.76777,39.37788],[-75.76754,39.37794],[-75.76659,39.37756],[-75.76007,39.29682],[-75.75,39.29747],[-75.73964,39.29787],[-75.7149,39.29937],[-75.68519,39.29709],[-75.68412,39.29608],[-75.68312,39.29458],[-75.68134,39.29317],[-75.6802,39.29247],[-75.67885,39.29269],[-75.67804,39.29248],[-75.67715,39.29157],[-75.6752,39.2905],[-75.67473,39.29042],[-75.67442,39.29084],[-75.67333,39.29103],[-75.67184,39.29084],[-75.6703,39.29089],[-75.66991,39.29125],[-75.66928,39.2914],[-75.66784,39.29098],[-75.66727,39.29042],[-75.66662,39.29028],[-75.66547,39.29066],[-75.6649,39.29057],[-75.66295,39.29131],[-75.66048,39.29167],[-75.65575,39.29158],[-75.65476,39.29115],[-75.65397,39.29137],[-75.65375,39.29165],[-75.65295,39.29195],[-75.65116,39.29159],[-75.65004,39.29234],[-75.6495,39.29299],[-75.64918,39.29315],[-75.64845,39.29543],[-75.64819,39.29577],[-75.64756,39.29594],[-75.6427,39.29911],[-75.64193,39.30089],[-75.6415,39.30116],[-75.64088,39.30122],[-75.64084,39.30145],[-75.63583,39.30135],[-75.63428,39.30171],[-75.63323,39.30123],[-75.63259,39.30127],[-75.63206,39.30171],[-75.63192,39.30209],[-75.63128,39.30212],[-75.63123,39.30271],[-75.62989,39.30276],[-75.62753,39.30444],[-75.62685,39.3045],[-75.62613,39.30413],[-75.62576,39.30415],[-75.62523,39.3048],[-75.62513,39.30558],[-75.62405,39.30638],[-75.62355,39.30696],[-75.62326,39.30803],[-75.62299,39.3084],[-75.62098,39.30889],[-75.61963,39.31006],[-75.61606,39.30973],[-75.61426,39.30831],[-75.61315,39.30835],[-75.61149,39.3093],[-75.6112,39.30933],[-75.60976,39.30876],[-75.60872,39.3089],[-75.60755,39.30822],[-75.60691,39.30805],[-75.60645,39.30818],[-75.60586,39.30905],[-75.60507,39.30963],[-75.6046,39.31064],[-75.60384,39.31118],[-75.6034,39.31105],[-75.60316,39.31063],[-75.60352,39.3093],[-75.60324,39.30886],[-75.60203,39.30811],[-75.60074,39.30796],[-75.60007,39.30811],[-75.59957,39.30844],[-75.59922,39.30974],[-75.59876,39.30991],[-75.59711,39.30955],[-75.59591,39.31006],[-75.59513,39.31],[-75.59475,39.30964],[-75.59457,39.30863],[-75.59422,39.30843],[-75.59365,39.3084],[-75.59234,39.30995],[-75.59206,39.31125],[-75.59134,39.31164],[-75.59001,39.31174],[-75.58831,39.31141],[-75.58749,39.31101],[-75.58728,39.31061],[-75.58738,39.31001],[-75.58718,39.30956],[-75.58603,39.30924],[-75.58476,39.30864],[-75.58434,39.30872],[-75.58304,39.30986],[-75.58115,39.31113],[-75.5768,39.31272],[-75.57585,39.31286],[-75.57509,39.31318],[-75.57443,39.31361],[-75.57159,39.31775],[-75.56888,39.32299],[-75.56872,39.32352],[-75.56952,39.32546],[-75.56982,39.32658],[-75.56976,39.32762],[-75.56901,39.32874],[-75.56731,39.33027],[-75.56516,39.33179],[-75.56412,39.33209],[-75.56244,39.33216],[-75.56038,39.33297],[-75.55884,39.33333],[-75.5576,39.33405],[-75.55621,39.33533],[-75.55588,39.33583],[-75.55568,39.33653],[-75.55572,39.33707],[-75.55611,39.33766],[-75.55773,39.33868],[-75.55837,39.33933],[-75.5582,39.33994],[-75.55748,39.3409],[-75.55736,39.3415],[-75.55753,39.34234],[-75.55814,39.34292],[-75.55998,39.34347],[-75.56035,39.34389],[-75.56052,39.34507],[-75.56027,39.34562],[-75.55858,39.34679],[-75.55731,39.34912],[-75.55636,39.34862],[-75.55614,39.34809],[-75.55604,39.34704],[-75.55498,39.34577],[-75.55422,39.3454],[-75.55261,39.34515],[-75.5516,39.34511],[-75.5512,39.34531],[-75.55095,39.34589],[-75.55106,39.34776],[-75.55093,39.3488],[-75.5511,39.34948],[-75.55143,39.34989],[-75.5519,39.35011],[-75.55393,39.34997],[-75.55439,39.35035],[-75.55461,39.35092],[-75.55462,39.35172],[-75.55337,39.35301],[-75.55163,39.35394],[-75.55089,39.35404],[-75.54956,39.35384],[-75.54829,39.35319],[-75.54813,39.35292],[-75.54811,39.35171],[-75.54788,39.35133],[-75.54703,39.35094],[-75.54509,39.35077],[-75.54446,39.35091],[-75.54406,39.35136],[-75.54326,39.35324],[-75.54288,39.35377],[-75.542,39.35426],[-75.54083,39.35431],[-75.54009,39.35406],[-75.53963,39.35362],[-75.53905,39.35205],[-75.53869,39.35167],[-75.5372,39.3509],[-75.53585,39.35062],[-75.53465,39.35115],[-75.53437,39.35183],[-75.53428,39.35333],[-75.53355,39.35405],[-75.53256,39.35451],[-75.53139,39.35451],[-75.52907,39.35342],[-75.52837,39.35356],[-75.52763,39.3541],[-75.52726,39.35467],[-75.52727,39.35522],[-75.52758,39.35582],[-75.52842,39.35646],[-75.5288,39.35716],[-75.52852,39.35821],[-75.52776,39.35897],[-75.52588,39.35964],[-75.52389,39.35985],[-75.52325,39.35971],[-75.52179,39.35878],[-75.52113,39.35855],[-75.52034,39.35901],[-75.51934,39.36032],[-75.5169,39.36099],[-75.51639,39.36159],[-75.51608,39.36402],[-75.51577,39.36455],[-75.51518,39.36489],[-75.51257,39.36557],[-75.51178,39.36603],[-75.48136,39.38755]]]},"properties":{"GEOID":"37980","NAME":"Philadelphia-Camden-Wilmington, PA-NJ-DE-MD Metro Area"}},{"type":"Feature","geometry":{"type":"Polygon","coordinates":[[[-73.88965,40.48651],[-73.88665,40.48979],[-73.88227,40.49521],[-73.87678,40.50113],[-73.87003,40.50249],[-73.85484,40.512],[-73.82616,40.52287],[-73.78397,40.53239],[-73.76878,40.53375],[-73.70609,40.53454],[-73.62457,40.53451],[-73.55267,40.52891],[-73.51784,40.52331],[-73.4865,40.52051],[-73.4656,40.52611],[-73.44121,40.53171],[-73.40638,40.53731],[-73.37852,40.54571],[-73.34369,40.55412],[-73.32627,40.55692],[-73.31234,40.55412],[-73.29144,40.55131],[-73.27403,40.55131],[-73.24964,40.56256],[-73.12456,40.59837],[-73.0953,40.60527],[-73.08515,40.60701],[-73.07201,40.60976],[-73.06409,40.61167],[-73.03208,40.61953],[-73.02571,40.62164],[-73.014,40.6251],[-72.87454,40.67502],[-72.82861,40.6869],[-72.74954,40.71341],[-72.62454,40.74557],[-72.39653,40.8126],[-72.37453,40.8186],[-72.24953,40.86677],[-71.99952,40.95602],[-71.97013,40.96775],[-71.93275,40.98195],[-71.9317,40.9825],[-71.92747,40.98331],[-71.91962,40.98552],[-71.90254,40.98967],[-71.89991,40.9905],[-71.89683,40.99062],[-71.88478,40.99227],[-71.87643,40.99472],[-71.87014,40.99697],[-71.86801,40.99825],[-71.86528,40.99958],[-71.86462,41.0001],[-71.83709,41.01089],[-71.80816,41.02781],[-71.79414,41.03698],[-71.78275,41.05531],[-71.77749,41.06729],[-71.77749,41.07716],[-71.77924,41.08844],[-71.78187,41.0962],[-71.79063,41.10184],[-71.79097,41.1841],[-71.85446,41.2501],[-71.85851,41.2537],[-71.87985,41.27625],[-71.90726,41.30448],[-71.92945,41.31039],[-71.99949,41.29579],[-72.01921,41.29059],[-72.08185,41.26222],[-72.14153,41.2501],[-72.24955,41.23053],[-72.5279,41.17777],[-72.80312,41.1251],[-72.99955,41.08711],[-73.18348,41.04205],[-73.2291,41.0306],[-73.2318,41.03008],[-73.24956,41.02587],[-73.27539,41.02112],[-73.37456,41.00106],[-73.37817,41.0001],[-73.38959,40.99793],[-73.61288,40.95094],[-73.65677,40.98451],[-73.65967,40.98791],[-73.65723,40.99091],[-73.65958,40.99414],[-73.65931,40.99717],[-73.66027,41.00048],[-73.65606,41.00892],[-73.65524,41.01185],[-73.65525,41.01225],[-73.65612,41.01313],[-73.6569,41.01453],[-73.65899,41.01718],[-73.66276,41.02057],[-73.67038,41.03006],[-73.67061,41.03083],[-73.67107,41.03153],[-73.67927,41.04138],[-73.68247,41.0447],[-73.68717,41.0507],[-73.68885,41.05254],[-73.69235,41.05714],[-73.69468,41.05979],[-73.70507,41.07249],[-73.71868,41.09],[-73.72338,41.09444],[-73.72777,41.1007],[-73.70553,41.11106],[-73.70354,41.11183],[-73.7007,41.11338],[-73.69605,41.11526],[-73.67642,41.12467],[-73.66497,41.13],[-73.65547,41.1342],[-73.65167,41.1361],[-73.63775,41.14232],[-73.63735,41.14263],[-73.6337,41.14408],[-73.6288,41.14643],[-73.62457,41.14831],[-73.62435,41.14826],[-73.60019,41.15915],[-73.597,41.16089],[-73.59183,41.163],[-73.536,41.18844],[-73.52334,41.19429],[-73.51399,41.19885],[-73.48841,41.21001],[-73.48684,41.21091],[-73.48269,41.21277],[-73.51295,41.2501],[-73.55096,41.29542],[-73.54988,41.30152],[-73.5496,41.30711],[-73.54948,41.31675],[-73.54909,41.32513],[-73.54709,41.34312],[-73.54512,41.36329],[-73.54343,41.37662],[-73.54247,41.39259],[-73.54147,41.40439],[-73.53789,41.43189],[-73.53633,41.44663],[-73.53557,41.46052],[-73.53497,41.4684],[-73.53404,41.47795],[-73.5325,41.50006],[-73.53007,41.52719],[-73.54868,41.52679],[-73.57978,41.52646],[-73.60603,41.52374],[-73.6228,41.52176],[-73.67479,41.51444],[-73.69266,41.51225],[-73.75962,41.50587],[-73.77255,41.50419],[-73.83404,41.49887],[-73.865,41.49554],[-73.87458,41.49507],[-73.90272,41.49231],[-73.90753,41.49098],[-73.93377,41.48828],[-73.94407,41.47786],[-73.94624,41.4754],[-73.98155,41.43901],[-73.97528,41.42899],[-73.9745,41.42798],[-73.97279,41.42459],[-73.97137,41.42283],[-73.9684,41.42016],[-73.96664,41.41743],[-73.96564,41.41549],[-73.96487,41.41311],[-73.96347,41.41135],[-73.96306,41.41034],[-73.96277,41.40912],[-73.96283,41.40648],[-73.96264,41.40476],[-73.96236,41.4037],[-73.96178,41.40282],[-73.96083,41.40171],[-73.95914,41.40044],[-73.95708,41.39978],[-73.95109,41.3989],[-73.94934,41.39816],[-73.94864,41.39758],[-73.94787,41.39648],[-73.94729,41.39476],[-73.94752,41.39332],[-73.94936,41.3902],[-73.95099,41.38682],[-73.95268,41.38007],[-73.95503,41.37655],[-73.9561,41.3744],[-73.9568,41.3722],[-73.95749,41.36948],[-73.95825,41.36728],[-73.95891,41.36424],[-73.95938,41.36104],[-73.9599,41.35231],[-73.96014,41.35122],[-73.96126,41.34854],[-73.96435,41.34427],[-73.98075,41.32542],[-74.02065,41.29675],[-74.09939,41.24113],[-74.15142,41.20374],[-74.18316,41.18084],[-74.2122,41.15927],[-74.23442,41.14306],[-74.25074,41.15017],[-74.26702,41.15772],[-74.28766,41.16653],[-74.33067,41.18546],[-74.34642,41.19273],[-74.3621,41.20042],[-74.39711,41.21872],[-74.42875,41.23442],[-74.45786,41.24843],[-74.49126,41.26347],[-74.50751,41.27153],[-74.53984,41.28673],[-74.69558,41.35761],[-74.69775,41.35575],[-74.7001,41.35465],[-74.70726,41.35322],[-74.70849,41.3528],[-74.71094,41.35153],[-74.71316,41.35068],[-74.71915,41.34796],[-74.7222,41.34705],[-74.72595,41.34619],[-74.72943,41.34583],[-74.733,41.34607],[-74.7362,41.34655],[-74.7438,41.34621],[-74.74781,41.34658],[-74.7524,41.34654],[-74.75428,41.3462],[-74.7551,41.34587],[-74.75609,41.34519],[-74.75786,41.34276],[-74.75904,41.3418],[-74.76033,41.34033],[-74.76082,41.33951],[-74.76111,41.33805],[-74.76213,41.33578],[-74.76275,41.33251],[-74.76301,41.33196],[-74.76348,41.33127],[-74.76604,41.32872],[-74.76728,41.32774],[-74.76892,41.32698],[-74.77266,41.32478],[-74.77347,41.32452],[-74.77526,41.32435],[-74.77977,41.32463],[-74.78414,41.32429],[-74.79158,41.32302],[-74.79322,41.32224],[-74.79462,41.32098],[-74.79557,41.32034],[-74.79607,41.3196],[-74.79611,41.31837],[-74.79595,41.31799],[-74.79445,41.31669],[-74.79332,41.31536],[-74.792,41.31344],[-74.79172,41.31217],[-74.79192,41.31121],[-74.79217,41.31084],[-74.79262,41.31044],[-74.79505,41.30908],[-74.80023,41.30686],[-74.80743,41.30281],[-74.80873,41.30168],[-74.81203,41.29816],[-74.81561,41.29607],[-74.81686,41.29558],[-74.82023,41.29472],[-74.82248,41.2936],[-74.82429,41.29211],[-74.82616,41.29029],[-74.82802,41.28909],[-74.83003,41.28744],[-74.83212,41.28382],[-74.83309,41.28261],[-74.83545,41.27991],[-74.83779,41.27801],[-74.83836,41.27729],[-74.83957,41.27509],[-74.8406,41.27158],[-74.84218,41.26959],[-74.84355,41.26703],[-74.84608,41.26342],[-74.84637,41.26284],[-74.84645,41.26201],[-74.84519,41.25925],[-74.84488,41.25813],[-74.84491,41.25759],[-74.84637,41.25398],[-74.84709,41.25284],[-74.84807,41.25176],[-74.84912,41.25123],[-74.85494,41.2504],[-74.85636,41.24975],[-74.85776,41.24842],[-74.8586,41.24693],[-74.86112,41.24364],[-74.86196,41.24157],[-74.86206,41.24042],[-74.86191,41.23848],[-74.86214,41.23779],[-74.86657,41.23207],[-74.8672,41.23068],[-74.86763,41.22862],[-74.86744,41.22742],[-74.86633,41.22582],[-74.86454,41.22443],[-74.86096,41.2224],[-74.86014,41.22164],[-74.85932,41.22051],[-74.85921,41.22007],[-74.85947,41.21877],[-74.86057,41.21699],[-74.86221,41.21474],[-74.86648,41.2095],[-74.86898,41.20612],[-74.87479,41.19724],[-74.8782,41.19047],[-74.87863,41.18894],[-74.87882,41.18713],[-74.87903,41.18651],[-74.88264,41.18038],[-74.88615,41.17674],[-74.88712,41.17599],[-74.88999,41.17322],[-74.89854,41.16744],[-74.89994,41.16631],[-74.90074,41.16519],[-74.90311,41.15875],[-74.90404,41.15723],[-74.90526,41.15567],[-74.9071,41.15412],[-74.91671,41.14483],[-74.92038,41.14229],[-74.92143,41.14118],[-74.92263,41.13911],[-74.92378,41.13801],[-74.93003,41.13431],[-74.93196,41.13341],[-74.93851,41.13121],[-74.94244,41.13078],[-74.94345,41.1305],[-74.9445,41.12997],[-74.94669,41.12804],[-74.94757,41.12671],[-74.94768,41.12589],[-74.94719,41.12441],[-74.94741,41.12373],[-74.94909,41.12256],[-74.95216,41.12078],[-74.95615,41.1191],[-74.95846,41.11791],[-74.9604,41.11646],[-74.96323,41.11468],[-74.9647,41.11405],[-74.96605,41.11378],[-74.96946,41.11396],[-74.97147,41.11369],[-74.97463,41.11282],[-74.97716,41.11166],[-74.97954,41.11082],[-74.98129,41.10931],[-74.982,41.10849],[-74.98295,41.1068],[-74.98396,41.10431],[-74.98713,41.09997],[-74.98887,41.09602],[-74.99139,41.09316],[-74.99169,41.09246],[-74.99202,41.0904],[-74.99182,41.08913],[-74.99101,41.08858],[-74.98955,41.08827],[-74.98826,41.08822],[-74.98478,41.08854],[-74.98302,41.08909],[-74.98131,41.08986],[-74.98025,41.09093],[-74.97689,41.09318],[-74.9753,41.09407],[-74.97204,41.09556],[-74.96943,41.09607],[-74.96847,41.09586],[-74.96746,41.09533],[-74.96691,41.09441],[-74.93889,41.06877],[-74.90189,41.03409],[-74.86039,40.99572],[-74.82269,40.96014],[-74.81541,40.95367],[-74.76942,40.91093],[-74.77068,40.9093],[-74.77204,40.90885],[-74.7735,40.90713],[-74.77619,40.90527],[-74.77702,40.90522],[-74.77831,40.90635],[-74.77866,40.90646],[-74.77909,40.90635],[-74.77935,40.9061],[-74.77936,40.90475],[-74.77988,40.90328],[-74.78271,40.90252],[-74.78375,40.90167],[-74.7842,40.90087],[-74.7852,40.90061],[-74.78698,40.89971],[-74.78715,40.89937],[-74.78701,40.89862],[-74.79051,40.89621],[-74.79062,40.8945],[-74.79048,40.89317],[-74.79165,40.89067],[-74.79263,40.88958],[-74.79491,40.88861],[-74.79726,40.88804],[-74.79944,40.88794],[-74.79981,40.88725],[-74.80008,40.88707],[-74.80233,40.8865],[-74.803,40.88596],[-74.80395,40.88571],[-74.80503,40.88429],[-74.80613,40.88372],[-74.80631,40.88232],[-74.80728,40.88183],[-74.80742,40.88137],[-74.80699,40.8801],[-74.80694,40.87788],[-74.8066,40.8769],[-74.80593,40.87623],[-74.80566,40.875],[-74.80574,40.8742],[-74.80633,40.87256],[-74.80686,40.87216],[-74.80726,40.87142],[-74.80744,40.87067],[-74.80822,40.86988],[-74.80831,40.86955],[-74.80743,40.86812],[-74.80658,40.86716],[-74.80532,40.86654],[-74.80477,40.86585],[-74.80207,40.86442],[-74.80194,40.8639],[-74.80263,40.86288],[-74.80299,40.86174],[-74.80387,40.86101],[-74.80445,40.86138],[-74.8053,40.8609],[-74.80768,40.8611],[-74.80839,40.86039],[-74.8093,40.86018],[-74.80935,40.85943],[-74.80973,40.85832],[-74.8093,40.85734],[-74.80924,40.85672],[-74.80943,40.85622],[-74.81012,40.85562],[-74.81,40.85437],[-74.81411,40.85122],[-74.81492,40.8509],[-74.81699,40.85095],[-74.81764,40.85064],[-74.81872,40.84979],[-74.82083,40.84965],[-74.82138,40.84945],[-74.8216,40.84913],[-74.8215,40.84894],[-74.82182,40.84803],[-74.82179,40.84725],[-74.82228,40.84535],[-74.82255,40.84499],[-74.82368,40.84443],[-74.82382,40.84379],[-74.82226,40.84234],[-74.82113,40.84185],[-74.81965,40.84089],[-74.81955,40.84025],[-74.81994,40.83949],[-74.81866,40.83847],[-74.81843,40.83702],[-74.81853,40.83662],[-74.81938,40.83587],[-74.82085,40.8358],[-74.82104,40.83528],[-74.82139,40.83506],[-74.82352,40.83437],[-74.82607,40.83229],[-74.82659,40.83217],[-74.82706,40.83233],[-74.82761,40.83219],[-74.82783,40.83199],[-74.828,40.83142],[-74.83021,40.82933],[-74.83138,40.82881],[-74.83202,40.82689],[-74.8318,40.82661],[-74.83088,40.82623],[-74.83014,40.82571],[-74.82991,40.82532],[-74.83019,40.82476],[-74.83124,40.82408],[-74.83205,40.82403],[-74.83477,40.82202],[-74.83503,40.82152],[-74.83509,40.82069],[-74.83482,40.81981],[-74.83506,40.81914],[-74.83566,40.81858],[-74.83765,40.81727],[-74.83879,40.81685],[-74.8401,40.81579],[-74.84102,40.81474],[-74.84111,40.81443],[-74.84091,40.81387],[-74.84176,40.81318],[-74.84203,40.81225],[-74.84247,40.81164],[-74.84329,40.81116],[-74.84472,40.81082],[-74.8468,40.81087],[-74.84687,40.81074],[-74.84651,40.81014],[-74.84679,40.80915],[-74.84649,40.80891],[-74.84647,40.80824],[-74.84744,40.80792],[-74.84899,40.80564],[-74.8497,40.80502],[-74.85026,40.80417],[-74.85143,40.80349],[-74.85204,40.80339],[-74.85487,40.8042],[-74.85559,40.80382],[-74.85891,40.80133],[-74.85999,40.80102],[-74.86036,40.80113],[-74.86116,40.80289],[-74.86159,40.80328],[-74.86259,40.80352],[-74.86306,40.80329],[-74.86439,40.80316],[-74.86538,40.80252],[-74.86584,40.8019],[-74.86553,40.8008],[-74.86628,40.79957],[-74.86638,40.79874],[-74.86696,40.79682],[-74.8673,40.79642],[-74.86927,40.7951],[-74.87009,40.79474],[-74.87093,40.79481],[-74.87177,40.79453],[-74.87357,40.79469],[-74.87423,40.79426],[-74.8761,40.79357],[-74.87654,40.79323],[-74.87728,40.79215],[-74.87943,40.79095],[-74.88114,40.79072],[-74.8821,40.79116],[-74.88365,40.79148],[-74.88433,40.79139],[-74.88538,40.79098],[-74.88923,40.78883],[-74.88971,40.78781],[-74.89167,40.78697],[-74.89286,40.78624],[-74.89446,40.78512],[-74.89553,40.78399],[-74.89706,40.78369],[-74.89863,40.78309],[-74.8998,40.78291],[-74.90416,40.78103],[-74.90462,40.78056],[-74.90459,40.78015],[-74.90305,40.77786],[-74.90244,40.77727],[-74.90247,40.77702],[-74.9033,40.77639],[-74.9035,40.7759],[-74.90331,40.77469],[-74.90349,40.77341],[-74.90272,40.77184],[-74.90313,40.77139],[-74.90486,40.77091],[-74.90572,40.77045],[-74.9077,40.76878],[-74.90882,40.76851],[-74.91315,40.76673],[-74.91381,40.76529],[-74.91503,40.7645],[-74.91525,40.76373],[-74.91523,40.76244],[-74.91551,40.76196],[-74.91615,40.76153],[-74.9169,40.7613],[-74.91866,40.75929],[-74.92098,40.75811],[-74.92264,40.75665],[-74.92359,40.75631],[-74.92485,40.75615],[-74.92694,40.75494],[-74.92726,40.75457],[-74.92813,40.75227],[-74.92852,40.75203],[-74.92907,40.75222],[-74.92963,40.75208],[-74.93106,40.75098],[-74.93105,40.75],[-74.93074,40.74935],[-74.9308,40.74904],[-74.93134,40.74856],[-74.93228,40.74809],[-74.93409,40.74796],[-74.93444,40.74735],[-74.93456,40.74645],[-74.93474,40.74618],[-74.93575,40.74533],[-74.93663,40.74483],[-74.93705,40.74388],[-74.9383,40.74293],[-74.94043,40.74091],[-74.94103,40.73883],[-74.94163,40.73834],[-74.94307,40.7379],[-74.94392,40.7367],[-74.94652,40.73481],[-74.94801,40.73299],[-74.94848,40.73187],[-74.9492,40.73119],[-74.94987,40.72997],[-74.95173,40.72774],[-74.95462,40.72651],[-74.95755,40.72579],[-74.95832,40.72543],[-74.95884,40.72484],[-74.95922,40.7238],[-74.96019,40.72281],[-74.96232,40.72149],[-74.96351,40.72047],[-74.96401,40.71971],[-74.96422,40.71893],[-74.96533,40.71753],[-74.96525,40.71638],[-74.96537,40.71606],[-74.96712,40.71374],[-74.96805,40.71132],[-74.96845,40.71075],[-74.96964,40.71005],[-74.97063,40.70977],[-74.97343,40.71007],[-74.9752,40.71066],[-74.97859,40.71096],[-74.97957,40.7108],[-74.98023,40.71025],[-74.98059,40.7071],[-74.98141,40.7059],[-74.98237,40.70548],[-74.98508,40.70505],[-74.99033,40.70339],[-74.99146,40.7029],[-74.99513,40.70054],[-74.99604,40.7001],[-74.9978,40.69831],[-75.00024,40.69645],[-75.00161,40.69456],[-75.00245,40.69383],[-75.00384,40.69304],[-75.00455,40.69285],[-75.00693,40.69293],[-75.00851,40.69394],[-75.00976,40.69519],[-75.01059,40.69489],[-75.01181,40.69359],[-75.01264,40.693],[-75.01341,40.69278],[-75.01412,40.69278],[-75.01465,40.69296],[-75.01601,40.69431],[-75.01683,40.6946],[-75.0173,40.69457],[-75.01804,40.69404],[-75.01816,40.69382],[-75.01811,40.69317],[-75.0192,40.69206],[-75.02187,40.69232],[-75.02246,40.69223],[-75.02318,40.69095],[-75.02441,40.69023],[-75.02811,40.68727],[-75.03201,40.68489],[-75.03304,40.68395],[-75.03403,40.68357],[-75.03577,40.68381],[-75.03672,40.68376],[-75.03766,40.68363],[-75.03873,40.68318],[-75.03938,40.68268],[-75.03973,40.68201],[-75.04038,40.68128],[-75.04151,40.68047],[-75.04222,40.67957],[-75.04322,40.67894],[-75.04405,40.67872],[-75.04482,40.67872],[-75.0475,40.67968],[-75.04884,40.67964],[-75.0515,40.67777],[-75.05192,40.67718],[-75.05285,40.67633],[-75.0548,40.67634],[-75.05695,40.67524],[-75.0589,40.6738],[-75.05972,40.67344],[-75.0602,40.67303],[-75.06114,40.67154],[-75.0615,40.6706],[-75.06238,40.66952],[-75.06378,40.66903],[-75.06791,40.66879],[-75.06856,40.66834],[-75.06916,40.66738],[-75.06972,40.66693],[-75.07096,40.66649],[-75.07342,40.66611],[-75.07516,40.66505],[-75.07721,40.66332],[-75.07876,40.66126],[-75.07926,40.65964],[-75.08074,40.65842],[-75.08238,40.65755],[-75.0848,40.65706],[-75.08709,40.65599],[-75.08942,40.65517],[-75.09001,40.65465],[-75.08964,40.65422],[-75.08969,40.65386],[-75.09125,40.65281],[-75.09203,40.65156],[-75.09356,40.64992],[-75.09626,40.64797],[-75.09818,40.64762],[-75.10108,40.64661],[-75.10179,40.64597],[-75.10304,40.64534],[-75.10552,40.64491],[-75.10826,40.64251],[-75.10872,40.64242],[-75.10939,40.64178],[-75.10849,40.6409],[-75.10841,40.63961],[-75.10942,40.63941],[-75.11015,40.63881],[-75.11134,40.63821],[-75.11461,40.63705],[-75.12096,40.63615],[-75.12749,40.63444],[-75.12918,40.63373],[-75.12971,40.63329],[-75.12991,40.6327],[-75.13029,40.63236],[-75.13612,40.63021],[-75.14368,40.62945],[-75.14567,40.6288],[-75.14656,40.62807],[-75.14703,40.62734],[-75.14757,40.62699],[-75.148,40.6263],[-75.14819,40.62557],[-75.14767,40.62409],[-75.14761,40.62334],[-75.14777,40.62262],[-75.14907,40.62097],[-75.14967,40.6205],[-75.15156,40.62068],[-75.15304,40.62171],[-75.15442,40.62169],[-75.15582,40.62081],[-75.15635,40.62004],[-75.15677,40.61972],[-75.1612,40.6182],[-75.16208,40.61756],[-75.16231,40.61701],[-75.16158,40.61637],[-75.16145,40.61503],[-75.16178,40.61421],[-75.16277,40.61262],[-75.16288,40.61113],[-75.16336,40.61082],[-75.16549,40.61059],[-75.16658,40.60856],[-75.1678,40.60716],[-75.16904,40.60629],[-75.17117,40.60565],[-75.17254,40.60489],[-75.17369,40.6032],[-75.17405,40.60177],[-75.17471,40.60037],[-75.17497,40.5988],[-75.17568,40.59848],[-75.17751,40.59821],[-75.17816,40.59794],[-75.1797,40.59798],[-75.18015,40.59781],[-75.18094,40.59712],[-75.18134,40.59624],[-75.18131,40.59543],[-75.18084,40.59455],[-75.18103,40.59418],[-75.18195,40.59389],[-75.18372,40.59378],[-75.18416,40.59352],[-75.18438,40.59306],[-75.18526,40.59231],[-75.18603,40.59234],[-75.18768,40.59282],[-75.18883,40.59234],[-75.1896,40.59178],[-75.18927,40.58992],[-75.18936,40.58873],[-75.18969,40.58767],[-75.19097,40.58593],[-75.19415,40.58284],[-75.19522,40.5803],[-75.19549,40.57896],[-75.1955,40.57863],[-75.19494,40.57714],[-75.19411,40.57608],[-75.19061,40.573],[-75.18827,40.57055],[-75.18579,40.56884],[-75.18491,40.56831],[-75.18125,40.56672],[-75.17588,40.56515],[-75.17162,40.56422],[-75.16231,40.56419],[-75.16048,40.5644],[-75.15904,40.56485],[-75.15643,40.56634],[-75.14842,40.57202],[-75.14448,40.57405],[-75.14017,40.57537],[-75.135,40.57566],[-75.12739,40.57439],[-75.1226,40.57383],[-75.11916,40.57359],[-75.11554,40.57286],[-75.11072,40.571],[-75.10865,40.57049],[-75.10682,40.56977],[-75.10244,40.56848],[-75.09983,40.5674],[-75.09583,40.56448],[-75.09211,40.56054],[-75.08652,40.55585],[-75.08543,40.55466],[-75.08162,40.55136],[-75.07805,40.54788],[-75.07514,40.54558],[-75.07294,40.54446],[-75.0704,40.54349],[-75.06858,40.54219],[-75.0681,40.54149],[-75.06706,40.53844],[-75.06683,40.53636],[-75.0651,40.52641],[-75.06511,40.52522],[-75.06564,40.52264],[-75.06568,40.52168],[-75.06522,40.51312],[-75.06482,40.5089],[-75.06484,40.5035],[-75.0633,40.49973],[-75.06258,40.49407],[-75.06262,40.48829],[-75.06286,40.48445],[-75.06287,40.48164],[-75.06266,40.48044],[-75.0633,40.47894],[-75.06479,40.47648],[-75.06612,40.47496],[-75.0671,40.47432],[-75.06771,40.47367],[-75.06792,40.47291],[-75.06802,40.47138],[-75.06766,40.4685],[-75.06745,40.4675],[-75.06706,40.4666],[-75.06702,40.46531],[-75.06817,40.46216],[-75.07028,40.45877],[-75.07068,40.45679],[-75.07033,40.45543],[-75.06872,40.4515],[-75.0677,40.44967],[-75.06722,40.4483],[-75.06634,40.44667],[-75.06595,40.44527],[-75.06557,40.44184],[-75.06467,40.43995],[-75.06416,40.43816],[-75.06438,40.4364],[-75.06309,40.43331],[-75.06239,40.4306],[-75.0622,40.42942],[-75.06208,40.42504],[-75.06116,40.42226],[-75.06006,40.42032],[-75.05858,40.41819],[-75.05762,40.41734],[-75.05702,40.41701],[-75.05532,40.41624],[-75.0525,40.41533],[-75.04728,40.41434],[-75.04553,40.41368],[-75.0442,40.41278],[-75.04231,40.411],[-75.0355,40.40744],[-75.03491,40.40639],[-75.03443,40.40607],[-75.03178,40.40481],[-75.02863,40.40397],[-75.02571,40.40348],[-75.02303,40.40369],[-75.00744,40.4076],[-75.00405,40.40752],[-75.00235,40.40831],[-75.0,40.40978],[-74.99811,40.41029],[-74.99586,40.41038],[-74.99387,40.41013],[-74.99164,40.40958],[-74.98841,40.40849],[-74.98612,40.40699],[-74.98424,40.40529],[-74.98313,40.4046],[-74.97806,40.40229],[-74.97358,40.40077],[-74.96942,40.39964],[-74.96697,40.39848],[-74.96496,40.39657],[-74.96378,40.39484],[-74.96307,40.39335],[-74.96148,40.38894],[-74.95848,40.38398],[-74.95578,40.38003],[-74.95425,40.37678],[-74.95334,40.37428],[-74.95208,40.37178],[-74.9516,40.37045],[-74.9489,40.36506],[-74.94712,40.36021],[-74.94583,40.35507],[-74.94535,40.3521],[-74.94536,40.34877],[-74.94452,40.34506],[-74.94404,40.34371],[-74.94291,40.34168],[-74.93228,40.33943],[-74.85626,40.3467],[-74.86968,40.37777],[-74.83036,40.38208],[-74.80202,40.38497],[-74.80505,40.40056],[-74.80847,40.41666],[-74.74815,40.42416],[-74.73873,40.40662],[-74.73379,40.39677],[-74.72206,40.3752],[-74.71816,40.37678],[-74.71406,40.3775],[-74.71235,40.37812],[-74.71097,40.37817],[-74.70778,40.37938],[-74.70596,40.3794],[-74.70095,40.38062],[-74.69745,40.38089],[-74.69296,40.38152],[-74.68804,40.38256],[-74.67424,40.38434],[-74.67267,40.38486],[-74.671,40.38593],[-74.66057,40.38894],[-74.65393,40.39105],[-74.63152,40.38637],[-74.62252,40.3843],[-74.62136,40.3836],[-74.61837,40.38022],[-74.61784,40.37924],[-74.61751,40.37746],[-74.61914,40.37513],[-74.6198,40.3745],[-74.6206,40.37323],[-74.62094,40.37111],[-74.62313,40.36794],[-74.625,40.36376],[-74.62559,40.3609],[-74.62583,40.3564],[-74.62828,40.34599],[-74.62891,40.34499],[-74.63047,40.34407],[-74.63016,40.34259],[-74.63104,40.34028],[-74.63084,40.33981],[-74.62889,40.33847],[-74.62816,40.33767],[-74.6254,40.33603],[-74.62318,40.3343],[-74.62302,40.33195],[-74.62376,40.33057],[-74.62411,40.33025],[-74.62386,40.32994],[-74.62438,40.32932],[-74.62447,40.32884],[-74.62364,40.32903],[-74.62236,40.32824],[-74.62265,40.32531],[-74.62218,40.3245],[-74.62063,40.32417],[-74.62023,40.32425],[-74.61959,40.32468],[-74.61788,40.32501],[-74.61585,40.32494],[-74.614,40.32459],[-74.61362,40.32417],[-74.6128,40.3239],[-74.61265,40.32356],[-74.61187,40.32353],[-74.61174,40.32319],[-74.61136,40.32295],[-74.61081,40.32307],[-74.61045,40.32296],[-74.6101,40.32316],[-74.60978,40.32249],[-74.60924,40.32226],[-74.60778,40.32206],[-74.60753,40.32159],[-74.60654,40.32111],[-74.60574,40.32161],[-74.60342,40.32144],[-74.60311,40.32115],[-74.60335,40.32047],[-74.60282,40.32036],[-74.60258,40.31997],[-74.60276,40.3192],[-74.60326,40.31896],[-74.60329,40.31865],[-74.6021,40.31813],[-74.60173,40.3173],[-74.60124,40.31729],[-74.60096,40.31711],[-74.60102,40.31674],[-74.60022,40.31544],[-74.59776,40.31456],[-74.59686,40.31456],[-74.59567,40.31507],[-74.5961,40.31547],[-74.59569,40.31546],[-74.59515,40.31582],[-74.59441,40.3158],[-74.59415,40.31597],[-74.59382,40.31579],[-74.5935,40.31587],[-74.59302,40.31558],[-74.59287,40.31537],[-74.59292,40.31496],[-74.59164,40.31465],[-74.58994,40.31467],[-74.589,40.31376],[-74.58756,40.31364],[-74.58707,40.31312],[-74.58671,40.31316],[-74.58648,40.31357],[-74.58559,40.31324],[-74.58539,40.31298],[-74.58577,40.31284],[-74.58565,40.3125],[-74.585,40.31242],[-74.58493,40.31223],[-74.58455,40.31208],[-74.58452,40.31181],[-74.58407,40.31187],[-74.58412,40.31156],[-74.58394,40.31123],[-74.58461,40.31106],[-74.58491,40.31038],[-74.58444,40.30993],[-74.5839,40.30987],[-74.58395,40.30947],[-74.58443,40.30912],[-74.58396,40.30889],[-74.58407,40.30818],[-74.58351,40.30795],[-74.58345,40.30736],[-74.5836,40.3069],[-74.58322,40.30676],[-74.5826,40.30693],[-74.58245,40.30663],[-74.58297,40.30645],[-74.58288,40.30608],[-74.58245,40.30629],[-74.58198,40.30578],[-74.58174,40.30577],[-74.58138,40.30604],[-74.58087,40.30586],[-74.5809,40.30546],[-74.58053,40.30528],[-74.58037,40.30478],[-74.58011,40.30456],[-74.58042,40.30428],[-74.58028,40.30414],[-74.57945,40.3038],[-74.57871,40.30398],[-74.57842,40.30359],[-74.57808,40.30348],[-74.57789,40.30364],[-74.57809,40.30409],[-74.57785,40.30423],[-74.57732,40.3043],[-74.57574,40.30407],[-74.57507,40.30352],[-74.57552,40.30324],[-74.57551,40.30291],[-74.57479,40.3024],[-74.57355,40.30093],[-74.57327,40.3009],[-74.57289,40.3012],[-74.57223,40.30097],[-74.57158,40.30023],[-74.57043,40.30011],[-74.57058,40.29983],[-74.57046,40.29957],[-74.56985,40.29995],[-74.56962,40.29987],[-74.56947,40.29958],[-74.56802,40.3],[-74.56755,40.29992],[-74.56701,40.29968],[-74.56678,40.29927],[-74.56628,40.29895],[-74.56603,40.29854],[-74.56612,40.29798],[-74.56482,40.29697],[-74.56418,40.29691],[-74.56427,40.2974],[-74.56378,40.29738],[-74.56261,40.29683],[-74.56239,40.29631],[-74.56134,40.29651],[-74.56095,40.29603],[-74.55959,40.29602],[-74.55897,40.29587],[-74.55882,40.29561],[-74.5589,40.29508],[-74.5584,40.29506],[-74.55865,40.29476],[-74.55873,40.29424],[-74.55816,40.29335],[-74.55801,40.2926],[-74.55752,40.29256],[-74.55758,40.2921],[-74.55707,40.29222],[-74.5567,40.29166],[-74.55626,40.29185],[-74.55668,40.29228],[-74.55671,40.29254],[-74.55603,40.29253],[-74.55512,40.29208],[-74.55559,40.29187],[-74.55545,40.29149],[-74.55501,40.29172],[-74.55485,40.29128],[-74.55445,40.29139],[-74.55352,40.29089],[-74.55319,40.29119],[-74.55271,40.29122],[-74.55179,40.29058],[-74.55122,40.29047],[-74.5511,40.29063],[-74.55132,40.29085],[-74.55077,40.29087],[-74.55051,40.29114],[-74.54998,40.29095],[-74.54926,40.29093],[-74.54877,40.29109],[-74.54667,40.29116],[-74.54572,40.29166],[-74.54514,40.29232],[-74.54459,40.29241],[-74.54427,40.29211],[-74.54219,40.29174],[-74.54219,40.29104],[-74.54201,40.29047],[-74.54183,40.29039],[-74.54154,40.29065],[-74.54145,40.29039],[-74.54157,40.29],[-74.54089,40.28942],[-74.54057,40.28879],[-74.53992,40.28833],[-74.53976,40.28872],[-74.53922,40.28868],[-74.53864,40.28897],[-74.53807,40.28904],[-74.53808,40.28923],[-74.53841,40.28938],[-74.53831,40.28961],[-74.5366,40.28947],[-74.53535,40.29079],[-74.53473,40.29108],[-74.53464,40.29141],[-74.53377,40.29196],[-74.53368,40.29224],[-74.53435,40.29237],[-74.53434,40.29267],[-74.53395,40.29296],[-74.53348,40.29308],[-74.53228,40.29295],[-74.53188,40.29326],[-74.53226,40.29349],[-74.53204,40.29369],[-74.53134,40.29376],[-74.53082,40.29407],[-74.53053,40.29387],[-74.52934,40.29426],[-74.52814,40.2943],[-74.5272,40.2938],[-74.52652,40.29277],[-74.52585,40.29311],[-74.52588,40.29288],[-74.52456,40.29229],[-74.52421,40.29185],[-74.52406,40.29107],[-74.52374,40.29073],[-74.5224,40.29051],[-74.52157,40.29003],[-74.52146,40.2896],[-74.52166,40.2893],[-74.52169,40.28881],[-74.52322,40.28701],[-74.52318,40.28599],[-74.52287,40.28561],[-74.52213,40.28557],[-74.52219,40.28577],[-74.52245,40.28587],[-74.52207,40.28619],[-74.52032,40.28673],[-74.51996,40.28703],[-74.51937,40.28702],[-74.5185,40.2865],[-74.51768,40.28668],[-74.51741,40.28652],[-74.5149,40.28716],[-74.51407,40.28638],[-74.51319,40.28624],[-74.51274,40.28593],[-74.51246,40.28564],[-74.5126,40.28534],[-74.5125,40.28504],[-74.51175,40.28493],[-74.51177,40.28455],[-74.51144,40.28394],[-74.51123,40.28305],[-74.50987,40.2832],[-74.50895,40.28273],[-74.50852,40.28224],[-74.50882,40.28168],[-74.50821,40.28175],[-74.50699,40.28149],[-74.50706,40.2811],[-74.50672,40.28036],[-74.50466,40.28071],[-74.50402,40.28054],[-74.50393,40.28014],[-74.50352,40.28036],[-74.50305,40.28012],[-74.50309,40.27983],[-74.5026,40.2795],[-74.50229,40.27954],[-74.50205,40.2798],[-74.50163,40.27951],[-74.50124,40.27961],[-74.50129,40.27984],[-74.50058,40.2804],[-74.50021,40.28037],[-74.50017,40.28013],[-74.49893,40.27998],[-74.49869,40.28014],[-74.4989,40.28045],[-74.49782,40.28068],[-74.49762,40.28053],[-74.49729,40.27977],[-74.49635,40.27929],[-74.49619,40.27893],[-74.49592,40.27877],[-74.49517,40.2787],[-74.49473,40.27888],[-74.49425,40.27866],[-74.49399,40.27832],[-74.49363,40.2784],[-74.49336,40.27817],[-74.49261,40.27824],[-74.49177,40.27769],[-74.49064,40.27766],[-74.49025,40.27736],[-74.4893,40.27724],[-74.4884,40.27661],[-74.48783,40.27551],[-74.48687,40.27501],[-74.48544,40.27471],[-74.48381,40.27462],[-74.48257,40.27418],[-74.48277,40.27396],[-74.48266,40.27377],[-74.48198,40.2739],[-74.48188,40.27325],[-74.48218,40.27279],[-74.48496,40.25333],[-74.48629,40.25334],[-74.48741,40.25313],[-74.48732,40.25184],[-74.48679,40.25098],[-74.48624,40.24954],[-74.48566,40.24882],[-74.48367,40.24809],[-74.48337,40.24751],[-74.4818,40.24594],[-74.4811,40.24392],[-74.48148,40.24289],[-74.54327,40.21669],[-74.54559,40.21465],[-74.54606,40.21403],[-74.54677,40.21265],[-74.54878,40.20739],[-74.5507,40.20608],[-74.55717,40.19976],[-74.55962,40.19557],[-74.56224,40.19029],[-74.56391,40.18891],[-74.56504,40.18822],[-74.56831,40.18685],[-74.57124,40.18529],[-74.57239,40.18639],[-74.57429,40.18704],[-74.57465,40.18685],[-74.57625,40.18675],[-74.57763,40.18618],[-74.57903,40.18593],[-74.58083,40.18515],[-74.58166,40.18522],[-74.58184,40.18506],[-74.58243,40.18509],[-74.58269,40.18487],[-74.58364,40.18479],[-74.5841,40.18444],[-74.58507,40.18426],[-74.58574,40.18389],[-74.58603,40.18406],[-74.58681,40.18376],[-74.58841,40.18247],[-74.58885,40.18229],[-74.5891,40.18161],[-74.59368,40.17942],[-74.59547,40.17982],[-74.59709,40.18614],[-74.59964,40.18679],[-74.61458,40.18238],[-74.60929,40.17201],[-74.60903,40.17239],[-74.60403,40.16542],[-74.59748,40.1542],[-74.58734,40.13742],[-74.58659,40.13646],[-74.58574,40.13468],[-74.57951,40.12354],[-74.56566,40.10045],[-74.53981,40.05675],[-74.53305,40.04525],[-74.52869,40.03745],[-74.50648,39.99144],[-74.47151,39.92492],[-74.43422,39.85516],[-74.42941,39.8454],[-74.41657,39.82208],[-74.41514,39.81975],[-74.41178,39.81338],[-74.38971,39.77328],[-74.3904,39.59604],[-74.39111,39.59535],[-74.3923,39.59456],[-74.3942,39.59035],[-74.39412,39.58963],[-74.39451,39.58912],[-74.39486,39.58905],[-74.39506,39.58867],[-74.39497,39.58829],[-74.39519,39.58823],[-74.39535,39.58793],[-74.39519,39.58759],[-74.39537,39.58742],[-74.39531,39.58718],[-74.39557,39.58695],[-74.39555,39.58666],[-74.39607,39.58628],[-74.39611,39.58571],[-74.39637,39.5852],[-74.39629,39.58487],[-74.39669,39.58456],[-74.39659,39.58362],[-74.39688,39.58316],[-74.39688,39.58229],[-74.3977,39.58134],[-74.39781,39.58049],[-74.39755,39.57984],[-74.39768,39.57767],[-74.39819,39.57647],[-74.39901,39.57584],[-74.39912,39.57518],[-74.39987,39.57401],[-74.39997,39.57362],[-74.40052,39.57332],[-74.40082,39.57224],[-74.40145,39.57201],[-74.40315,39.57178],[-74.40421,39.5701],[-74.40547,39.5695],[-74.40666,39.56929],[-74.40844,39.56943],[-74.40892,39.5696],[-74.40987,39.57086],[-74.41039,39.57102],[-74.41273,39.57022],[-74.41331,39.57018],[-74.41525,39.57054],[-74.41599,39.57046],[-74.41904,39.56837],[-74.41909,39.56783],[-74.41833,39.56701],[-74.41779,39.56527],[-74.4171,39.56411],[-74.41597,39.56355],[-74.41471,39.56324],[-74.4141,39.5624],[-74.41414,39.56161],[-74.4144,39.56098],[-74.41518,39.56017],[-74.4166,39.55921],[-74.41739,39.55725],[-74.41623,39.55623],[-74.41589,39.55516],[-74.41675,39.55232],[-74.41666,39.55054],[-74.41623,39.5498],[-74.41533,39.54917],[-74.41049,39.54785],[-74.40981,39.54742],[-74.40782,39.54417],[-74.40593,39.54248],[-74.40386,39.5409],[-74.40243,39.53911],[-74.39994,39.53468],[-74.3808,39.49854],[-74.37098,39.50038],[-74.36097,39.50203],[-74.35587,39.50497],[-74.35421,39.50557],[-74.34791,39.50579],[-74.34289,39.50649],[-74.33689,39.5069],[-74.32638,39.50633],[-74.32477,39.50597],[-74.32318,39.5054],[-74.32196,39.50514],[-74.31941,39.50364],[-74.31646,39.50234],[-74.31261,39.50012],[-74.29646,39.47529],[-74.23206,39.4752],[-74.21274,39.50012],[-74.21118,39.50012],[-74.18319,39.53299],[-74.12458,39.61514],[-74.1164,39.62512],[-74.09653,39.64995],[-74.08332,39.66956],[-74.07069,39.69125],[-74.06219,39.70704],[-74.04949,39.72378],[-74.04386,39.73635],[-74.03816,39.75012],[-74.03462,39.76243],[-74.03308,39.77002],[-74.03048,39.78668],[-74.02766,39.8065],[-74.02479,39.82959],[-74.02234,39.85576],[-74.0199,39.87512],[-73.99958,39.9768],[-73.99268,40.00012],[-73.98918,40.01332],[-73.98603,40.02113],[-73.97329,40.07514],[-73.97037,40.08077],[-73.96614,40.09058],[-73.96508,40.10089],[-73.96627,40.1086],[-73.96528,40.11295],[-73.96274,40.11991],[-73.96051,40.12511],[-73.94688,40.15438],[-73.93321,40.19021],[-73.93253,40.19229],[-73.90686,40.25011],[-73.89821,40.27435],[-73.89079,40.31069],[-73.88708,40.34501],[-73.88675,40.37511],[-73.88675,40.42423],[-73.88506,40.45278],[-73.88675,40.47589],[-73.88843,40.48405],[-73.88965,40.48651]]]},"properties":{"GEOID":"35620","NAME":"New York-Newark-Jersey City, NY-NJ Metro Area"}}]}